ISO-10303-21;
HEADER;
FILE_DESCRIPTION(('Open CASCADE Model'),'2;1');
FILE_NAME('QFN-20-1EP_3.5x3.5mm_P0.5mm_EP2x2mm','2026-09-29T11:37:13',(
    'Author'),('Open CASCADE'),'Open CASCADE STEP processor 8.0',
  'build123d','Unknown');
FILE_SCHEMA(('AUTOMOTIVE_DESIGN { 1 0 10303 214 1 1 1 1 }'));
ENDSEC;
DATA;
#1 = APPLICATION_PROTOCOL_DEFINITION('international standard',
  'automotive_design',2000,#2);
#2 = APPLICATION_CONTEXT(
  'core data for automotive mechanical design processes');
#3 = SHAPE_DEFINITION_REPRESENTATION(#4,#10);
#4 = PRODUCT_DEFINITION_SHAPE('','',#5);
#5 = PRODUCT_DEFINITION('design','',#6,#9);
#6 = PRODUCT_DEFINITION_FORMATION('','',#7);
#7 = PRODUCT('QFN-20-1EP_3.5x3.5mm_P0.5mm_EP2x2mm',
  'QFN-20-1EP_3.5x3.5mm_P0.5mm_EP2x2mm','',(#8));
#8 = PRODUCT_CONTEXT('',#2,'mechanical');
#9 = PRODUCT_DEFINITION_CONTEXT('part definition',#2,'design');
#10 = SHAPE_REPRESENTATION('',(#11,#15,#19,#23),#27);
#11 = AXIS2_PLACEMENT_3D('',#12,#13,#14);
#12 = CARTESIAN_POINT('',(0.,0.,0.));
#13 = DIRECTION('',(0.,0.,1.));
#14 = DIRECTION('',(1.,0.,-0.));
#15 = AXIS2_PLACEMENT_3D('',#16,#17,#18);
#16 = CARTESIAN_POINT('',(0.,0.,0.));
#17 = DIRECTION('',(0.,0.,1.));
#18 = DIRECTION('',(1.,0.,-0.));
#19 = AXIS2_PLACEMENT_3D('',#20,#21,#22);
#20 = CARTESIAN_POINT('',(0.,0.,0.));
#21 = DIRECTION('',(0.,0.,1.));
#22 = DIRECTION('',(1.,0.,-0.));
#23 = AXIS2_PLACEMENT_3D('',#24,#25,#26);
#24 = CARTESIAN_POINT('',(-1.2,1.2,0.9));
#25 = DIRECTION('',(0.,0.,1.));
#26 = DIRECTION('',(1.,0.,-0.));
#27 = ( GEOMETRIC_REPRESENTATION_CONTEXT(3) 
GLOBAL_UNCERTAINTY_ASSIGNED_CONTEXT((#31)) GLOBAL_UNIT_ASSIGNED_CONTEXT(
(#28,#29,#30)) REPRESENTATION_CONTEXT('Context #1',
  '3D Context with UNIT and UNCERTAINTY') );
#28 = ( LENGTH_UNIT() NAMED_UNIT(*) SI_UNIT(.MILLI.,.METRE.) );
#29 = ( NAMED_UNIT(*) PLANE_ANGLE_UNIT() SI_UNIT($,.RADIAN.) );
#30 = ( NAMED_UNIT(*) SI_UNIT($,.STERADIAN.) SOLID_ANGLE_UNIT() );
#31 = UNCERTAINTY_MEASURE_WITH_UNIT(LENGTH_MEASURE(1.E-07),#28,
  'distance_accuracy_value','confusion accuracy');
#32 = PRODUCT_RELATED_PRODUCT_CATEGORY('part',$,(#7));
#33 = SHAPE_DEFINITION_REPRESENTATION(#34,#40);
#34 = PRODUCT_DEFINITION_SHAPE('','',#35);
#35 = PRODUCT_DEFINITION('design','',#36,#39);
#36 = PRODUCT_DEFINITION_FORMATION('','',#37);
#37 = PRODUCT('body','body','',(#38));
#38 = PRODUCT_CONTEXT('',#2,'mechanical');
#39 = PRODUCT_DEFINITION_CONTEXT('part definition',#2,'design');
#40 = ADVANCED_BREP_SHAPE_REPRESENTATION('',(#11,#41),#6805);
#41 = MANIFOLD_SOLID_BREP('',#42);
#42 = CLOSED_SHELL('',(#43,#698,#774,#1358,#3193,#3242,#3291,#3318,#3367
    ,#3416,#3443,#3492,#3541,#3568,#3617,#3666,#3693,#3742,#3791,#3818,
    #4210,#4582,#4631,#4680,#4707,#4756,#4805,#4832,#4881,#4930,#4957,
    #5006,#5055,#5082,#5131,#5180,#5207,#5256,#5263,#5312,#5339,#5388,
    #5395,#5444,#5471,#5520,#5527,#5576,#5603,#5652,#5659,#5708,#5735,
    #5784,#5791,#5840,#5867,#5916,#5923,#5972,#5999,#6048,#6055,#6104,
    #6131,#6180,#6187,#6236,#6263,#6312,#6319,#6368,#6395,#6444,#6451,
    #6500,#6527,#6603,#6652,#6701,#6728,#6735,#6742,#6749,#6756,#6763,
    #6770,#6777,#6784,#6791,#6798));
#43 = ADVANCED_FACE('',(#44),#58,.F.);
#44 = FACE_BOUND('',#45,.F.);
#45 = EDGE_LOOP('',(#46,#81,#109,#137,#165,#193,#221,#244,#272,#300,#328
    ,#351,#379,#407,#435,#458,#486,#514,#542,#565,#593,#621,#649,#672));
#46 = ORIENTED_EDGE('',*,*,#47,.F.);
#47 = EDGE_CURVE('',#48,#50,#52,.T.);
#48 = VERTEX_POINT('',#49);
#49 = CARTESIAN_POINT('',(-1.75,-1.75,0.9));
#50 = VERTEX_POINT('',#51);
#51 = CARTESIAN_POINT('',(-1.75,1.75,0.9));
#52 = SURFACE_CURVE('',#53,(#57,#69),.PCURVE_S1.);
#53 = LINE('',#54,#55);
#54 = CARTESIAN_POINT('',(-1.75,-1.75,0.9));
#55 = VECTOR('',#56,1.);
#56 = DIRECTION('',(-0.,1.,0.));
#57 = PCURVE('',#58,#63);
#58 = PLANE('',#59);
#59 = AXIS2_PLACEMENT_3D('',#60,#61,#62);
#60 = CARTESIAN_POINT('',(-1.75,-1.75,2.E-02));
#61 = DIRECTION('',(1.,0.,-0.));
#62 = DIRECTION('',(0.,0.,1.));
#63 = DEFINITIONAL_REPRESENTATION('',(#64),#68);
#64 = LINE('',#65,#66);
#65 = CARTESIAN_POINT('',(0.88,0.));
#66 = VECTOR('',#67,1.);
#67 = DIRECTION('',(0.,-1.));
#68 = ( GEOMETRIC_REPRESENTATION_CONTEXT(2) 
PARAMETRIC_REPRESENTATION_CONTEXT() REPRESENTATION_CONTEXT('2D SPACE',''
  ) );
#69 = PCURVE('',#70,#75);
#70 = PLANE('',#71);
#71 = AXIS2_PLACEMENT_3D('',#72,#73,#74);
#72 = CARTESIAN_POINT('',(-1.75,-1.75,0.9));
#73 = DIRECTION('',(0.,0.,1.));
#74 = DIRECTION('',(1.,0.,-0.));
#75 = DEFINITIONAL_REPRESENTATION('',(#76),#80);
#76 = LINE('',#77,#78);
#77 = CARTESIAN_POINT('',(0.,0.));
#78 = VECTOR('',#79,1.);
#79 = DIRECTION('',(0.,1.));
#80 = ( GEOMETRIC_REPRESENTATION_CONTEXT(2) 
PARAMETRIC_REPRESENTATION_CONTEXT() REPRESENTATION_CONTEXT('2D SPACE',''
  ) );
#81 = ORIENTED_EDGE('',*,*,#82,.F.);
#82 = EDGE_CURVE('',#83,#48,#85,.T.);
#83 = VERTEX_POINT('',#84);
#84 = CARTESIAN_POINT('',(-1.75,-1.75,2.E-02));
#85 = SURFACE_CURVE('',#86,(#90,#97),.PCURVE_S1.);
#86 = LINE('',#87,#88);
#87 = CARTESIAN_POINT('',(-1.75,-1.75,2.E-02));
#88 = VECTOR('',#89,1.);
#89 = DIRECTION('',(0.,0.,1.));
#90 = PCURVE('',#58,#91);
#91 = DEFINITIONAL_REPRESENTATION('',(#92),#96);
#92 = LINE('',#93,#94);
#93 = CARTESIAN_POINT('',(0.,0.));
#94 = VECTOR('',#95,1.);
#95 = DIRECTION('',(1.,0.));
#96 = ( GEOMETRIC_REPRESENTATION_CONTEXT(2) 
PARAMETRIC_REPRESENTATION_CONTEXT() REPRESENTATION_CONTEXT('2D SPACE',''
  ) );
#97 = PCURVE('',#98,#103);
#98 = PLANE('',#99);
#99 = AXIS2_PLACEMENT_3D('',#100,#101,#102);
#100 = CARTESIAN_POINT('',(-1.75,-1.75,2.E-02));
#101 = DIRECTION('',(-0.,1.,0.));
#102 = DIRECTION('',(0.,0.,1.));
#103 = DEFINITIONAL_REPRESENTATION('',(#104),#108);
#104 = LINE('',#105,#106);
#105 = CARTESIAN_POINT('',(0.,0.));
#106 = VECTOR('',#107,1.);
#107 = DIRECTION('',(1.,0.));
#108 = ( GEOMETRIC_REPRESENTATION_CONTEXT(2) 
PARAMETRIC_REPRESENTATION_CONTEXT() REPRESENTATION_CONTEXT('2D SPACE',''
  ) );
#109 = ORIENTED_EDGE('',*,*,#110,.T.);
#110 = EDGE_CURVE('',#83,#111,#113,.T.);
#111 = VERTEX_POINT('',#112);
#112 = CARTESIAN_POINT('',(-1.75,-1.125,2.E-02));
#113 = SURFACE_CURVE('',#114,(#118,#125),.PCURVE_S1.);
#114 = LINE('',#115,#116);
#115 = CARTESIAN_POINT('',(-1.75,-1.75,2.E-02));
#116 = VECTOR('',#117,1.);
#117 = DIRECTION('',(-0.,1.,0.));
#118 = PCURVE('',#58,#119);
#119 = DEFINITIONAL_REPRESENTATION('',(#120),#124);
#120 = LINE('',#121,#122);
#121 = CARTESIAN_POINT('',(0.,0.));
#122 = VECTOR('',#123,1.);
#123 = DIRECTION('',(0.,-1.));
#124 = ( GEOMETRIC_REPRESENTATION_CONTEXT(2) 
PARAMETRIC_REPRESENTATION_CONTEXT() REPRESENTATION_CONTEXT('2D SPACE',''
  ) );
#125 = PCURVE('',#126,#131);
#126 = PLANE('',#127);
#127 = AXIS2_PLACEMENT_3D('',#128,#129,#130);
#128 = CARTESIAN_POINT('',(-1.75,-1.75,2.E-02));
#129 = DIRECTION('',(0.,0.,1.));
#130 = DIRECTION('',(1.,0.,-0.));
#131 = DEFINITIONAL_REPRESENTATION('',(#132),#136);
#132 = LINE('',#133,#134);
#133 = CARTESIAN_POINT('',(0.,0.));
#134 = VECTOR('',#135,1.);
#135 = DIRECTION('',(0.,1.));
#136 = ( GEOMETRIC_REPRESENTATION_CONTEXT(2) 
PARAMETRIC_REPRESENTATION_CONTEXT() REPRESENTATION_CONTEXT('2D SPACE',''
  ) );
#137 = ORIENTED_EDGE('',*,*,#138,.T.);
#138 = EDGE_CURVE('',#111,#139,#141,.T.);
#139 = VERTEX_POINT('',#140);
#140 = CARTESIAN_POINT('',(-1.75,-1.125,0.2));
#141 = SURFACE_CURVE('',#142,(#146,#153),.PCURVE_S1.);
#142 = LINE('',#143,#144);
#143 = CARTESIAN_POINT('',(-1.75,-1.125,0.));
#144 = VECTOR('',#145,1.);
#145 = DIRECTION('',(0.,0.,1.));
#146 = PCURVE('',#58,#147);
#147 = DEFINITIONAL_REPRESENTATION('',(#148),#152);
#148 = LINE('',#149,#150);
#149 = CARTESIAN_POINT('',(-2.E-02,-0.625));
#150 = VECTOR('',#151,1.);
#151 = DIRECTION('',(1.,0.));
#152 = ( GEOMETRIC_REPRESENTATION_CONTEXT(2) 
PARAMETRIC_REPRESENTATION_CONTEXT() REPRESENTATION_CONTEXT('2D SPACE',''
  ) );
#153 = PCURVE('',#154,#159);
#154 = PLANE('',#155);
#155 = AXIS2_PLACEMENT_3D('',#156,#157,#158);
#156 = CARTESIAN_POINT('',(-1.75,-1.125,0.));
#157 = DIRECTION('',(-0.,1.,0.));
#158 = DIRECTION('',(0.,0.,1.));
#159 = DEFINITIONAL_REPRESENTATION('',(#160),#164);
#160 = LINE('',#161,#162);
#161 = CARTESIAN_POINT('',(0.,0.));
#162 = VECTOR('',#163,1.);
#163 = DIRECTION('',(1.,0.));
#164 = ( GEOMETRIC_REPRESENTATION_CONTEXT(2) 
PARAMETRIC_REPRESENTATION_CONTEXT() REPRESENTATION_CONTEXT('2D SPACE',''
  ) );
#165 = ORIENTED_EDGE('',*,*,#166,.T.);
#166 = EDGE_CURVE('',#139,#167,#169,.T.);
#167 = VERTEX_POINT('',#168);
#168 = CARTESIAN_POINT('',(-1.75,-0.875,0.2));
#169 = SURFACE_CURVE('',#170,(#174,#181),.PCURVE_S1.);
#170 = LINE('',#171,#172);
#171 = CARTESIAN_POINT('',(-1.75,-1.125,0.2));
#172 = VECTOR('',#173,1.);
#173 = DIRECTION('',(-0.,1.,0.));
#174 = PCURVE('',#58,#175);
#175 = DEFINITIONAL_REPRESENTATION('',(#176),#180);
#176 = LINE('',#177,#178);
#177 = CARTESIAN_POINT('',(0.18,-0.625));
#178 = VECTOR('',#179,1.);
#179 = DIRECTION('',(0.,-1.));
#180 = ( GEOMETRIC_REPRESENTATION_CONTEXT(2) 
PARAMETRIC_REPRESENTATION_CONTEXT() REPRESENTATION_CONTEXT('2D SPACE',''
  ) );
#181 = PCURVE('',#182,#187);
#182 = PLANE('',#183);
#183 = AXIS2_PLACEMENT_3D('',#184,#185,#186);
#184 = CARTESIAN_POINT('',(-1.75,-1.125,0.2));
#185 = DIRECTION('',(0.,0.,1.));
#186 = DIRECTION('',(1.,0.,-0.));
#187 = DEFINITIONAL_REPRESENTATION('',(#188),#192);
#188 = LINE('',#189,#190);
#189 = CARTESIAN_POINT('',(0.,0.));
#190 = VECTOR('',#191,1.);
#191 = DIRECTION('',(0.,1.));
#192 = ( GEOMETRIC_REPRESENTATION_CONTEXT(2) 
PARAMETRIC_REPRESENTATION_CONTEXT() REPRESENTATION_CONTEXT('2D SPACE',''
  ) );
#193 = ORIENTED_EDGE('',*,*,#194,.F.);
#194 = EDGE_CURVE('',#195,#167,#197,.T.);
#195 = VERTEX_POINT('',#196);
#196 = CARTESIAN_POINT('',(-1.75,-0.875,2.E-02));
#197 = SURFACE_CURVE('',#198,(#202,#209),.PCURVE_S1.);
#198 = LINE('',#199,#200);
#199 = CARTESIAN_POINT('',(-1.75,-0.875,0.));
#200 = VECTOR('',#201,1.);
#201 = DIRECTION('',(0.,0.,1.));
#202 = PCURVE('',#58,#203);
#203 = DEFINITIONAL_REPRESENTATION('',(#204),#208);
#204 = LINE('',#205,#206);
#205 = CARTESIAN_POINT('',(-2.E-02,-0.875));
#206 = VECTOR('',#207,1.);
#207 = DIRECTION('',(1.,0.));
#208 = ( GEOMETRIC_REPRESENTATION_CONTEXT(2) 
PARAMETRIC_REPRESENTATION_CONTEXT() REPRESENTATION_CONTEXT('2D SPACE',''
  ) );
#209 = PCURVE('',#210,#215);
#210 = PLANE('',#211);
#211 = AXIS2_PLACEMENT_3D('',#212,#213,#214);
#212 = CARTESIAN_POINT('',(-1.75,-0.875,0.));
#213 = DIRECTION('',(-0.,1.,0.));
#214 = DIRECTION('',(0.,0.,1.));
#215 = DEFINITIONAL_REPRESENTATION('',(#216),#220);
#216 = LINE('',#217,#218);
#217 = CARTESIAN_POINT('',(0.,0.));
#218 = VECTOR('',#219,1.);
#219 = DIRECTION('',(1.,0.));
#220 = ( GEOMETRIC_REPRESENTATION_CONTEXT(2) 
PARAMETRIC_REPRESENTATION_CONTEXT() REPRESENTATION_CONTEXT('2D SPACE',''
  ) );
#221 = ORIENTED_EDGE('',*,*,#222,.T.);
#222 = EDGE_CURVE('',#195,#223,#225,.T.);
#223 = VERTEX_POINT('',#224);
#224 = CARTESIAN_POINT('',(-1.75,-0.625,2.E-02));
#225 = SURFACE_CURVE('',#226,(#230,#237),.PCURVE_S1.);
#226 = LINE('',#227,#228);
#227 = CARTESIAN_POINT('',(-1.75,-1.75,2.E-02));
#228 = VECTOR('',#229,1.);
#229 = DIRECTION('',(-0.,1.,0.));
#230 = PCURVE('',#58,#231);
#231 = DEFINITIONAL_REPRESENTATION('',(#232),#236);
#232 = LINE('',#233,#234);
#233 = CARTESIAN_POINT('',(0.,0.));
#234 = VECTOR('',#235,1.);
#235 = DIRECTION('',(0.,-1.));
#236 = ( GEOMETRIC_REPRESENTATION_CONTEXT(2) 
PARAMETRIC_REPRESENTATION_CONTEXT() REPRESENTATION_CONTEXT('2D SPACE',''
  ) );
#237 = PCURVE('',#126,#238);
#238 = DEFINITIONAL_REPRESENTATION('',(#239),#243);
#239 = LINE('',#240,#241);
#240 = CARTESIAN_POINT('',(0.,0.));
#241 = VECTOR('',#242,1.);
#242 = DIRECTION('',(0.,1.));
#243 = ( GEOMETRIC_REPRESENTATION_CONTEXT(2) 
PARAMETRIC_REPRESENTATION_CONTEXT() REPRESENTATION_CONTEXT('2D SPACE',''
  ) );
#244 = ORIENTED_EDGE('',*,*,#245,.T.);
#245 = EDGE_CURVE('',#223,#246,#248,.T.);
#246 = VERTEX_POINT('',#247);
#247 = CARTESIAN_POINT('',(-1.75,-0.625,0.2));
#248 = SURFACE_CURVE('',#249,(#253,#260),.PCURVE_S1.);
#249 = LINE('',#250,#251);
#250 = CARTESIAN_POINT('',(-1.75,-0.625,0.));
#251 = VECTOR('',#252,1.);
#252 = DIRECTION('',(0.,0.,1.));
#253 = PCURVE('',#58,#254);
#254 = DEFINITIONAL_REPRESENTATION('',(#255),#259);
#255 = LINE('',#256,#257);
#256 = CARTESIAN_POINT('',(-2.E-02,-1.125));
#257 = VECTOR('',#258,1.);
#258 = DIRECTION('',(1.,0.));
#259 = ( GEOMETRIC_REPRESENTATION_CONTEXT(2) 
PARAMETRIC_REPRESENTATION_CONTEXT() REPRESENTATION_CONTEXT('2D SPACE',''
  ) );
#260 = PCURVE('',#261,#266);
#261 = PLANE('',#262);
#262 = AXIS2_PLACEMENT_3D('',#263,#264,#265);
#263 = CARTESIAN_POINT('',(-1.75,-0.625,0.));
#264 = DIRECTION('',(-0.,1.,0.));
#265 = DIRECTION('',(0.,0.,1.));
#266 = DEFINITIONAL_REPRESENTATION('',(#267),#271);
#267 = LINE('',#268,#269);
#268 = CARTESIAN_POINT('',(0.,0.));
#269 = VECTOR('',#270,1.);
#270 = DIRECTION('',(1.,0.));
#271 = ( GEOMETRIC_REPRESENTATION_CONTEXT(2) 
PARAMETRIC_REPRESENTATION_CONTEXT() REPRESENTATION_CONTEXT('2D SPACE',''
  ) );
#272 = ORIENTED_EDGE('',*,*,#273,.T.);
#273 = EDGE_CURVE('',#246,#274,#276,.T.);
#274 = VERTEX_POINT('',#275);
#275 = CARTESIAN_POINT('',(-1.75,-0.375,0.2));
#276 = SURFACE_CURVE('',#277,(#281,#288),.PCURVE_S1.);
#277 = LINE('',#278,#279);
#278 = CARTESIAN_POINT('',(-1.75,-0.625,0.2));
#279 = VECTOR('',#280,1.);
#280 = DIRECTION('',(-0.,1.,0.));
#281 = PCURVE('',#58,#282);
#282 = DEFINITIONAL_REPRESENTATION('',(#283),#287);
#283 = LINE('',#284,#285);
#284 = CARTESIAN_POINT('',(0.18,-1.125));
#285 = VECTOR('',#286,1.);
#286 = DIRECTION('',(0.,-1.));
#287 = ( GEOMETRIC_REPRESENTATION_CONTEXT(2) 
PARAMETRIC_REPRESENTATION_CONTEXT() REPRESENTATION_CONTEXT('2D SPACE',''
  ) );
#288 = PCURVE('',#289,#294);
#289 = PLANE('',#290);
#290 = AXIS2_PLACEMENT_3D('',#291,#292,#293);
#291 = CARTESIAN_POINT('',(-1.75,-0.625,0.2));
#292 = DIRECTION('',(0.,0.,1.));
#293 = DIRECTION('',(1.,0.,-0.));
#294 = DEFINITIONAL_REPRESENTATION('',(#295),#299);
#295 = LINE('',#296,#297);
#296 = CARTESIAN_POINT('',(0.,0.));
#297 = VECTOR('',#298,1.);
#298 = DIRECTION('',(0.,1.));
#299 = ( GEOMETRIC_REPRESENTATION_CONTEXT(2) 
PARAMETRIC_REPRESENTATION_CONTEXT() REPRESENTATION_CONTEXT('2D SPACE',''
  ) );
#300 = ORIENTED_EDGE('',*,*,#301,.F.);
#301 = EDGE_CURVE('',#302,#274,#304,.T.);
#302 = VERTEX_POINT('',#303);
#303 = CARTESIAN_POINT('',(-1.75,-0.375,2.E-02));
#304 = SURFACE_CURVE('',#305,(#309,#316),.PCURVE_S1.);
#305 = LINE('',#306,#307);
#306 = CARTESIAN_POINT('',(-1.75,-0.375,0.));
#307 = VECTOR('',#308,1.);
#308 = DIRECTION('',(0.,0.,1.));
#309 = PCURVE('',#58,#310);
#310 = DEFINITIONAL_REPRESENTATION('',(#311),#315);
#311 = LINE('',#312,#313);
#312 = CARTESIAN_POINT('',(-2.E-02,-1.375));
#313 = VECTOR('',#314,1.);
#314 = DIRECTION('',(1.,0.));
#315 = ( GEOMETRIC_REPRESENTATION_CONTEXT(2) 
PARAMETRIC_REPRESENTATION_CONTEXT() REPRESENTATION_CONTEXT('2D SPACE',''
  ) );
#316 = PCURVE('',#317,#322);
#317 = PLANE('',#318);
#318 = AXIS2_PLACEMENT_3D('',#319,#320,#321);
#319 = CARTESIAN_POINT('',(-1.75,-0.375,0.));
#320 = DIRECTION('',(-0.,1.,0.));
#321 = DIRECTION('',(0.,0.,1.));
#322 = DEFINITIONAL_REPRESENTATION('',(#323),#327);
#323 = LINE('',#324,#325);
#324 = CARTESIAN_POINT('',(0.,0.));
#325 = VECTOR('',#326,1.);
#326 = DIRECTION('',(1.,0.));
#327 = ( GEOMETRIC_REPRESENTATION_CONTEXT(2) 
PARAMETRIC_REPRESENTATION_CONTEXT() REPRESENTATION_CONTEXT('2D SPACE',''
  ) );
#328 = ORIENTED_EDGE('',*,*,#329,.T.);
#329 = EDGE_CURVE('',#302,#330,#332,.T.);
#330 = VERTEX_POINT('',#331);
#331 = CARTESIAN_POINT('',(-1.75,-0.125,2.E-02));
#332 = SURFACE_CURVE('',#333,(#337,#344),.PCURVE_S1.);
#333 = LINE('',#334,#335);
#334 = CARTESIAN_POINT('',(-1.75,-1.75,2.E-02));
#335 = VECTOR('',#336,1.);
#336 = DIRECTION('',(-0.,1.,0.));
#337 = PCURVE('',#58,#338);
#338 = DEFINITIONAL_REPRESENTATION('',(#339),#343);
#339 = LINE('',#340,#341);
#340 = CARTESIAN_POINT('',(0.,0.));
#341 = VECTOR('',#342,1.);
#342 = DIRECTION('',(0.,-1.));
#343 = ( GEOMETRIC_REPRESENTATION_CONTEXT(2) 
PARAMETRIC_REPRESENTATION_CONTEXT() REPRESENTATION_CONTEXT('2D SPACE',''
  ) );
#344 = PCURVE('',#126,#345);
#345 = DEFINITIONAL_REPRESENTATION('',(#346),#350);
#346 = LINE('',#347,#348);
#347 = CARTESIAN_POINT('',(0.,0.));
#348 = VECTOR('',#349,1.);
#349 = DIRECTION('',(0.,1.));
#350 = ( GEOMETRIC_REPRESENTATION_CONTEXT(2) 
PARAMETRIC_REPRESENTATION_CONTEXT() REPRESENTATION_CONTEXT('2D SPACE',''
  ) );
#351 = ORIENTED_EDGE('',*,*,#352,.T.);
#352 = EDGE_CURVE('',#330,#353,#355,.T.);
#353 = VERTEX_POINT('',#354);
#354 = CARTESIAN_POINT('',(-1.75,-0.125,0.2));
#355 = SURFACE_CURVE('',#356,(#360,#367),.PCURVE_S1.);
#356 = LINE('',#357,#358);
#357 = CARTESIAN_POINT('',(-1.75,-0.125,0.));
#358 = VECTOR('',#359,1.);
#359 = DIRECTION('',(0.,0.,1.));
#360 = PCURVE('',#58,#361);
#361 = DEFINITIONAL_REPRESENTATION('',(#362),#366);
#362 = LINE('',#363,#364);
#363 = CARTESIAN_POINT('',(-2.E-02,-1.625));
#364 = VECTOR('',#365,1.);
#365 = DIRECTION('',(1.,0.));
#366 = ( GEOMETRIC_REPRESENTATION_CONTEXT(2) 
PARAMETRIC_REPRESENTATION_CONTEXT() REPRESENTATION_CONTEXT('2D SPACE',''
  ) );
#367 = PCURVE('',#368,#373);
#368 = PLANE('',#369);
#369 = AXIS2_PLACEMENT_3D('',#370,#371,#372);
#370 = CARTESIAN_POINT('',(-1.75,-0.125,0.));
#371 = DIRECTION('',(-0.,1.,0.));
#372 = DIRECTION('',(0.,0.,1.));
#373 = DEFINITIONAL_REPRESENTATION('',(#374),#378);
#374 = LINE('',#375,#376);
#375 = CARTESIAN_POINT('',(0.,0.));
#376 = VECTOR('',#377,1.);
#377 = DIRECTION('',(1.,0.));
#378 = ( GEOMETRIC_REPRESENTATION_CONTEXT(2) 
PARAMETRIC_REPRESENTATION_CONTEXT() REPRESENTATION_CONTEXT('2D SPACE',''
  ) );
#379 = ORIENTED_EDGE('',*,*,#380,.T.);
#380 = EDGE_CURVE('',#353,#381,#383,.T.);
#381 = VERTEX_POINT('',#382);
#382 = CARTESIAN_POINT('',(-1.75,0.125,0.2));
#383 = SURFACE_CURVE('',#384,(#388,#395),.PCURVE_S1.);
#384 = LINE('',#385,#386);
#385 = CARTESIAN_POINT('',(-1.75,-0.125,0.2));
#386 = VECTOR('',#387,1.);
#387 = DIRECTION('',(-0.,1.,0.));
#388 = PCURVE('',#58,#389);
#389 = DEFINITIONAL_REPRESENTATION('',(#390),#394);
#390 = LINE('',#391,#392);
#391 = CARTESIAN_POINT('',(0.18,-1.625));
#392 = VECTOR('',#393,1.);
#393 = DIRECTION('',(0.,-1.));
#394 = ( GEOMETRIC_REPRESENTATION_CONTEXT(2) 
PARAMETRIC_REPRESENTATION_CONTEXT() REPRESENTATION_CONTEXT('2D SPACE',''
  ) );
#395 = PCURVE('',#396,#401);
#396 = PLANE('',#397);
#397 = AXIS2_PLACEMENT_3D('',#398,#399,#400);
#398 = CARTESIAN_POINT('',(-1.75,-0.125,0.2));
#399 = DIRECTION('',(0.,0.,1.));
#400 = DIRECTION('',(1.,0.,-0.));
#401 = DEFINITIONAL_REPRESENTATION('',(#402),#406);
#402 = LINE('',#403,#404);
#403 = CARTESIAN_POINT('',(0.,0.));
#404 = VECTOR('',#405,1.);
#405 = DIRECTION('',(0.,1.));
#406 = ( GEOMETRIC_REPRESENTATION_CONTEXT(2) 
PARAMETRIC_REPRESENTATION_CONTEXT() REPRESENTATION_CONTEXT('2D SPACE',''
  ) );
#407 = ORIENTED_EDGE('',*,*,#408,.F.);
#408 = EDGE_CURVE('',#409,#381,#411,.T.);
#409 = VERTEX_POINT('',#410);
#410 = CARTESIAN_POINT('',(-1.75,0.125,2.E-02));
#411 = SURFACE_CURVE('',#412,(#416,#423),.PCURVE_S1.);
#412 = LINE('',#413,#414);
#413 = CARTESIAN_POINT('',(-1.75,0.125,0.));
#414 = VECTOR('',#415,1.);
#415 = DIRECTION('',(0.,0.,1.));
#416 = PCURVE('',#58,#417);
#417 = DEFINITIONAL_REPRESENTATION('',(#418),#422);
#418 = LINE('',#419,#420);
#419 = CARTESIAN_POINT('',(-2.E-02,-1.875));
#420 = VECTOR('',#421,1.);
#421 = DIRECTION('',(1.,0.));
#422 = ( GEOMETRIC_REPRESENTATION_CONTEXT(2) 
PARAMETRIC_REPRESENTATION_CONTEXT() REPRESENTATION_CONTEXT('2D SPACE',''
  ) );
#423 = PCURVE('',#424,#429);
#424 = PLANE('',#425);
#425 = AXIS2_PLACEMENT_3D('',#426,#427,#428);
#426 = CARTESIAN_POINT('',(-1.75,0.125,0.));
#427 = DIRECTION('',(-0.,1.,0.));
#428 = DIRECTION('',(0.,0.,1.));
#429 = DEFINITIONAL_REPRESENTATION('',(#430),#434);
#430 = LINE('',#431,#432);
#431 = CARTESIAN_POINT('',(0.,0.));
#432 = VECTOR('',#433,1.);
#433 = DIRECTION('',(1.,0.));
#434 = ( GEOMETRIC_REPRESENTATION_CONTEXT(2) 
PARAMETRIC_REPRESENTATION_CONTEXT() REPRESENTATION_CONTEXT('2D SPACE',''
  ) );
#435 = ORIENTED_EDGE('',*,*,#436,.T.);
#436 = EDGE_CURVE('',#409,#437,#439,.T.);
#437 = VERTEX_POINT('',#438);
#438 = CARTESIAN_POINT('',(-1.75,0.375,2.E-02));
#439 = SURFACE_CURVE('',#440,(#444,#451),.PCURVE_S1.);
#440 = LINE('',#441,#442);
#441 = CARTESIAN_POINT('',(-1.75,-1.75,2.E-02));
#442 = VECTOR('',#443,1.);
#443 = DIRECTION('',(-0.,1.,0.));
#444 = PCURVE('',#58,#445);
#445 = DEFINITIONAL_REPRESENTATION('',(#446),#450);
#446 = LINE('',#447,#448);
#447 = CARTESIAN_POINT('',(0.,0.));
#448 = VECTOR('',#449,1.);
#449 = DIRECTION('',(0.,-1.));
#450 = ( GEOMETRIC_REPRESENTATION_CONTEXT(2) 
PARAMETRIC_REPRESENTATION_CONTEXT() REPRESENTATION_CONTEXT('2D SPACE',''
  ) );
#451 = PCURVE('',#126,#452);
#452 = DEFINITIONAL_REPRESENTATION('',(#453),#457);
#453 = LINE('',#454,#455);
#454 = CARTESIAN_POINT('',(0.,0.));
#455 = VECTOR('',#456,1.);
#456 = DIRECTION('',(0.,1.));
#457 = ( GEOMETRIC_REPRESENTATION_CONTEXT(2) 
PARAMETRIC_REPRESENTATION_CONTEXT() REPRESENTATION_CONTEXT('2D SPACE',''
  ) );
#458 = ORIENTED_EDGE('',*,*,#459,.T.);
#459 = EDGE_CURVE('',#437,#460,#462,.T.);
#460 = VERTEX_POINT('',#461);
#461 = CARTESIAN_POINT('',(-1.75,0.375,0.2));
#462 = SURFACE_CURVE('',#463,(#467,#474),.PCURVE_S1.);
#463 = LINE('',#464,#465);
#464 = CARTESIAN_POINT('',(-1.75,0.375,0.));
#465 = VECTOR('',#466,1.);
#466 = DIRECTION('',(0.,0.,1.));
#467 = PCURVE('',#58,#468);
#468 = DEFINITIONAL_REPRESENTATION('',(#469),#473);
#469 = LINE('',#470,#471);
#470 = CARTESIAN_POINT('',(-2.E-02,-2.125));
#471 = VECTOR('',#472,1.);
#472 = DIRECTION('',(1.,0.));
#473 = ( GEOMETRIC_REPRESENTATION_CONTEXT(2) 
PARAMETRIC_REPRESENTATION_CONTEXT() REPRESENTATION_CONTEXT('2D SPACE',''
  ) );
#474 = PCURVE('',#475,#480);
#475 = PLANE('',#476);
#476 = AXIS2_PLACEMENT_3D('',#477,#478,#479);
#477 = CARTESIAN_POINT('',(-1.75,0.375,0.));
#478 = DIRECTION('',(-0.,1.,0.));
#479 = DIRECTION('',(0.,0.,1.));
#480 = DEFINITIONAL_REPRESENTATION('',(#481),#485);
#481 = LINE('',#482,#483);
#482 = CARTESIAN_POINT('',(0.,0.));
#483 = VECTOR('',#484,1.);
#484 = DIRECTION('',(1.,0.));
#485 = ( GEOMETRIC_REPRESENTATION_CONTEXT(2) 
PARAMETRIC_REPRESENTATION_CONTEXT() REPRESENTATION_CONTEXT('2D SPACE',''
  ) );
#486 = ORIENTED_EDGE('',*,*,#487,.T.);
#487 = EDGE_CURVE('',#460,#488,#490,.T.);
#488 = VERTEX_POINT('',#489);
#489 = CARTESIAN_POINT('',(-1.75,0.625,0.2));
#490 = SURFACE_CURVE('',#491,(#495,#502),.PCURVE_S1.);
#491 = LINE('',#492,#493);
#492 = CARTESIAN_POINT('',(-1.75,0.375,0.2));
#493 = VECTOR('',#494,1.);
#494 = DIRECTION('',(-0.,1.,0.));
#495 = PCURVE('',#58,#496);
#496 = DEFINITIONAL_REPRESENTATION('',(#497),#501);
#497 = LINE('',#498,#499);
#498 = CARTESIAN_POINT('',(0.18,-2.125));
#499 = VECTOR('',#500,1.);
#500 = DIRECTION('',(0.,-1.));
#501 = ( GEOMETRIC_REPRESENTATION_CONTEXT(2) 
PARAMETRIC_REPRESENTATION_CONTEXT() REPRESENTATION_CONTEXT('2D SPACE',''
  ) );
#502 = PCURVE('',#503,#508);
#503 = PLANE('',#504);
#504 = AXIS2_PLACEMENT_3D('',#505,#506,#507);
#505 = CARTESIAN_POINT('',(-1.75,0.375,0.2));
#506 = DIRECTION('',(0.,0.,1.));
#507 = DIRECTION('',(1.,0.,-0.));
#508 = DEFINITIONAL_REPRESENTATION('',(#509),#513);
#509 = LINE('',#510,#511);
#510 = CARTESIAN_POINT('',(0.,0.));
#511 = VECTOR('',#512,1.);
#512 = DIRECTION('',(0.,1.));
#513 = ( GEOMETRIC_REPRESENTATION_CONTEXT(2) 
PARAMETRIC_REPRESENTATION_CONTEXT() REPRESENTATION_CONTEXT('2D SPACE',''
  ) );
#514 = ORIENTED_EDGE('',*,*,#515,.F.);
#515 = EDGE_CURVE('',#516,#488,#518,.T.);
#516 = VERTEX_POINT('',#517);
#517 = CARTESIAN_POINT('',(-1.75,0.625,2.E-02));
#518 = SURFACE_CURVE('',#519,(#523,#530),.PCURVE_S1.);
#519 = LINE('',#520,#521);
#520 = CARTESIAN_POINT('',(-1.75,0.625,0.));
#521 = VECTOR('',#522,1.);
#522 = DIRECTION('',(0.,0.,1.));
#523 = PCURVE('',#58,#524);
#524 = DEFINITIONAL_REPRESENTATION('',(#525),#529);
#525 = LINE('',#526,#527);
#526 = CARTESIAN_POINT('',(-2.E-02,-2.375));
#527 = VECTOR('',#528,1.);
#528 = DIRECTION('',(1.,0.));
#529 = ( GEOMETRIC_REPRESENTATION_CONTEXT(2) 
PARAMETRIC_REPRESENTATION_CONTEXT() REPRESENTATION_CONTEXT('2D SPACE',''
  ) );
#530 = PCURVE('',#531,#536);
#531 = PLANE('',#532);
#532 = AXIS2_PLACEMENT_3D('',#533,#534,#535);
#533 = CARTESIAN_POINT('',(-1.75,0.625,0.));
#534 = DIRECTION('',(-0.,1.,0.));
#535 = DIRECTION('',(0.,0.,1.));
#536 = DEFINITIONAL_REPRESENTATION('',(#537),#541);
#537 = LINE('',#538,#539);
#538 = CARTESIAN_POINT('',(0.,0.));
#539 = VECTOR('',#540,1.);
#540 = DIRECTION('',(1.,0.));
#541 = ( GEOMETRIC_REPRESENTATION_CONTEXT(2) 
PARAMETRIC_REPRESENTATION_CONTEXT() REPRESENTATION_CONTEXT('2D SPACE',''
  ) );
#542 = ORIENTED_EDGE('',*,*,#543,.T.);
#543 = EDGE_CURVE('',#516,#544,#546,.T.);
#544 = VERTEX_POINT('',#545);
#545 = CARTESIAN_POINT('',(-1.75,0.875,2.E-02));
#546 = SURFACE_CURVE('',#547,(#551,#558),.PCURVE_S1.);
#547 = LINE('',#548,#549);
#548 = CARTESIAN_POINT('',(-1.75,-1.75,2.E-02));
#549 = VECTOR('',#550,1.);
#550 = DIRECTION('',(-0.,1.,0.));
#551 = PCURVE('',#58,#552);
#552 = DEFINITIONAL_REPRESENTATION('',(#553),#557);
#553 = LINE('',#554,#555);
#554 = CARTESIAN_POINT('',(0.,0.));
#555 = VECTOR('',#556,1.);
#556 = DIRECTION('',(0.,-1.));
#557 = ( GEOMETRIC_REPRESENTATION_CONTEXT(2) 
PARAMETRIC_REPRESENTATION_CONTEXT() REPRESENTATION_CONTEXT('2D SPACE',''
  ) );
#558 = PCURVE('',#126,#559);
#559 = DEFINITIONAL_REPRESENTATION('',(#560),#564);
#560 = LINE('',#561,#562);
#561 = CARTESIAN_POINT('',(0.,0.));
#562 = VECTOR('',#563,1.);
#563 = DIRECTION('',(0.,1.));
#564 = ( GEOMETRIC_REPRESENTATION_CONTEXT(2) 
PARAMETRIC_REPRESENTATION_CONTEXT() REPRESENTATION_CONTEXT('2D SPACE',''
  ) );
#565 = ORIENTED_EDGE('',*,*,#566,.T.);
#566 = EDGE_CURVE('',#544,#567,#569,.T.);
#567 = VERTEX_POINT('',#568);
#568 = CARTESIAN_POINT('',(-1.75,0.875,0.2));
#569 = SURFACE_CURVE('',#570,(#574,#581),.PCURVE_S1.);
#570 = LINE('',#571,#572);
#571 = CARTESIAN_POINT('',(-1.75,0.875,0.));
#572 = VECTOR('',#573,1.);
#573 = DIRECTION('',(0.,0.,1.));
#574 = PCURVE('',#58,#575);
#575 = DEFINITIONAL_REPRESENTATION('',(#576),#580);
#576 = LINE('',#577,#578);
#577 = CARTESIAN_POINT('',(-2.E-02,-2.625));
#578 = VECTOR('',#579,1.);
#579 = DIRECTION('',(1.,0.));
#580 = ( GEOMETRIC_REPRESENTATION_CONTEXT(2) 
PARAMETRIC_REPRESENTATION_CONTEXT() REPRESENTATION_CONTEXT('2D SPACE',''
  ) );
#581 = PCURVE('',#582,#587);
#582 = PLANE('',#583);
#583 = AXIS2_PLACEMENT_3D('',#584,#585,#586);
#584 = CARTESIAN_POINT('',(-1.75,0.875,0.));
#585 = DIRECTION('',(-0.,1.,0.));
#586 = DIRECTION('',(0.,0.,1.));
#587 = DEFINITIONAL_REPRESENTATION('',(#588),#592);
#588 = LINE('',#589,#590);
#589 = CARTESIAN_POINT('',(0.,0.));
#590 = VECTOR('',#591,1.);
#591 = DIRECTION('',(1.,0.));
#592 = ( GEOMETRIC_REPRESENTATION_CONTEXT(2) 
PARAMETRIC_REPRESENTATION_CONTEXT() REPRESENTATION_CONTEXT('2D SPACE',''
  ) );
#593 = ORIENTED_EDGE('',*,*,#594,.T.);
#594 = EDGE_CURVE('',#567,#595,#597,.T.);
#595 = VERTEX_POINT('',#596);
#596 = CARTESIAN_POINT('',(-1.75,1.125,0.2));
#597 = SURFACE_CURVE('',#598,(#602,#609),.PCURVE_S1.);
#598 = LINE('',#599,#600);
#599 = CARTESIAN_POINT('',(-1.75,0.875,0.2));
#600 = VECTOR('',#601,1.);
#601 = DIRECTION('',(-0.,1.,0.));
#602 = PCURVE('',#58,#603);
#603 = DEFINITIONAL_REPRESENTATION('',(#604),#608);
#604 = LINE('',#605,#606);
#605 = CARTESIAN_POINT('',(0.18,-2.625));
#606 = VECTOR('',#607,1.);
#607 = DIRECTION('',(0.,-1.));
#608 = ( GEOMETRIC_REPRESENTATION_CONTEXT(2) 
PARAMETRIC_REPRESENTATION_CONTEXT() REPRESENTATION_CONTEXT('2D SPACE',''
  ) );
#609 = PCURVE('',#610,#615);
#610 = PLANE('',#611);
#611 = AXIS2_PLACEMENT_3D('',#612,#613,#614);
#612 = CARTESIAN_POINT('',(-1.75,0.875,0.2));
#613 = DIRECTION('',(0.,0.,1.));
#614 = DIRECTION('',(1.,0.,-0.));
#615 = DEFINITIONAL_REPRESENTATION('',(#616),#620);
#616 = LINE('',#617,#618);
#617 = CARTESIAN_POINT('',(0.,0.));
#618 = VECTOR('',#619,1.);
#619 = DIRECTION('',(0.,1.));
#620 = ( GEOMETRIC_REPRESENTATION_CONTEXT(2) 
PARAMETRIC_REPRESENTATION_CONTEXT() REPRESENTATION_CONTEXT('2D SPACE',''
  ) );
#621 = ORIENTED_EDGE('',*,*,#622,.F.);
#622 = EDGE_CURVE('',#623,#595,#625,.T.);
#623 = VERTEX_POINT('',#624);
#624 = CARTESIAN_POINT('',(-1.75,1.125,2.E-02));
#625 = SURFACE_CURVE('',#626,(#630,#637),.PCURVE_S1.);
#626 = LINE('',#627,#628);
#627 = CARTESIAN_POINT('',(-1.75,1.125,0.));
#628 = VECTOR('',#629,1.);
#629 = DIRECTION('',(0.,0.,1.));
#630 = PCURVE('',#58,#631);
#631 = DEFINITIONAL_REPRESENTATION('',(#632),#636);
#632 = LINE('',#633,#634);
#633 = CARTESIAN_POINT('',(-2.E-02,-2.875));
#634 = VECTOR('',#635,1.);
#635 = DIRECTION('',(1.,0.));
#636 = ( GEOMETRIC_REPRESENTATION_CONTEXT(2) 
PARAMETRIC_REPRESENTATION_CONTEXT() REPRESENTATION_CONTEXT('2D SPACE',''
  ) );
#637 = PCURVE('',#638,#643);
#638 = PLANE('',#639);
#639 = AXIS2_PLACEMENT_3D('',#640,#641,#642);
#640 = CARTESIAN_POINT('',(-1.75,1.125,0.));
#641 = DIRECTION('',(-0.,1.,0.));
#642 = DIRECTION('',(0.,0.,1.));
#643 = DEFINITIONAL_REPRESENTATION('',(#644),#648);
#644 = LINE('',#645,#646);
#645 = CARTESIAN_POINT('',(0.,0.));
#646 = VECTOR('',#647,1.);
#647 = DIRECTION('',(1.,0.));
#648 = ( GEOMETRIC_REPRESENTATION_CONTEXT(2) 
PARAMETRIC_REPRESENTATION_CONTEXT() REPRESENTATION_CONTEXT('2D SPACE',''
  ) );
#649 = ORIENTED_EDGE('',*,*,#650,.T.);
#650 = EDGE_CURVE('',#623,#651,#653,.T.);
#651 = VERTEX_POINT('',#652);
#652 = CARTESIAN_POINT('',(-1.75,1.75,2.E-02));
#653 = SURFACE_CURVE('',#654,(#658,#665),.PCURVE_S1.);
#654 = LINE('',#655,#656);
#655 = CARTESIAN_POINT('',(-1.75,-1.75,2.E-02));
#656 = VECTOR('',#657,1.);
#657 = DIRECTION('',(-0.,1.,0.));
#658 = PCURVE('',#58,#659);
#659 = DEFINITIONAL_REPRESENTATION('',(#660),#664);
#660 = LINE('',#661,#662);
#661 = CARTESIAN_POINT('',(0.,0.));
#662 = VECTOR('',#663,1.);
#663 = DIRECTION('',(0.,-1.));
#664 = ( GEOMETRIC_REPRESENTATION_CONTEXT(2) 
PARAMETRIC_REPRESENTATION_CONTEXT() REPRESENTATION_CONTEXT('2D SPACE',''
  ) );
#665 = PCURVE('',#126,#666);
#666 = DEFINITIONAL_REPRESENTATION('',(#667),#671);
#667 = LINE('',#668,#669);
#668 = CARTESIAN_POINT('',(0.,0.));
#669 = VECTOR('',#670,1.);
#670 = DIRECTION('',(0.,1.));
#671 = ( GEOMETRIC_REPRESENTATION_CONTEXT(2) 
PARAMETRIC_REPRESENTATION_CONTEXT() REPRESENTATION_CONTEXT('2D SPACE',''
  ) );
#672 = ORIENTED_EDGE('',*,*,#673,.T.);
#673 = EDGE_CURVE('',#651,#50,#674,.T.);
#674 = SURFACE_CURVE('',#675,(#679,#686),.PCURVE_S1.);
#675 = LINE('',#676,#677);
#676 = CARTESIAN_POINT('',(-1.75,1.75,2.E-02));
#677 = VECTOR('',#678,1.);
#678 = DIRECTION('',(0.,0.,1.));
#679 = PCURVE('',#58,#680);
#680 = DEFINITIONAL_REPRESENTATION('',(#681),#685);
#681 = LINE('',#682,#683);
#682 = CARTESIAN_POINT('',(0.,-3.5));
#683 = VECTOR('',#684,1.);
#684 = DIRECTION('',(1.,0.));
#685 = ( GEOMETRIC_REPRESENTATION_CONTEXT(2) 
PARAMETRIC_REPRESENTATION_CONTEXT() REPRESENTATION_CONTEXT('2D SPACE',''
  ) );
#686 = PCURVE('',#687,#692);
#687 = PLANE('',#688);
#688 = AXIS2_PLACEMENT_3D('',#689,#690,#691);
#689 = CARTESIAN_POINT('',(-1.75,1.75,2.E-02));
#690 = DIRECTION('',(-0.,1.,0.));
#691 = DIRECTION('',(0.,0.,1.));
#692 = DEFINITIONAL_REPRESENTATION('',(#693),#697);
#693 = LINE('',#694,#695);
#694 = CARTESIAN_POINT('',(0.,0.));
#695 = VECTOR('',#696,1.);
#696 = DIRECTION('',(1.,0.));
#697 = ( GEOMETRIC_REPRESENTATION_CONTEXT(2) 
PARAMETRIC_REPRESENTATION_CONTEXT() REPRESENTATION_CONTEXT('2D SPACE',''
  ) );
#698 = ADVANCED_FACE('',(#699),#70,.T.);
#699 = FACE_BOUND('',#700,.T.);
#700 = EDGE_LOOP('',(#701,#702,#725,#753));
#701 = ORIENTED_EDGE('',*,*,#47,.F.);
#702 = ORIENTED_EDGE('',*,*,#703,.T.);
#703 = EDGE_CURVE('',#48,#704,#706,.T.);
#704 = VERTEX_POINT('',#705);
#705 = CARTESIAN_POINT('',(1.75,-1.75,0.9));
#706 = SURFACE_CURVE('',#707,(#711,#718),.PCURVE_S1.);
#707 = LINE('',#708,#709);
#708 = CARTESIAN_POINT('',(-1.75,-1.75,0.9));
#709 = VECTOR('',#710,1.);
#710 = DIRECTION('',(1.,0.,-0.));
#711 = PCURVE('',#70,#712);
#712 = DEFINITIONAL_REPRESENTATION('',(#713),#717);
#713 = LINE('',#714,#715);
#714 = CARTESIAN_POINT('',(0.,0.));
#715 = VECTOR('',#716,1.);
#716 = DIRECTION('',(1.,0.));
#717 = ( GEOMETRIC_REPRESENTATION_CONTEXT(2) 
PARAMETRIC_REPRESENTATION_CONTEXT() REPRESENTATION_CONTEXT('2D SPACE',''
  ) );
#718 = PCURVE('',#98,#719);
#719 = DEFINITIONAL_REPRESENTATION('',(#720),#724);
#720 = LINE('',#721,#722);
#721 = CARTESIAN_POINT('',(0.88,0.));
#722 = VECTOR('',#723,1.);
#723 = DIRECTION('',(0.,1.));
#724 = ( GEOMETRIC_REPRESENTATION_CONTEXT(2) 
PARAMETRIC_REPRESENTATION_CONTEXT() REPRESENTATION_CONTEXT('2D SPACE',''
  ) );
#725 = ORIENTED_EDGE('',*,*,#726,.T.);
#726 = EDGE_CURVE('',#704,#727,#729,.T.);
#727 = VERTEX_POINT('',#728);
#728 = CARTESIAN_POINT('',(1.75,1.75,0.9));
#729 = SURFACE_CURVE('',#730,(#734,#741),.PCURVE_S1.);
#730 = LINE('',#731,#732);
#731 = CARTESIAN_POINT('',(1.75,-1.75,0.9));
#732 = VECTOR('',#733,1.);
#733 = DIRECTION('',(-0.,1.,0.));
#734 = PCURVE('',#70,#735);
#735 = DEFINITIONAL_REPRESENTATION('',(#736),#740);
#736 = LINE('',#737,#738);
#737 = CARTESIAN_POINT('',(3.5,0.));
#738 = VECTOR('',#739,1.);
#739 = DIRECTION('',(0.,1.));
#740 = ( GEOMETRIC_REPRESENTATION_CONTEXT(2) 
PARAMETRIC_REPRESENTATION_CONTEXT() REPRESENTATION_CONTEXT('2D SPACE',''
  ) );
#741 = PCURVE('',#742,#747);
#742 = PLANE('',#743);
#743 = AXIS2_PLACEMENT_3D('',#744,#745,#746);
#744 = CARTESIAN_POINT('',(1.75,-1.75,2.E-02));
#745 = DIRECTION('',(1.,0.,-0.));
#746 = DIRECTION('',(0.,0.,1.));
#747 = DEFINITIONAL_REPRESENTATION('',(#748),#752);
#748 = LINE('',#749,#750);
#749 = CARTESIAN_POINT('',(0.88,0.));
#750 = VECTOR('',#751,1.);
#751 = DIRECTION('',(0.,-1.));
#752 = ( GEOMETRIC_REPRESENTATION_CONTEXT(2) 
PARAMETRIC_REPRESENTATION_CONTEXT() REPRESENTATION_CONTEXT('2D SPACE',''
  ) );
#753 = ORIENTED_EDGE('',*,*,#754,.F.);
#754 = EDGE_CURVE('',#50,#727,#755,.T.);
#755 = SURFACE_CURVE('',#756,(#760,#767),.PCURVE_S1.);
#756 = LINE('',#757,#758);
#757 = CARTESIAN_POINT('',(-1.75,1.75,0.9));
#758 = VECTOR('',#759,1.);
#759 = DIRECTION('',(1.,0.,-0.));
#760 = PCURVE('',#70,#761);
#761 = DEFINITIONAL_REPRESENTATION('',(#762),#766);
#762 = LINE('',#763,#764);
#763 = CARTESIAN_POINT('',(0.,3.5));
#764 = VECTOR('',#765,1.);
#765 = DIRECTION('',(1.,0.));
#766 = ( GEOMETRIC_REPRESENTATION_CONTEXT(2) 
PARAMETRIC_REPRESENTATION_CONTEXT() REPRESENTATION_CONTEXT('2D SPACE',''
  ) );
#767 = PCURVE('',#687,#768);
#768 = DEFINITIONAL_REPRESENTATION('',(#769),#773);
#769 = LINE('',#770,#771);
#770 = CARTESIAN_POINT('',(0.88,0.));
#771 = VECTOR('',#772,1.);
#772 = DIRECTION('',(0.,1.));
#773 = ( GEOMETRIC_REPRESENTATION_CONTEXT(2) 
PARAMETRIC_REPRESENTATION_CONTEXT() REPRESENTATION_CONTEXT('2D SPACE',''
  ) );
#774 = ADVANCED_FACE('',(#775),#687,.T.);
#775 = FACE_BOUND('',#776,.T.);
#776 = EDGE_LOOP('',(#777,#800,#801,#802,#825,#848,#876,#904,#932,#955,
    #983,#1011,#1039,#1062,#1090,#1118,#1146,#1169,#1197,#1225,#1253,
    #1276,#1304,#1332));
#777 = ORIENTED_EDGE('',*,*,#778,.F.);
#778 = EDGE_CURVE('',#651,#779,#781,.T.);
#779 = VERTEX_POINT('',#780);
#780 = CARTESIAN_POINT('',(-1.125,1.75,2.E-02));
#781 = SURFACE_CURVE('',#782,(#786,#793),.PCURVE_S1.);
#782 = LINE('',#783,#784);
#783 = CARTESIAN_POINT('',(-1.75,1.75,2.E-02));
#784 = VECTOR('',#785,1.);
#785 = DIRECTION('',(1.,0.,-0.));
#786 = PCURVE('',#687,#787);
#787 = DEFINITIONAL_REPRESENTATION('',(#788),#792);
#788 = LINE('',#789,#790);
#789 = CARTESIAN_POINT('',(0.,0.));
#790 = VECTOR('',#791,1.);
#791 = DIRECTION('',(0.,1.));
#792 = ( GEOMETRIC_REPRESENTATION_CONTEXT(2) 
PARAMETRIC_REPRESENTATION_CONTEXT() REPRESENTATION_CONTEXT('2D SPACE',''
  ) );
#793 = PCURVE('',#126,#794);
#794 = DEFINITIONAL_REPRESENTATION('',(#795),#799);
#795 = LINE('',#796,#797);
#796 = CARTESIAN_POINT('',(0.,3.5));
#797 = VECTOR('',#798,1.);
#798 = DIRECTION('',(1.,0.));
#799 = ( GEOMETRIC_REPRESENTATION_CONTEXT(2) 
PARAMETRIC_REPRESENTATION_CONTEXT() REPRESENTATION_CONTEXT('2D SPACE',''
  ) );
#800 = ORIENTED_EDGE('',*,*,#673,.T.);
#801 = ORIENTED_EDGE('',*,*,#754,.T.);
#802 = ORIENTED_EDGE('',*,*,#803,.F.);
#803 = EDGE_CURVE('',#804,#727,#806,.T.);
#804 = VERTEX_POINT('',#805);
#805 = CARTESIAN_POINT('',(1.75,1.75,2.E-02));
#806 = SURFACE_CURVE('',#807,(#811,#818),.PCURVE_S1.);
#807 = LINE('',#808,#809);
#808 = CARTESIAN_POINT('',(1.75,1.75,2.E-02));
#809 = VECTOR('',#810,1.);
#810 = DIRECTION('',(0.,0.,1.));
#811 = PCURVE('',#687,#812);
#812 = DEFINITIONAL_REPRESENTATION('',(#813),#817);
#813 = LINE('',#814,#815);
#814 = CARTESIAN_POINT('',(0.,3.5));
#815 = VECTOR('',#816,1.);
#816 = DIRECTION('',(1.,0.));
#817 = ( GEOMETRIC_REPRESENTATION_CONTEXT(2) 
PARAMETRIC_REPRESENTATION_CONTEXT() REPRESENTATION_CONTEXT('2D SPACE',''
  ) );
#818 = PCURVE('',#742,#819);
#819 = DEFINITIONAL_REPRESENTATION('',(#820),#824);
#820 = LINE('',#821,#822);
#821 = CARTESIAN_POINT('',(0.,-3.5));
#822 = VECTOR('',#823,1.);
#823 = DIRECTION('',(1.,0.));
#824 = ( GEOMETRIC_REPRESENTATION_CONTEXT(2) 
PARAMETRIC_REPRESENTATION_CONTEXT() REPRESENTATION_CONTEXT('2D SPACE',''
  ) );
#825 = ORIENTED_EDGE('',*,*,#826,.F.);
#826 = EDGE_CURVE('',#827,#804,#829,.T.);
#827 = VERTEX_POINT('',#828);
#828 = CARTESIAN_POINT('',(1.125,1.75,2.E-02));
#829 = SURFACE_CURVE('',#830,(#834,#841),.PCURVE_S1.);
#830 = LINE('',#831,#832);
#831 = CARTESIAN_POINT('',(-1.75,1.75,2.E-02));
#832 = VECTOR('',#833,1.);
#833 = DIRECTION('',(1.,0.,-0.));
#834 = PCURVE('',#687,#835);
#835 = DEFINITIONAL_REPRESENTATION('',(#836),#840);
#836 = LINE('',#837,#838);
#837 = CARTESIAN_POINT('',(0.,0.));
#838 = VECTOR('',#839,1.);
#839 = DIRECTION('',(0.,1.));
#840 = ( GEOMETRIC_REPRESENTATION_CONTEXT(2) 
PARAMETRIC_REPRESENTATION_CONTEXT() REPRESENTATION_CONTEXT('2D SPACE',''
  ) );
#841 = PCURVE('',#126,#842);
#842 = DEFINITIONAL_REPRESENTATION('',(#843),#847);
#843 = LINE('',#844,#845);
#844 = CARTESIAN_POINT('',(0.,3.5));
#845 = VECTOR('',#846,1.);
#846 = DIRECTION('',(1.,0.));
#847 = ( GEOMETRIC_REPRESENTATION_CONTEXT(2) 
PARAMETRIC_REPRESENTATION_CONTEXT() REPRESENTATION_CONTEXT('2D SPACE',''
  ) );
#848 = ORIENTED_EDGE('',*,*,#849,.T.);
#849 = EDGE_CURVE('',#827,#850,#852,.T.);
#850 = VERTEX_POINT('',#851);
#851 = CARTESIAN_POINT('',(1.125,1.75,0.2));
#852 = SURFACE_CURVE('',#853,(#857,#864),.PCURVE_S1.);
#853 = LINE('',#854,#855);
#854 = CARTESIAN_POINT('',(1.125,1.75,0.));
#855 = VECTOR('',#856,1.);
#856 = DIRECTION('',(0.,0.,1.));
#857 = PCURVE('',#687,#858);
#858 = DEFINITIONAL_REPRESENTATION('',(#859),#863);
#859 = LINE('',#860,#861);
#860 = CARTESIAN_POINT('',(-2.E-02,2.875));
#861 = VECTOR('',#862,1.);
#862 = DIRECTION('',(1.,0.));
#863 = ( GEOMETRIC_REPRESENTATION_CONTEXT(2) 
PARAMETRIC_REPRESENTATION_CONTEXT() REPRESENTATION_CONTEXT('2D SPACE',''
  ) );
#864 = PCURVE('',#865,#870);
#865 = PLANE('',#866);
#866 = AXIS2_PLACEMENT_3D('',#867,#868,#869);
#867 = CARTESIAN_POINT('',(1.125,1.35,0.));
#868 = DIRECTION('',(1.,0.,-0.));
#869 = DIRECTION('',(0.,0.,1.));
#870 = DEFINITIONAL_REPRESENTATION('',(#871),#875);
#871 = LINE('',#872,#873);
#872 = CARTESIAN_POINT('',(0.,-0.4));
#873 = VECTOR('',#874,1.);
#874 = DIRECTION('',(1.,0.));
#875 = ( GEOMETRIC_REPRESENTATION_CONTEXT(2) 
PARAMETRIC_REPRESENTATION_CONTEXT() REPRESENTATION_CONTEXT('2D SPACE',''
  ) );
#876 = ORIENTED_EDGE('',*,*,#877,.F.);
#877 = EDGE_CURVE('',#878,#850,#880,.T.);
#878 = VERTEX_POINT('',#879);
#879 = CARTESIAN_POINT('',(0.875,1.75,0.2));
#880 = SURFACE_CURVE('',#881,(#885,#892),.PCURVE_S1.);
#881 = LINE('',#882,#883);
#882 = CARTESIAN_POINT('',(0.875,1.75,0.2));
#883 = VECTOR('',#884,1.);
#884 = DIRECTION('',(1.,0.,-0.));
#885 = PCURVE('',#687,#886);
#886 = DEFINITIONAL_REPRESENTATION('',(#887),#891);
#887 = LINE('',#888,#889);
#888 = CARTESIAN_POINT('',(0.18,2.625));
#889 = VECTOR('',#890,1.);
#890 = DIRECTION('',(0.,1.));
#891 = ( GEOMETRIC_REPRESENTATION_CONTEXT(2) 
PARAMETRIC_REPRESENTATION_CONTEXT() REPRESENTATION_CONTEXT('2D SPACE',''
  ) );
#892 = PCURVE('',#893,#898);
#893 = PLANE('',#894);
#894 = AXIS2_PLACEMENT_3D('',#895,#896,#897);
#895 = CARTESIAN_POINT('',(0.875,1.35,0.2));
#896 = DIRECTION('',(0.,0.,1.));
#897 = DIRECTION('',(1.,0.,-0.));
#898 = DEFINITIONAL_REPRESENTATION('',(#899),#903);
#899 = LINE('',#900,#901);
#900 = CARTESIAN_POINT('',(0.,0.4));
#901 = VECTOR('',#902,1.);
#902 = DIRECTION('',(1.,0.));
#903 = ( GEOMETRIC_REPRESENTATION_CONTEXT(2) 
PARAMETRIC_REPRESENTATION_CONTEXT() REPRESENTATION_CONTEXT('2D SPACE',''
  ) );
#904 = ORIENTED_EDGE('',*,*,#905,.F.);
#905 = EDGE_CURVE('',#906,#878,#908,.T.);
#906 = VERTEX_POINT('',#907);
#907 = CARTESIAN_POINT('',(0.875,1.75,2.E-02));
#908 = SURFACE_CURVE('',#909,(#913,#920),.PCURVE_S1.);
#909 = LINE('',#910,#911);
#910 = CARTESIAN_POINT('',(0.875,1.75,0.));
#911 = VECTOR('',#912,1.);
#912 = DIRECTION('',(0.,0.,1.));
#913 = PCURVE('',#687,#914);
#914 = DEFINITIONAL_REPRESENTATION('',(#915),#919);
#915 = LINE('',#916,#917);
#916 = CARTESIAN_POINT('',(-2.E-02,2.625));
#917 = VECTOR('',#918,1.);
#918 = DIRECTION('',(1.,0.));
#919 = ( GEOMETRIC_REPRESENTATION_CONTEXT(2) 
PARAMETRIC_REPRESENTATION_CONTEXT() REPRESENTATION_CONTEXT('2D SPACE',''
  ) );
#920 = PCURVE('',#921,#926);
#921 = PLANE('',#922);
#922 = AXIS2_PLACEMENT_3D('',#923,#924,#925);
#923 = CARTESIAN_POINT('',(0.875,1.35,0.));
#924 = DIRECTION('',(1.,0.,-0.));
#925 = DIRECTION('',(0.,0.,1.));
#926 = DEFINITIONAL_REPRESENTATION('',(#927),#931);
#927 = LINE('',#928,#929);
#928 = CARTESIAN_POINT('',(0.,-0.4));
#929 = VECTOR('',#930,1.);
#930 = DIRECTION('',(1.,0.));
#931 = ( GEOMETRIC_REPRESENTATION_CONTEXT(2) 
PARAMETRIC_REPRESENTATION_CONTEXT() REPRESENTATION_CONTEXT('2D SPACE',''
  ) );
#932 = ORIENTED_EDGE('',*,*,#933,.F.);
#933 = EDGE_CURVE('',#934,#906,#936,.T.);
#934 = VERTEX_POINT('',#935);
#935 = CARTESIAN_POINT('',(0.625,1.75,2.E-02));
#936 = SURFACE_CURVE('',#937,(#941,#948),.PCURVE_S1.);
#937 = LINE('',#938,#939);
#938 = CARTESIAN_POINT('',(-1.75,1.75,2.E-02));
#939 = VECTOR('',#940,1.);
#940 = DIRECTION('',(1.,0.,-0.));
#941 = PCURVE('',#687,#942);
#942 = DEFINITIONAL_REPRESENTATION('',(#943),#947);
#943 = LINE('',#944,#945);
#944 = CARTESIAN_POINT('',(0.,0.));
#945 = VECTOR('',#946,1.);
#946 = DIRECTION('',(0.,1.));
#947 = ( GEOMETRIC_REPRESENTATION_CONTEXT(2) 
PARAMETRIC_REPRESENTATION_CONTEXT() REPRESENTATION_CONTEXT('2D SPACE',''
  ) );
#948 = PCURVE('',#126,#949);
#949 = DEFINITIONAL_REPRESENTATION('',(#950),#954);
#950 = LINE('',#951,#952);
#951 = CARTESIAN_POINT('',(0.,3.5));
#952 = VECTOR('',#953,1.);
#953 = DIRECTION('',(1.,0.));
#954 = ( GEOMETRIC_REPRESENTATION_CONTEXT(2) 
PARAMETRIC_REPRESENTATION_CONTEXT() REPRESENTATION_CONTEXT('2D SPACE',''
  ) );
#955 = ORIENTED_EDGE('',*,*,#956,.T.);
#956 = EDGE_CURVE('',#934,#957,#959,.T.);
#957 = VERTEX_POINT('',#958);
#958 = CARTESIAN_POINT('',(0.625,1.75,0.2));
#959 = SURFACE_CURVE('',#960,(#964,#971),.PCURVE_S1.);
#960 = LINE('',#961,#962);
#961 = CARTESIAN_POINT('',(0.625,1.75,0.));
#962 = VECTOR('',#963,1.);
#963 = DIRECTION('',(0.,0.,1.));
#964 = PCURVE('',#687,#965);
#965 = DEFINITIONAL_REPRESENTATION('',(#966),#970);
#966 = LINE('',#967,#968);
#967 = CARTESIAN_POINT('',(-2.E-02,2.375));
#968 = VECTOR('',#969,1.);
#969 = DIRECTION('',(1.,0.));
#970 = ( GEOMETRIC_REPRESENTATION_CONTEXT(2) 
PARAMETRIC_REPRESENTATION_CONTEXT() REPRESENTATION_CONTEXT('2D SPACE',''
  ) );
#971 = PCURVE('',#972,#977);
#972 = PLANE('',#973);
#973 = AXIS2_PLACEMENT_3D('',#974,#975,#976);
#974 = CARTESIAN_POINT('',(0.625,1.35,0.));
#975 = DIRECTION('',(1.,0.,-0.));
#976 = DIRECTION('',(0.,0.,1.));
#977 = DEFINITIONAL_REPRESENTATION('',(#978),#982);
#978 = LINE('',#979,#980);
#979 = CARTESIAN_POINT('',(0.,-0.4));
#980 = VECTOR('',#981,1.);
#981 = DIRECTION('',(1.,0.));
#982 = ( GEOMETRIC_REPRESENTATION_CONTEXT(2) 
PARAMETRIC_REPRESENTATION_CONTEXT() REPRESENTATION_CONTEXT('2D SPACE',''
  ) );
#983 = ORIENTED_EDGE('',*,*,#984,.F.);
#984 = EDGE_CURVE('',#985,#957,#987,.T.);
#985 = VERTEX_POINT('',#986);
#986 = CARTESIAN_POINT('',(0.375,1.75,0.2));
#987 = SURFACE_CURVE('',#988,(#992,#999),.PCURVE_S1.);
#988 = LINE('',#989,#990);
#989 = CARTESIAN_POINT('',(0.375,1.75,0.2));
#990 = VECTOR('',#991,1.);
#991 = DIRECTION('',(1.,0.,-0.));
#992 = PCURVE('',#687,#993);
#993 = DEFINITIONAL_REPRESENTATION('',(#994),#998);
#994 = LINE('',#995,#996);
#995 = CARTESIAN_POINT('',(0.18,2.125));
#996 = VECTOR('',#997,1.);
#997 = DIRECTION('',(0.,1.));
#998 = ( GEOMETRIC_REPRESENTATION_CONTEXT(2) 
PARAMETRIC_REPRESENTATION_CONTEXT() REPRESENTATION_CONTEXT('2D SPACE',''
  ) );
#999 = PCURVE('',#1000,#1005);
#1000 = PLANE('',#1001);
#1001 = AXIS2_PLACEMENT_3D('',#1002,#1003,#1004);
#1002 = CARTESIAN_POINT('',(0.375,1.35,0.2));
#1003 = DIRECTION('',(0.,0.,1.));
#1004 = DIRECTION('',(1.,0.,-0.));
#1005 = DEFINITIONAL_REPRESENTATION('',(#1006),#1010);
#1006 = LINE('',#1007,#1008);
#1007 = CARTESIAN_POINT('',(0.,0.4));
#1008 = VECTOR('',#1009,1.);
#1009 = DIRECTION('',(1.,0.));
#1010 = ( GEOMETRIC_REPRESENTATION_CONTEXT(2) 
PARAMETRIC_REPRESENTATION_CONTEXT() REPRESENTATION_CONTEXT('2D SPACE',''
  ) );
#1011 = ORIENTED_EDGE('',*,*,#1012,.F.);
#1012 = EDGE_CURVE('',#1013,#985,#1015,.T.);
#1013 = VERTEX_POINT('',#1014);
#1014 = CARTESIAN_POINT('',(0.375,1.75,2.E-02));
#1015 = SURFACE_CURVE('',#1016,(#1020,#1027),.PCURVE_S1.);
#1016 = LINE('',#1017,#1018);
#1017 = CARTESIAN_POINT('',(0.375,1.75,0.));
#1018 = VECTOR('',#1019,1.);
#1019 = DIRECTION('',(0.,0.,1.));
#1020 = PCURVE('',#687,#1021);
#1021 = DEFINITIONAL_REPRESENTATION('',(#1022),#1026);
#1022 = LINE('',#1023,#1024);
#1023 = CARTESIAN_POINT('',(-2.E-02,2.125));
#1024 = VECTOR('',#1025,1.);
#1025 = DIRECTION('',(1.,0.));
#1026 = ( GEOMETRIC_REPRESENTATION_CONTEXT(2) 
PARAMETRIC_REPRESENTATION_CONTEXT() REPRESENTATION_CONTEXT('2D SPACE',''
  ) );
#1027 = PCURVE('',#1028,#1033);
#1028 = PLANE('',#1029);
#1029 = AXIS2_PLACEMENT_3D('',#1030,#1031,#1032);
#1030 = CARTESIAN_POINT('',(0.375,1.35,0.));
#1031 = DIRECTION('',(1.,0.,-0.));
#1032 = DIRECTION('',(0.,0.,1.));
#1033 = DEFINITIONAL_REPRESENTATION('',(#1034),#1038);
#1034 = LINE('',#1035,#1036);
#1035 = CARTESIAN_POINT('',(0.,-0.4));
#1036 = VECTOR('',#1037,1.);
#1037 = DIRECTION('',(1.,0.));
#1038 = ( GEOMETRIC_REPRESENTATION_CONTEXT(2) 
PARAMETRIC_REPRESENTATION_CONTEXT() REPRESENTATION_CONTEXT('2D SPACE',''
  ) );
#1039 = ORIENTED_EDGE('',*,*,#1040,.F.);
#1040 = EDGE_CURVE('',#1041,#1013,#1043,.T.);
#1041 = VERTEX_POINT('',#1042);
#1042 = CARTESIAN_POINT('',(0.125,1.75,2.E-02));
#1043 = SURFACE_CURVE('',#1044,(#1048,#1055),.PCURVE_S1.);
#1044 = LINE('',#1045,#1046);
#1045 = CARTESIAN_POINT('',(-1.75,1.75,2.E-02));
#1046 = VECTOR('',#1047,1.);
#1047 = DIRECTION('',(1.,0.,-0.));
#1048 = PCURVE('',#687,#1049);
#1049 = DEFINITIONAL_REPRESENTATION('',(#1050),#1054);
#1050 = LINE('',#1051,#1052);
#1051 = CARTESIAN_POINT('',(0.,0.));
#1052 = VECTOR('',#1053,1.);
#1053 = DIRECTION('',(0.,1.));
#1054 = ( GEOMETRIC_REPRESENTATION_CONTEXT(2) 
PARAMETRIC_REPRESENTATION_CONTEXT() REPRESENTATION_CONTEXT('2D SPACE',''
  ) );
#1055 = PCURVE('',#126,#1056);
#1056 = DEFINITIONAL_REPRESENTATION('',(#1057),#1061);
#1057 = LINE('',#1058,#1059);
#1058 = CARTESIAN_POINT('',(0.,3.5));
#1059 = VECTOR('',#1060,1.);
#1060 = DIRECTION('',(1.,0.));
#1061 = ( GEOMETRIC_REPRESENTATION_CONTEXT(2) 
PARAMETRIC_REPRESENTATION_CONTEXT() REPRESENTATION_CONTEXT('2D SPACE',''
  ) );
#1062 = ORIENTED_EDGE('',*,*,#1063,.T.);
#1063 = EDGE_CURVE('',#1041,#1064,#1066,.T.);
#1064 = VERTEX_POINT('',#1065);
#1065 = CARTESIAN_POINT('',(0.125,1.75,0.2));
#1066 = SURFACE_CURVE('',#1067,(#1071,#1078),.PCURVE_S1.);
#1067 = LINE('',#1068,#1069);
#1068 = CARTESIAN_POINT('',(0.125,1.75,0.));
#1069 = VECTOR('',#1070,1.);
#1070 = DIRECTION('',(0.,0.,1.));
#1071 = PCURVE('',#687,#1072);
#1072 = DEFINITIONAL_REPRESENTATION('',(#1073),#1077);
#1073 = LINE('',#1074,#1075);
#1074 = CARTESIAN_POINT('',(-2.E-02,1.875));
#1075 = VECTOR('',#1076,1.);
#1076 = DIRECTION('',(1.,0.));
#1077 = ( GEOMETRIC_REPRESENTATION_CONTEXT(2) 
PARAMETRIC_REPRESENTATION_CONTEXT() REPRESENTATION_CONTEXT('2D SPACE',''
  ) );
#1078 = PCURVE('',#1079,#1084);
#1079 = PLANE('',#1080);
#1080 = AXIS2_PLACEMENT_3D('',#1081,#1082,#1083);
#1081 = CARTESIAN_POINT('',(0.125,1.35,0.));
#1082 = DIRECTION('',(1.,0.,-0.));
#1083 = DIRECTION('',(0.,0.,1.));
#1084 = DEFINITIONAL_REPRESENTATION('',(#1085),#1089);
#1085 = LINE('',#1086,#1087);
#1086 = CARTESIAN_POINT('',(0.,-0.4));
#1087 = VECTOR('',#1088,1.);
#1088 = DIRECTION('',(1.,0.));
#1089 = ( GEOMETRIC_REPRESENTATION_CONTEXT(2) 
PARAMETRIC_REPRESENTATION_CONTEXT() REPRESENTATION_CONTEXT('2D SPACE',''
  ) );
#1090 = ORIENTED_EDGE('',*,*,#1091,.F.);
#1091 = EDGE_CURVE('',#1092,#1064,#1094,.T.);
#1092 = VERTEX_POINT('',#1093);
#1093 = CARTESIAN_POINT('',(-0.125,1.75,0.2));
#1094 = SURFACE_CURVE('',#1095,(#1099,#1106),.PCURVE_S1.);
#1095 = LINE('',#1096,#1097);
#1096 = CARTESIAN_POINT('',(-0.125,1.75,0.2));
#1097 = VECTOR('',#1098,1.);
#1098 = DIRECTION('',(1.,0.,-0.));
#1099 = PCURVE('',#687,#1100);
#1100 = DEFINITIONAL_REPRESENTATION('',(#1101),#1105);
#1101 = LINE('',#1102,#1103);
#1102 = CARTESIAN_POINT('',(0.18,1.625));
#1103 = VECTOR('',#1104,1.);
#1104 = DIRECTION('',(0.,1.));
#1105 = ( GEOMETRIC_REPRESENTATION_CONTEXT(2) 
PARAMETRIC_REPRESENTATION_CONTEXT() REPRESENTATION_CONTEXT('2D SPACE',''
  ) );
#1106 = PCURVE('',#1107,#1112);
#1107 = PLANE('',#1108);
#1108 = AXIS2_PLACEMENT_3D('',#1109,#1110,#1111);
#1109 = CARTESIAN_POINT('',(-0.125,1.35,0.2));
#1110 = DIRECTION('',(0.,0.,1.));
#1111 = DIRECTION('',(1.,0.,-0.));
#1112 = DEFINITIONAL_REPRESENTATION('',(#1113),#1117);
#1113 = LINE('',#1114,#1115);
#1114 = CARTESIAN_POINT('',(0.,0.4));
#1115 = VECTOR('',#1116,1.);
#1116 = DIRECTION('',(1.,0.));
#1117 = ( GEOMETRIC_REPRESENTATION_CONTEXT(2) 
PARAMETRIC_REPRESENTATION_CONTEXT() REPRESENTATION_CONTEXT('2D SPACE',''
  ) );
#1118 = ORIENTED_EDGE('',*,*,#1119,.F.);
#1119 = EDGE_CURVE('',#1120,#1092,#1122,.T.);
#1120 = VERTEX_POINT('',#1121);
#1121 = CARTESIAN_POINT('',(-0.125,1.75,2.E-02));
#1122 = SURFACE_CURVE('',#1123,(#1127,#1134),.PCURVE_S1.);
#1123 = LINE('',#1124,#1125);
#1124 = CARTESIAN_POINT('',(-0.125,1.75,0.));
#1125 = VECTOR('',#1126,1.);
#1126 = DIRECTION('',(0.,0.,1.));
#1127 = PCURVE('',#687,#1128);
#1128 = DEFINITIONAL_REPRESENTATION('',(#1129),#1133);
#1129 = LINE('',#1130,#1131);
#1130 = CARTESIAN_POINT('',(-2.E-02,1.625));
#1131 = VECTOR('',#1132,1.);
#1132 = DIRECTION('',(1.,0.));
#1133 = ( GEOMETRIC_REPRESENTATION_CONTEXT(2) 
PARAMETRIC_REPRESENTATION_CONTEXT() REPRESENTATION_CONTEXT('2D SPACE',''
  ) );
#1134 = PCURVE('',#1135,#1140);
#1135 = PLANE('',#1136);
#1136 = AXIS2_PLACEMENT_3D('',#1137,#1138,#1139);
#1137 = CARTESIAN_POINT('',(-0.125,1.35,0.));
#1138 = DIRECTION('',(1.,0.,-0.));
#1139 = DIRECTION('',(0.,0.,1.));
#1140 = DEFINITIONAL_REPRESENTATION('',(#1141),#1145);
#1141 = LINE('',#1142,#1143);
#1142 = CARTESIAN_POINT('',(0.,-0.4));
#1143 = VECTOR('',#1144,1.);
#1144 = DIRECTION('',(1.,0.));
#1145 = ( GEOMETRIC_REPRESENTATION_CONTEXT(2) 
PARAMETRIC_REPRESENTATION_CONTEXT() REPRESENTATION_CONTEXT('2D SPACE',''
  ) );
#1146 = ORIENTED_EDGE('',*,*,#1147,.F.);
#1147 = EDGE_CURVE('',#1148,#1120,#1150,.T.);
#1148 = VERTEX_POINT('',#1149);
#1149 = CARTESIAN_POINT('',(-0.375,1.75,2.E-02));
#1150 = SURFACE_CURVE('',#1151,(#1155,#1162),.PCURVE_S1.);
#1151 = LINE('',#1152,#1153);
#1152 = CARTESIAN_POINT('',(-1.75,1.75,2.E-02));
#1153 = VECTOR('',#1154,1.);
#1154 = DIRECTION('',(1.,0.,-0.));
#1155 = PCURVE('',#687,#1156);
#1156 = DEFINITIONAL_REPRESENTATION('',(#1157),#1161);
#1157 = LINE('',#1158,#1159);
#1158 = CARTESIAN_POINT('',(0.,0.));
#1159 = VECTOR('',#1160,1.);
#1160 = DIRECTION('',(0.,1.));
#1161 = ( GEOMETRIC_REPRESENTATION_CONTEXT(2) 
PARAMETRIC_REPRESENTATION_CONTEXT() REPRESENTATION_CONTEXT('2D SPACE',''
  ) );
#1162 = PCURVE('',#126,#1163);
#1163 = DEFINITIONAL_REPRESENTATION('',(#1164),#1168);
#1164 = LINE('',#1165,#1166);
#1165 = CARTESIAN_POINT('',(0.,3.5));
#1166 = VECTOR('',#1167,1.);
#1167 = DIRECTION('',(1.,0.));
#1168 = ( GEOMETRIC_REPRESENTATION_CONTEXT(2) 
PARAMETRIC_REPRESENTATION_CONTEXT() REPRESENTATION_CONTEXT('2D SPACE',''
  ) );
#1169 = ORIENTED_EDGE('',*,*,#1170,.T.);
#1170 = EDGE_CURVE('',#1148,#1171,#1173,.T.);
#1171 = VERTEX_POINT('',#1172);
#1172 = CARTESIAN_POINT('',(-0.375,1.75,0.2));
#1173 = SURFACE_CURVE('',#1174,(#1178,#1185),.PCURVE_S1.);
#1174 = LINE('',#1175,#1176);
#1175 = CARTESIAN_POINT('',(-0.375,1.75,0.));
#1176 = VECTOR('',#1177,1.);
#1177 = DIRECTION('',(0.,0.,1.));
#1178 = PCURVE('',#687,#1179);
#1179 = DEFINITIONAL_REPRESENTATION('',(#1180),#1184);
#1180 = LINE('',#1181,#1182);
#1181 = CARTESIAN_POINT('',(-2.E-02,1.375));
#1182 = VECTOR('',#1183,1.);
#1183 = DIRECTION('',(1.,0.));
#1184 = ( GEOMETRIC_REPRESENTATION_CONTEXT(2) 
PARAMETRIC_REPRESENTATION_CONTEXT() REPRESENTATION_CONTEXT('2D SPACE',''
  ) );
#1185 = PCURVE('',#1186,#1191);
#1186 = PLANE('',#1187);
#1187 = AXIS2_PLACEMENT_3D('',#1188,#1189,#1190);
#1188 = CARTESIAN_POINT('',(-0.375,1.35,0.));
#1189 = DIRECTION('',(1.,0.,-0.));
#1190 = DIRECTION('',(0.,0.,1.));
#1191 = DEFINITIONAL_REPRESENTATION('',(#1192),#1196);
#1192 = LINE('',#1193,#1194);
#1193 = CARTESIAN_POINT('',(0.,-0.4));
#1194 = VECTOR('',#1195,1.);
#1195 = DIRECTION('',(1.,0.));
#1196 = ( GEOMETRIC_REPRESENTATION_CONTEXT(2) 
PARAMETRIC_REPRESENTATION_CONTEXT() REPRESENTATION_CONTEXT('2D SPACE',''
  ) );
#1197 = ORIENTED_EDGE('',*,*,#1198,.F.);
#1198 = EDGE_CURVE('',#1199,#1171,#1201,.T.);
#1199 = VERTEX_POINT('',#1200);
#1200 = CARTESIAN_POINT('',(-0.625,1.75,0.2));
#1201 = SURFACE_CURVE('',#1202,(#1206,#1213),.PCURVE_S1.);
#1202 = LINE('',#1203,#1204);
#1203 = CARTESIAN_POINT('',(-0.625,1.75,0.2));
#1204 = VECTOR('',#1205,1.);
#1205 = DIRECTION('',(1.,0.,-0.));
#1206 = PCURVE('',#687,#1207);
#1207 = DEFINITIONAL_REPRESENTATION('',(#1208),#1212);
#1208 = LINE('',#1209,#1210);
#1209 = CARTESIAN_POINT('',(0.18,1.125));
#1210 = VECTOR('',#1211,1.);
#1211 = DIRECTION('',(0.,1.));
#1212 = ( GEOMETRIC_REPRESENTATION_CONTEXT(2) 
PARAMETRIC_REPRESENTATION_CONTEXT() REPRESENTATION_CONTEXT('2D SPACE',''
  ) );
#1213 = PCURVE('',#1214,#1219);
#1214 = PLANE('',#1215);
#1215 = AXIS2_PLACEMENT_3D('',#1216,#1217,#1218);
#1216 = CARTESIAN_POINT('',(-0.625,1.35,0.2));
#1217 = DIRECTION('',(0.,0.,1.));
#1218 = DIRECTION('',(1.,0.,-0.));
#1219 = DEFINITIONAL_REPRESENTATION('',(#1220),#1224);
#1220 = LINE('',#1221,#1222);
#1221 = CARTESIAN_POINT('',(0.,0.4));
#1222 = VECTOR('',#1223,1.);
#1223 = DIRECTION('',(1.,0.));
#1224 = ( GEOMETRIC_REPRESENTATION_CONTEXT(2) 
PARAMETRIC_REPRESENTATION_CONTEXT() REPRESENTATION_CONTEXT('2D SPACE',''
  ) );
#1225 = ORIENTED_EDGE('',*,*,#1226,.F.);
#1226 = EDGE_CURVE('',#1227,#1199,#1229,.T.);
#1227 = VERTEX_POINT('',#1228);
#1228 = CARTESIAN_POINT('',(-0.625,1.75,2.E-02));
#1229 = SURFACE_CURVE('',#1230,(#1234,#1241),.PCURVE_S1.);
#1230 = LINE('',#1231,#1232);
#1231 = CARTESIAN_POINT('',(-0.625,1.75,0.));
#1232 = VECTOR('',#1233,1.);
#1233 = DIRECTION('',(0.,0.,1.));
#1234 = PCURVE('',#687,#1235);
#1235 = DEFINITIONAL_REPRESENTATION('',(#1236),#1240);
#1236 = LINE('',#1237,#1238);
#1237 = CARTESIAN_POINT('',(-2.E-02,1.125));
#1238 = VECTOR('',#1239,1.);
#1239 = DIRECTION('',(1.,0.));
#1240 = ( GEOMETRIC_REPRESENTATION_CONTEXT(2) 
PARAMETRIC_REPRESENTATION_CONTEXT() REPRESENTATION_CONTEXT('2D SPACE',''
  ) );
#1241 = PCURVE('',#1242,#1247);
#1242 = PLANE('',#1243);
#1243 = AXIS2_PLACEMENT_3D('',#1244,#1245,#1246);
#1244 = CARTESIAN_POINT('',(-0.625,1.35,0.));
#1245 = DIRECTION('',(1.,0.,-0.));
#1246 = DIRECTION('',(0.,0.,1.));
#1247 = DEFINITIONAL_REPRESENTATION('',(#1248),#1252);
#1248 = LINE('',#1249,#1250);
#1249 = CARTESIAN_POINT('',(0.,-0.4));
#1250 = VECTOR('',#1251,1.);
#1251 = DIRECTION('',(1.,0.));
#1252 = ( GEOMETRIC_REPRESENTATION_CONTEXT(2) 
PARAMETRIC_REPRESENTATION_CONTEXT() REPRESENTATION_CONTEXT('2D SPACE',''
  ) );
#1253 = ORIENTED_EDGE('',*,*,#1254,.F.);
#1254 = EDGE_CURVE('',#1255,#1227,#1257,.T.);
#1255 = VERTEX_POINT('',#1256);
#1256 = CARTESIAN_POINT('',(-0.875,1.75,2.E-02));
#1257 = SURFACE_CURVE('',#1258,(#1262,#1269),.PCURVE_S1.);
#1258 = LINE('',#1259,#1260);
#1259 = CARTESIAN_POINT('',(-1.75,1.75,2.E-02));
#1260 = VECTOR('',#1261,1.);
#1261 = DIRECTION('',(1.,0.,-0.));
#1262 = PCURVE('',#687,#1263);
#1263 = DEFINITIONAL_REPRESENTATION('',(#1264),#1268);
#1264 = LINE('',#1265,#1266);
#1265 = CARTESIAN_POINT('',(0.,0.));
#1266 = VECTOR('',#1267,1.);
#1267 = DIRECTION('',(0.,1.));
#1268 = ( GEOMETRIC_REPRESENTATION_CONTEXT(2) 
PARAMETRIC_REPRESENTATION_CONTEXT() REPRESENTATION_CONTEXT('2D SPACE',''
  ) );
#1269 = PCURVE('',#126,#1270);
#1270 = DEFINITIONAL_REPRESENTATION('',(#1271),#1275);
#1271 = LINE('',#1272,#1273);
#1272 = CARTESIAN_POINT('',(0.,3.5));
#1273 = VECTOR('',#1274,1.);
#1274 = DIRECTION('',(1.,0.));
#1275 = ( GEOMETRIC_REPRESENTATION_CONTEXT(2) 
PARAMETRIC_REPRESENTATION_CONTEXT() REPRESENTATION_CONTEXT('2D SPACE',''
  ) );
#1276 = ORIENTED_EDGE('',*,*,#1277,.T.);
#1277 = EDGE_CURVE('',#1255,#1278,#1280,.T.);
#1278 = VERTEX_POINT('',#1279);
#1279 = CARTESIAN_POINT('',(-0.875,1.75,0.2));
#1280 = SURFACE_CURVE('',#1281,(#1285,#1292),.PCURVE_S1.);
#1281 = LINE('',#1282,#1283);
#1282 = CARTESIAN_POINT('',(-0.875,1.75,0.));
#1283 = VECTOR('',#1284,1.);
#1284 = DIRECTION('',(0.,0.,1.));
#1285 = PCURVE('',#687,#1286);
#1286 = DEFINITIONAL_REPRESENTATION('',(#1287),#1291);
#1287 = LINE('',#1288,#1289);
#1288 = CARTESIAN_POINT('',(-2.E-02,0.875));
#1289 = VECTOR('',#1290,1.);
#1290 = DIRECTION('',(1.,0.));
#1291 = ( GEOMETRIC_REPRESENTATION_CONTEXT(2) 
PARAMETRIC_REPRESENTATION_CONTEXT() REPRESENTATION_CONTEXT('2D SPACE',''
  ) );
#1292 = PCURVE('',#1293,#1298);
#1293 = PLANE('',#1294);
#1294 = AXIS2_PLACEMENT_3D('',#1295,#1296,#1297);
#1295 = CARTESIAN_POINT('',(-0.875,1.35,0.));
#1296 = DIRECTION('',(1.,0.,-0.));
#1297 = DIRECTION('',(0.,0.,1.));
#1298 = DEFINITIONAL_REPRESENTATION('',(#1299),#1303);
#1299 = LINE('',#1300,#1301);
#1300 = CARTESIAN_POINT('',(0.,-0.4));
#1301 = VECTOR('',#1302,1.);
#1302 = DIRECTION('',(1.,0.));
#1303 = ( GEOMETRIC_REPRESENTATION_CONTEXT(2) 
PARAMETRIC_REPRESENTATION_CONTEXT() REPRESENTATION_CONTEXT('2D SPACE',''
  ) );
#1304 = ORIENTED_EDGE('',*,*,#1305,.F.);
#1305 = EDGE_CURVE('',#1306,#1278,#1308,.T.);
#1306 = VERTEX_POINT('',#1307);
#1307 = CARTESIAN_POINT('',(-1.125,1.75,0.2));
#1308 = SURFACE_CURVE('',#1309,(#1313,#1320),.PCURVE_S1.);
#1309 = LINE('',#1310,#1311);
#1310 = CARTESIAN_POINT('',(-1.125,1.75,0.2));
#1311 = VECTOR('',#1312,1.);
#1312 = DIRECTION('',(1.,0.,-0.));
#1313 = PCURVE('',#687,#1314);
#1314 = DEFINITIONAL_REPRESENTATION('',(#1315),#1319);
#1315 = LINE('',#1316,#1317);
#1316 = CARTESIAN_POINT('',(0.18,0.625));
#1317 = VECTOR('',#1318,1.);
#1318 = DIRECTION('',(0.,1.));
#1319 = ( GEOMETRIC_REPRESENTATION_CONTEXT(2) 
PARAMETRIC_REPRESENTATION_CONTEXT() REPRESENTATION_CONTEXT('2D SPACE',''
  ) );
#1320 = PCURVE('',#1321,#1326);
#1321 = PLANE('',#1322);
#1322 = AXIS2_PLACEMENT_3D('',#1323,#1324,#1325);
#1323 = CARTESIAN_POINT('',(-1.125,1.35,0.2));
#1324 = DIRECTION('',(0.,0.,1.));
#1325 = DIRECTION('',(1.,0.,-0.));
#1326 = DEFINITIONAL_REPRESENTATION('',(#1327),#1331);
#1327 = LINE('',#1328,#1329);
#1328 = CARTESIAN_POINT('',(0.,0.4));
#1329 = VECTOR('',#1330,1.);
#1330 = DIRECTION('',(1.,0.));
#1331 = ( GEOMETRIC_REPRESENTATION_CONTEXT(2) 
PARAMETRIC_REPRESENTATION_CONTEXT() REPRESENTATION_CONTEXT('2D SPACE',''
  ) );
#1332 = ORIENTED_EDGE('',*,*,#1333,.F.);
#1333 = EDGE_CURVE('',#779,#1306,#1334,.T.);
#1334 = SURFACE_CURVE('',#1335,(#1339,#1346),.PCURVE_S1.);
#1335 = LINE('',#1336,#1337);
#1336 = CARTESIAN_POINT('',(-1.125,1.75,0.));
#1337 = VECTOR('',#1338,1.);
#1338 = DIRECTION('',(0.,0.,1.));
#1339 = PCURVE('',#687,#1340);
#1340 = DEFINITIONAL_REPRESENTATION('',(#1341),#1345);
#1341 = LINE('',#1342,#1343);
#1342 = CARTESIAN_POINT('',(-2.E-02,0.625));
#1343 = VECTOR('',#1344,1.);
#1344 = DIRECTION('',(1.,0.));
#1345 = ( GEOMETRIC_REPRESENTATION_CONTEXT(2) 
PARAMETRIC_REPRESENTATION_CONTEXT() REPRESENTATION_CONTEXT('2D SPACE',''
  ) );
#1346 = PCURVE('',#1347,#1352);
#1347 = PLANE('',#1348);
#1348 = AXIS2_PLACEMENT_3D('',#1349,#1350,#1351);
#1349 = CARTESIAN_POINT('',(-1.125,1.35,0.));
#1350 = DIRECTION('',(1.,0.,-0.));
#1351 = DIRECTION('',(0.,0.,1.));
#1352 = DEFINITIONAL_REPRESENTATION('',(#1353),#1357);
#1353 = LINE('',#1354,#1355);
#1354 = CARTESIAN_POINT('',(0.,-0.4));
#1355 = VECTOR('',#1356,1.);
#1356 = DIRECTION('',(1.,0.));
#1357 = ( GEOMETRIC_REPRESENTATION_CONTEXT(2) 
PARAMETRIC_REPRESENTATION_CONTEXT() REPRESENTATION_CONTEXT('2D SPACE',''
  ) );
#1358 = ADVANCED_FACE('',(#1359,#3087),#126,.F.);
#1359 = FACE_BOUND('',#1360,.F.);
#1360 = EDGE_LOOP('',(#1361,#1362,#1385,#1411,#1437,#1463,#1486,#1512,
    #1538,#1564,#1587,#1613,#1639,#1665,#1688,#1714,#1740,#1766,#1789,
    #1815,#1841,#1867,#1890,#1913,#1939,#1965,#1991,#2014,#2040,#2066,
    #2092,#2115,#2141,#2167,#2193,#2216,#2242,#2268,#2294,#2317,#2343,
    #2369,#2395,#2416,#2417,#2438,#2464,#2483,#2484,#2505,#2531,#2550,
    #2551,#2572,#2598,#2617,#2618,#2639,#2665,#2684,#2685,#2706,#2732,
    #2751,#2752,#2753,#2774,#2800,#2819,#2820,#2841,#2867,#2886,#2887,
    #2908,#2934,#2953,#2954,#2975,#3001,#3020,#3021,#3042,#3068));
#1361 = ORIENTED_EDGE('',*,*,#110,.F.);
#1362 = ORIENTED_EDGE('',*,*,#1363,.T.);
#1363 = EDGE_CURVE('',#83,#1364,#1366,.T.);
#1364 = VERTEX_POINT('',#1365);
#1365 = CARTESIAN_POINT('',(-1.125,-1.75,2.E-02));
#1366 = SURFACE_CURVE('',#1367,(#1371,#1378),.PCURVE_S1.);
#1367 = LINE('',#1368,#1369);
#1368 = CARTESIAN_POINT('',(-1.75,-1.75,2.E-02));
#1369 = VECTOR('',#1370,1.);
#1370 = DIRECTION('',(1.,0.,-0.));
#1371 = PCURVE('',#126,#1372);
#1372 = DEFINITIONAL_REPRESENTATION('',(#1373),#1377);
#1373 = LINE('',#1374,#1375);
#1374 = CARTESIAN_POINT('',(0.,0.));
#1375 = VECTOR('',#1376,1.);
#1376 = DIRECTION('',(1.,0.));
#1377 = ( GEOMETRIC_REPRESENTATION_CONTEXT(2) 
PARAMETRIC_REPRESENTATION_CONTEXT() REPRESENTATION_CONTEXT('2D SPACE',''
  ) );
#1378 = PCURVE('',#98,#1379);
#1379 = DEFINITIONAL_REPRESENTATION('',(#1380),#1384);
#1380 = LINE('',#1381,#1382);
#1381 = CARTESIAN_POINT('',(0.,0.));
#1382 = VECTOR('',#1383,1.);
#1383 = DIRECTION('',(0.,1.));
#1384 = ( GEOMETRIC_REPRESENTATION_CONTEXT(2) 
PARAMETRIC_REPRESENTATION_CONTEXT() REPRESENTATION_CONTEXT('2D SPACE',''
  ) );
#1385 = ORIENTED_EDGE('',*,*,#1386,.T.);
#1386 = EDGE_CURVE('',#1364,#1387,#1389,.T.);
#1387 = VERTEX_POINT('',#1388);
#1388 = CARTESIAN_POINT('',(-1.125,-1.35,2.E-02));
#1389 = SURFACE_CURVE('',#1390,(#1394,#1400),.PCURVE_S1.);
#1390 = LINE('',#1391,#1392);
#1391 = CARTESIAN_POINT('',(-1.125,-1.75,2.E-02));
#1392 = VECTOR('',#1393,1.);
#1393 = DIRECTION('',(-0.,1.,0.));
#1394 = PCURVE('',#126,#1395);
#1395 = DEFINITIONAL_REPRESENTATION('',(#1396),#1399);
#1396 = B_SPLINE_CURVE_WITH_KNOTS('',1,(#1397,#1398),.UNSPECIFIED.,.F.,
  .F.,(2,2),(0.,0.4),.PIECEWISE_BEZIER_KNOTS.);
#1397 = CARTESIAN_POINT('',(0.625,0.));
#1398 = CARTESIAN_POINT('',(0.625,0.4));
#1399 = ( GEOMETRIC_REPRESENTATION_CONTEXT(2) 
PARAMETRIC_REPRESENTATION_CONTEXT() REPRESENTATION_CONTEXT('2D SPACE',''
  ) );
#1400 = PCURVE('',#1401,#1406);
#1401 = PLANE('',#1402);
#1402 = AXIS2_PLACEMENT_3D('',#1403,#1404,#1405);
#1403 = CARTESIAN_POINT('',(-1.125,-1.75,0.));
#1404 = DIRECTION('',(1.,0.,-0.));
#1405 = DIRECTION('',(0.,0.,1.));
#1406 = DEFINITIONAL_REPRESENTATION('',(#1407),#1410);
#1407 = B_SPLINE_CURVE_WITH_KNOTS('',1,(#1408,#1409),.UNSPECIFIED.,.F.,
  .F.,(2,2),(0.,0.4),.PIECEWISE_BEZIER_KNOTS.);
#1408 = CARTESIAN_POINT('',(2.E-02,0.));
#1409 = CARTESIAN_POINT('',(2.E-02,-0.4));
#1410 = ( GEOMETRIC_REPRESENTATION_CONTEXT(2) 
PARAMETRIC_REPRESENTATION_CONTEXT() REPRESENTATION_CONTEXT('2D SPACE',''
  ) );
#1411 = ORIENTED_EDGE('',*,*,#1412,.F.);
#1412 = EDGE_CURVE('',#1413,#1387,#1415,.T.);
#1413 = VERTEX_POINT('',#1414);
#1414 = CARTESIAN_POINT('',(-0.875,-1.35,2.E-02));
#1415 = SURFACE_CURVE('',#1416,(#1420,#1426),.PCURVE_S1.);
#1416 = LINE('',#1417,#1418);
#1417 = CARTESIAN_POINT('',(-1.4375,-1.35,2.E-02));
#1418 = VECTOR('',#1419,1.);
#1419 = DIRECTION('',(-1.,-0.,0.));
#1420 = PCURVE('',#126,#1421);
#1421 = DEFINITIONAL_REPRESENTATION('',(#1422),#1425);
#1422 = B_SPLINE_CURVE_WITH_KNOTS('',1,(#1423,#1424),.UNSPECIFIED.,.F.,
  .F.,(2,2),(-0.5625,-0.3125),.PIECEWISE_BEZIER_KNOTS.);
#1423 = CARTESIAN_POINT('',(0.875,0.4));
#1424 = CARTESIAN_POINT('',(0.625,0.4));
#1425 = ( GEOMETRIC_REPRESENTATION_CONTEXT(2) 
PARAMETRIC_REPRESENTATION_CONTEXT() REPRESENTATION_CONTEXT('2D SPACE',''
  ) );
#1426 = PCURVE('',#1427,#1432);
#1427 = PLANE('',#1428);
#1428 = AXIS2_PLACEMENT_3D('',#1429,#1430,#1431);
#1429 = CARTESIAN_POINT('',(-1.125,-1.35,0.));
#1430 = DIRECTION('',(-0.,1.,0.));
#1431 = DIRECTION('',(0.,0.,1.));
#1432 = DEFINITIONAL_REPRESENTATION('',(#1433),#1436);
#1433 = B_SPLINE_CURVE_WITH_KNOTS('',1,(#1434,#1435),.UNSPECIFIED.,.F.,
  .F.,(2,2),(-0.5625,-0.3125),.PIECEWISE_BEZIER_KNOTS.);
#1434 = CARTESIAN_POINT('',(2.E-02,0.25));
#1435 = CARTESIAN_POINT('',(2.E-02,0.));
#1436 = ( GEOMETRIC_REPRESENTATION_CONTEXT(2) 
PARAMETRIC_REPRESENTATION_CONTEXT() REPRESENTATION_CONTEXT('2D SPACE',''
  ) );
#1437 = ORIENTED_EDGE('',*,*,#1438,.F.);
#1438 = EDGE_CURVE('',#1439,#1413,#1441,.T.);
#1439 = VERTEX_POINT('',#1440);
#1440 = CARTESIAN_POINT('',(-0.875,-1.75,2.E-02));
#1441 = SURFACE_CURVE('',#1442,(#1446,#1452),.PCURVE_S1.);
#1442 = LINE('',#1443,#1444);
#1443 = CARTESIAN_POINT('',(-0.875,-1.75,2.E-02));
#1444 = VECTOR('',#1445,1.);
#1445 = DIRECTION('',(-0.,1.,0.));
#1446 = PCURVE('',#126,#1447);
#1447 = DEFINITIONAL_REPRESENTATION('',(#1448),#1451);
#1448 = B_SPLINE_CURVE_WITH_KNOTS('',1,(#1449,#1450),.UNSPECIFIED.,.F.,
  .F.,(2,2),(0.,0.4),.PIECEWISE_BEZIER_KNOTS.);
#1449 = CARTESIAN_POINT('',(0.875,0.));
#1450 = CARTESIAN_POINT('',(0.875,0.4));
#1451 = ( GEOMETRIC_REPRESENTATION_CONTEXT(2) 
PARAMETRIC_REPRESENTATION_CONTEXT() REPRESENTATION_CONTEXT('2D SPACE',''
  ) );
#1452 = PCURVE('',#1453,#1458);
#1453 = PLANE('',#1454);
#1454 = AXIS2_PLACEMENT_3D('',#1455,#1456,#1457);
#1455 = CARTESIAN_POINT('',(-0.875,-1.75,0.));
#1456 = DIRECTION('',(1.,0.,-0.));
#1457 = DIRECTION('',(0.,0.,1.));
#1458 = DEFINITIONAL_REPRESENTATION('',(#1459),#1462);
#1459 = B_SPLINE_CURVE_WITH_KNOTS('',1,(#1460,#1461),.UNSPECIFIED.,.F.,
  .F.,(2,2),(0.,0.4),.PIECEWISE_BEZIER_KNOTS.);
#1460 = CARTESIAN_POINT('',(2.E-02,0.));
#1461 = CARTESIAN_POINT('',(2.E-02,-0.4));
#1462 = ( GEOMETRIC_REPRESENTATION_CONTEXT(2) 
PARAMETRIC_REPRESENTATION_CONTEXT() REPRESENTATION_CONTEXT('2D SPACE',''
  ) );
#1463 = ORIENTED_EDGE('',*,*,#1464,.T.);
#1464 = EDGE_CURVE('',#1439,#1465,#1467,.T.);
#1465 = VERTEX_POINT('',#1466);
#1466 = CARTESIAN_POINT('',(-0.625,-1.75,2.E-02));
#1467 = SURFACE_CURVE('',#1468,(#1472,#1479),.PCURVE_S1.);
#1468 = LINE('',#1469,#1470);
#1469 = CARTESIAN_POINT('',(-1.75,-1.75,2.E-02));
#1470 = VECTOR('',#1471,1.);
#1471 = DIRECTION('',(1.,0.,-0.));
#1472 = PCURVE('',#126,#1473);
#1473 = DEFINITIONAL_REPRESENTATION('',(#1474),#1478);
#1474 = LINE('',#1475,#1476);
#1475 = CARTESIAN_POINT('',(0.,0.));
#1476 = VECTOR('',#1477,1.);
#1477 = DIRECTION('',(1.,0.));
#1478 = ( GEOMETRIC_REPRESENTATION_CONTEXT(2) 
PARAMETRIC_REPRESENTATION_CONTEXT() REPRESENTATION_CONTEXT('2D SPACE',''
  ) );
#1479 = PCURVE('',#98,#1480);
#1480 = DEFINITIONAL_REPRESENTATION('',(#1481),#1485);
#1481 = LINE('',#1482,#1483);
#1482 = CARTESIAN_POINT('',(0.,0.));
#1483 = VECTOR('',#1484,1.);
#1484 = DIRECTION('',(0.,1.));
#1485 = ( GEOMETRIC_REPRESENTATION_CONTEXT(2) 
PARAMETRIC_REPRESENTATION_CONTEXT() REPRESENTATION_CONTEXT('2D SPACE',''
  ) );
#1486 = ORIENTED_EDGE('',*,*,#1487,.T.);
#1487 = EDGE_CURVE('',#1465,#1488,#1490,.T.);
#1488 = VERTEX_POINT('',#1489);
#1489 = CARTESIAN_POINT('',(-0.625,-1.35,2.E-02));
#1490 = SURFACE_CURVE('',#1491,(#1495,#1501),.PCURVE_S1.);
#1491 = LINE('',#1492,#1493);
#1492 = CARTESIAN_POINT('',(-0.625,-1.75,2.E-02));
#1493 = VECTOR('',#1494,1.);
#1494 = DIRECTION('',(-0.,1.,0.));
#1495 = PCURVE('',#126,#1496);
#1496 = DEFINITIONAL_REPRESENTATION('',(#1497),#1500);
#1497 = B_SPLINE_CURVE_WITH_KNOTS('',1,(#1498,#1499),.UNSPECIFIED.,.F.,
  .F.,(2,2),(0.,0.4),.PIECEWISE_BEZIER_KNOTS.);
#1498 = CARTESIAN_POINT('',(1.125,0.));
#1499 = CARTESIAN_POINT('',(1.125,0.4));
#1500 = ( GEOMETRIC_REPRESENTATION_CONTEXT(2) 
PARAMETRIC_REPRESENTATION_CONTEXT() REPRESENTATION_CONTEXT('2D SPACE',''
  ) );
#1501 = PCURVE('',#1502,#1507);
#1502 = PLANE('',#1503);
#1503 = AXIS2_PLACEMENT_3D('',#1504,#1505,#1506);
#1504 = CARTESIAN_POINT('',(-0.625,-1.75,0.));
#1505 = DIRECTION('',(1.,0.,-0.));
#1506 = DIRECTION('',(0.,0.,1.));
#1507 = DEFINITIONAL_REPRESENTATION('',(#1508),#1511);
#1508 = B_SPLINE_CURVE_WITH_KNOTS('',1,(#1509,#1510),.UNSPECIFIED.,.F.,
  .F.,(2,2),(0.,0.4),.PIECEWISE_BEZIER_KNOTS.);
#1509 = CARTESIAN_POINT('',(2.E-02,0.));
#1510 = CARTESIAN_POINT('',(2.E-02,-0.4));
#1511 = ( GEOMETRIC_REPRESENTATION_CONTEXT(2) 
PARAMETRIC_REPRESENTATION_CONTEXT() REPRESENTATION_CONTEXT('2D SPACE',''
  ) );
#1512 = ORIENTED_EDGE('',*,*,#1513,.F.);
#1513 = EDGE_CURVE('',#1514,#1488,#1516,.T.);
#1514 = VERTEX_POINT('',#1515);
#1515 = CARTESIAN_POINT('',(-0.375,-1.35,2.E-02));
#1516 = SURFACE_CURVE('',#1517,(#1521,#1527),.PCURVE_S1.);
#1517 = LINE('',#1518,#1519);
#1518 = CARTESIAN_POINT('',(-1.1875,-1.35,2.E-02));
#1519 = VECTOR('',#1520,1.);
#1520 = DIRECTION('',(-1.,-0.,0.));
#1521 = PCURVE('',#126,#1522);
#1522 = DEFINITIONAL_REPRESENTATION('',(#1523),#1526);
#1523 = B_SPLINE_CURVE_WITH_KNOTS('',1,(#1524,#1525),.UNSPECIFIED.,.F.,
  .F.,(2,2),(-0.8125,-0.5625),.PIECEWISE_BEZIER_KNOTS.);
#1524 = CARTESIAN_POINT('',(1.375,0.4));
#1525 = CARTESIAN_POINT('',(1.125,0.4));
#1526 = ( GEOMETRIC_REPRESENTATION_CONTEXT(2) 
PARAMETRIC_REPRESENTATION_CONTEXT() REPRESENTATION_CONTEXT('2D SPACE',''
  ) );
#1527 = PCURVE('',#1528,#1533);
#1528 = PLANE('',#1529);
#1529 = AXIS2_PLACEMENT_3D('',#1530,#1531,#1532);
#1530 = CARTESIAN_POINT('',(-0.625,-1.35,0.));
#1531 = DIRECTION('',(-0.,1.,0.));
#1532 = DIRECTION('',(0.,0.,1.));
#1533 = DEFINITIONAL_REPRESENTATION('',(#1534),#1537);
#1534 = B_SPLINE_CURVE_WITH_KNOTS('',1,(#1535,#1536),.UNSPECIFIED.,.F.,
  .F.,(2,2),(-0.8125,-0.5625),.PIECEWISE_BEZIER_KNOTS.);
#1535 = CARTESIAN_POINT('',(2.E-02,0.25));
#1536 = CARTESIAN_POINT('',(2.E-02,0.));
#1537 = ( GEOMETRIC_REPRESENTATION_CONTEXT(2) 
PARAMETRIC_REPRESENTATION_CONTEXT() REPRESENTATION_CONTEXT('2D SPACE',''
  ) );
#1538 = ORIENTED_EDGE('',*,*,#1539,.F.);
#1539 = EDGE_CURVE('',#1540,#1514,#1542,.T.);
#1540 = VERTEX_POINT('',#1541);
#1541 = CARTESIAN_POINT('',(-0.375,-1.75,2.E-02));
#1542 = SURFACE_CURVE('',#1543,(#1547,#1553),.PCURVE_S1.);
#1543 = LINE('',#1544,#1545);
#1544 = CARTESIAN_POINT('',(-0.375,-1.75,2.E-02));
#1545 = VECTOR('',#1546,1.);
#1546 = DIRECTION('',(-0.,1.,0.));
#1547 = PCURVE('',#126,#1548);
#1548 = DEFINITIONAL_REPRESENTATION('',(#1549),#1552);
#1549 = B_SPLINE_CURVE_WITH_KNOTS('',1,(#1550,#1551),.UNSPECIFIED.,.F.,
  .F.,(2,2),(0.,0.4),.PIECEWISE_BEZIER_KNOTS.);
#1550 = CARTESIAN_POINT('',(1.375,0.));
#1551 = CARTESIAN_POINT('',(1.375,0.4));
#1552 = ( GEOMETRIC_REPRESENTATION_CONTEXT(2) 
PARAMETRIC_REPRESENTATION_CONTEXT() REPRESENTATION_CONTEXT('2D SPACE',''
  ) );
#1553 = PCURVE('',#1554,#1559);
#1554 = PLANE('',#1555);
#1555 = AXIS2_PLACEMENT_3D('',#1556,#1557,#1558);
#1556 = CARTESIAN_POINT('',(-0.375,-1.75,0.));
#1557 = DIRECTION('',(1.,0.,-0.));
#1558 = DIRECTION('',(0.,0.,1.));
#1559 = DEFINITIONAL_REPRESENTATION('',(#1560),#1563);
#1560 = B_SPLINE_CURVE_WITH_KNOTS('',1,(#1561,#1562),.UNSPECIFIED.,.F.,
  .F.,(2,2),(0.,0.4),.PIECEWISE_BEZIER_KNOTS.);
#1561 = CARTESIAN_POINT('',(2.E-02,0.));
#1562 = CARTESIAN_POINT('',(2.E-02,-0.4));
#1563 = ( GEOMETRIC_REPRESENTATION_CONTEXT(2) 
PARAMETRIC_REPRESENTATION_CONTEXT() REPRESENTATION_CONTEXT('2D SPACE',''
  ) );
#1564 = ORIENTED_EDGE('',*,*,#1565,.T.);
#1565 = EDGE_CURVE('',#1540,#1566,#1568,.T.);
#1566 = VERTEX_POINT('',#1567);
#1567 = CARTESIAN_POINT('',(-0.125,-1.75,2.E-02));
#1568 = SURFACE_CURVE('',#1569,(#1573,#1580),.PCURVE_S1.);
#1569 = LINE('',#1570,#1571);
#1570 = CARTESIAN_POINT('',(-1.75,-1.75,2.E-02));
#1571 = VECTOR('',#1572,1.);
#1572 = DIRECTION('',(1.,0.,-0.));
#1573 = PCURVE('',#126,#1574);
#1574 = DEFINITIONAL_REPRESENTATION('',(#1575),#1579);
#1575 = LINE('',#1576,#1577);
#1576 = CARTESIAN_POINT('',(0.,0.));
#1577 = VECTOR('',#1578,1.);
#1578 = DIRECTION('',(1.,0.));
#1579 = ( GEOMETRIC_REPRESENTATION_CONTEXT(2) 
PARAMETRIC_REPRESENTATION_CONTEXT() REPRESENTATION_CONTEXT('2D SPACE',''
  ) );
#1580 = PCURVE('',#98,#1581);
#1581 = DEFINITIONAL_REPRESENTATION('',(#1582),#1586);
#1582 = LINE('',#1583,#1584);
#1583 = CARTESIAN_POINT('',(0.,0.));
#1584 = VECTOR('',#1585,1.);
#1585 = DIRECTION('',(0.,1.));
#1586 = ( GEOMETRIC_REPRESENTATION_CONTEXT(2) 
PARAMETRIC_REPRESENTATION_CONTEXT() REPRESENTATION_CONTEXT('2D SPACE',''
  ) );
#1587 = ORIENTED_EDGE('',*,*,#1588,.T.);
#1588 = EDGE_CURVE('',#1566,#1589,#1591,.T.);
#1589 = VERTEX_POINT('',#1590);
#1590 = CARTESIAN_POINT('',(-0.125,-1.35,2.E-02));
#1591 = SURFACE_CURVE('',#1592,(#1596,#1602),.PCURVE_S1.);
#1592 = LINE('',#1593,#1594);
#1593 = CARTESIAN_POINT('',(-0.125,-1.75,2.E-02));
#1594 = VECTOR('',#1595,1.);
#1595 = DIRECTION('',(-0.,1.,0.));
#1596 = PCURVE('',#126,#1597);
#1597 = DEFINITIONAL_REPRESENTATION('',(#1598),#1601);
#1598 = B_SPLINE_CURVE_WITH_KNOTS('',1,(#1599,#1600),.UNSPECIFIED.,.F.,
  .F.,(2,2),(0.,0.4),.PIECEWISE_BEZIER_KNOTS.);
#1599 = CARTESIAN_POINT('',(1.625,0.));
#1600 = CARTESIAN_POINT('',(1.625,0.4));
#1601 = ( GEOMETRIC_REPRESENTATION_CONTEXT(2) 
PARAMETRIC_REPRESENTATION_CONTEXT() REPRESENTATION_CONTEXT('2D SPACE',''
  ) );
#1602 = PCURVE('',#1603,#1608);
#1603 = PLANE('',#1604);
#1604 = AXIS2_PLACEMENT_3D('',#1605,#1606,#1607);
#1605 = CARTESIAN_POINT('',(-0.125,-1.75,0.));
#1606 = DIRECTION('',(1.,0.,-0.));
#1607 = DIRECTION('',(0.,0.,1.));
#1608 = DEFINITIONAL_REPRESENTATION('',(#1609),#1612);
#1609 = B_SPLINE_CURVE_WITH_KNOTS('',1,(#1610,#1611),.UNSPECIFIED.,.F.,
  .F.,(2,2),(0.,0.4),.PIECEWISE_BEZIER_KNOTS.);
#1610 = CARTESIAN_POINT('',(2.E-02,0.));
#1611 = CARTESIAN_POINT('',(2.E-02,-0.4));
#1612 = ( GEOMETRIC_REPRESENTATION_CONTEXT(2) 
PARAMETRIC_REPRESENTATION_CONTEXT() REPRESENTATION_CONTEXT('2D SPACE',''
  ) );
#1613 = ORIENTED_EDGE('',*,*,#1614,.F.);
#1614 = EDGE_CURVE('',#1615,#1589,#1617,.T.);
#1615 = VERTEX_POINT('',#1616);
#1616 = CARTESIAN_POINT('',(0.125,-1.35,2.E-02));
#1617 = SURFACE_CURVE('',#1618,(#1622,#1628),.PCURVE_S1.);
#1618 = LINE('',#1619,#1620);
#1619 = CARTESIAN_POINT('',(-0.9375,-1.35,2.E-02));
#1620 = VECTOR('',#1621,1.);
#1621 = DIRECTION('',(-1.,-0.,0.));
#1622 = PCURVE('',#126,#1623);
#1623 = DEFINITIONAL_REPRESENTATION('',(#1624),#1627);
#1624 = B_SPLINE_CURVE_WITH_KNOTS('',1,(#1625,#1626),.UNSPECIFIED.,.F.,
  .F.,(2,2),(-1.0625,-0.8125),.PIECEWISE_BEZIER_KNOTS.);
#1625 = CARTESIAN_POINT('',(1.875,0.4));
#1626 = CARTESIAN_POINT('',(1.625,0.4));
#1627 = ( GEOMETRIC_REPRESENTATION_CONTEXT(2) 
PARAMETRIC_REPRESENTATION_CONTEXT() REPRESENTATION_CONTEXT('2D SPACE',''
  ) );
#1628 = PCURVE('',#1629,#1634);
#1629 = PLANE('',#1630);
#1630 = AXIS2_PLACEMENT_3D('',#1631,#1632,#1633);
#1631 = CARTESIAN_POINT('',(-0.125,-1.35,0.));
#1632 = DIRECTION('',(-0.,1.,0.));
#1633 = DIRECTION('',(0.,0.,1.));
#1634 = DEFINITIONAL_REPRESENTATION('',(#1635),#1638);
#1635 = B_SPLINE_CURVE_WITH_KNOTS('',1,(#1636,#1637),.UNSPECIFIED.,.F.,
  .F.,(2,2),(-1.0625,-0.8125),.PIECEWISE_BEZIER_KNOTS.);
#1636 = CARTESIAN_POINT('',(2.E-02,0.25));
#1637 = CARTESIAN_POINT('',(2.E-02,0.));
#1638 = ( GEOMETRIC_REPRESENTATION_CONTEXT(2) 
PARAMETRIC_REPRESENTATION_CONTEXT() REPRESENTATION_CONTEXT('2D SPACE',''
  ) );
#1639 = ORIENTED_EDGE('',*,*,#1640,.F.);
#1640 = EDGE_CURVE('',#1641,#1615,#1643,.T.);
#1641 = VERTEX_POINT('',#1642);
#1642 = CARTESIAN_POINT('',(0.125,-1.75,2.E-02));
#1643 = SURFACE_CURVE('',#1644,(#1648,#1654),.PCURVE_S1.);
#1644 = LINE('',#1645,#1646);
#1645 = CARTESIAN_POINT('',(0.125,-1.75,2.E-02));
#1646 = VECTOR('',#1647,1.);
#1647 = DIRECTION('',(-0.,1.,0.));
#1648 = PCURVE('',#126,#1649);
#1649 = DEFINITIONAL_REPRESENTATION('',(#1650),#1653);
#1650 = B_SPLINE_CURVE_WITH_KNOTS('',1,(#1651,#1652),.UNSPECIFIED.,.F.,
  .F.,(2,2),(0.,0.4),.PIECEWISE_BEZIER_KNOTS.);
#1651 = CARTESIAN_POINT('',(1.875,0.));
#1652 = CARTESIAN_POINT('',(1.875,0.4));
#1653 = ( GEOMETRIC_REPRESENTATION_CONTEXT(2) 
PARAMETRIC_REPRESENTATION_CONTEXT() REPRESENTATION_CONTEXT('2D SPACE',''
  ) );
#1654 = PCURVE('',#1655,#1660);
#1655 = PLANE('',#1656);
#1656 = AXIS2_PLACEMENT_3D('',#1657,#1658,#1659);
#1657 = CARTESIAN_POINT('',(0.125,-1.75,0.));
#1658 = DIRECTION('',(1.,0.,-0.));
#1659 = DIRECTION('',(0.,0.,1.));
#1660 = DEFINITIONAL_REPRESENTATION('',(#1661),#1664);
#1661 = B_SPLINE_CURVE_WITH_KNOTS('',1,(#1662,#1663),.UNSPECIFIED.,.F.,
  .F.,(2,2),(0.,0.4),.PIECEWISE_BEZIER_KNOTS.);
#1662 = CARTESIAN_POINT('',(2.E-02,0.));
#1663 = CARTESIAN_POINT('',(2.E-02,-0.4));
#1664 = ( GEOMETRIC_REPRESENTATION_CONTEXT(2) 
PARAMETRIC_REPRESENTATION_CONTEXT() REPRESENTATION_CONTEXT('2D SPACE',''
  ) );
#1665 = ORIENTED_EDGE('',*,*,#1666,.T.);
#1666 = EDGE_CURVE('',#1641,#1667,#1669,.T.);
#1667 = VERTEX_POINT('',#1668);
#1668 = CARTESIAN_POINT('',(0.375,-1.75,2.E-02));
#1669 = SURFACE_CURVE('',#1670,(#1674,#1681),.PCURVE_S1.);
#1670 = LINE('',#1671,#1672);
#1671 = CARTESIAN_POINT('',(-1.75,-1.75,2.E-02));
#1672 = VECTOR('',#1673,1.);
#1673 = DIRECTION('',(1.,0.,-0.));
#1674 = PCURVE('',#126,#1675);
#1675 = DEFINITIONAL_REPRESENTATION('',(#1676),#1680);
#1676 = LINE('',#1677,#1678);
#1677 = CARTESIAN_POINT('',(0.,0.));
#1678 = VECTOR('',#1679,1.);
#1679 = DIRECTION('',(1.,0.));
#1680 = ( GEOMETRIC_REPRESENTATION_CONTEXT(2) 
PARAMETRIC_REPRESENTATION_CONTEXT() REPRESENTATION_CONTEXT('2D SPACE',''
  ) );
#1681 = PCURVE('',#98,#1682);
#1682 = DEFINITIONAL_REPRESENTATION('',(#1683),#1687);
#1683 = LINE('',#1684,#1685);
#1684 = CARTESIAN_POINT('',(0.,0.));
#1685 = VECTOR('',#1686,1.);
#1686 = DIRECTION('',(0.,1.));
#1687 = ( GEOMETRIC_REPRESENTATION_CONTEXT(2) 
PARAMETRIC_REPRESENTATION_CONTEXT() REPRESENTATION_CONTEXT('2D SPACE',''
  ) );
#1688 = ORIENTED_EDGE('',*,*,#1689,.T.);
#1689 = EDGE_CURVE('',#1667,#1690,#1692,.T.);
#1690 = VERTEX_POINT('',#1691);
#1691 = CARTESIAN_POINT('',(0.375,-1.35,2.E-02));
#1692 = SURFACE_CURVE('',#1693,(#1697,#1703),.PCURVE_S1.);
#1693 = LINE('',#1694,#1695);
#1694 = CARTESIAN_POINT('',(0.375,-1.75,2.E-02));
#1695 = VECTOR('',#1696,1.);
#1696 = DIRECTION('',(-0.,1.,0.));
#1697 = PCURVE('',#126,#1698);
#1698 = DEFINITIONAL_REPRESENTATION('',(#1699),#1702);
#1699 = B_SPLINE_CURVE_WITH_KNOTS('',1,(#1700,#1701),.UNSPECIFIED.,.F.,
  .F.,(2,2),(0.,0.4),.PIECEWISE_BEZIER_KNOTS.);
#1700 = CARTESIAN_POINT('',(2.125,0.));
#1701 = CARTESIAN_POINT('',(2.125,0.4));
#1702 = ( GEOMETRIC_REPRESENTATION_CONTEXT(2) 
PARAMETRIC_REPRESENTATION_CONTEXT() REPRESENTATION_CONTEXT('2D SPACE',''
  ) );
#1703 = PCURVE('',#1704,#1709);
#1704 = PLANE('',#1705);
#1705 = AXIS2_PLACEMENT_3D('',#1706,#1707,#1708);
#1706 = CARTESIAN_POINT('',(0.375,-1.75,0.));
#1707 = DIRECTION('',(1.,0.,-0.));
#1708 = DIRECTION('',(0.,0.,1.));
#1709 = DEFINITIONAL_REPRESENTATION('',(#1710),#1713);
#1710 = B_SPLINE_CURVE_WITH_KNOTS('',1,(#1711,#1712),.UNSPECIFIED.,.F.,
  .F.,(2,2),(0.,0.4),.PIECEWISE_BEZIER_KNOTS.);
#1711 = CARTESIAN_POINT('',(2.E-02,0.));
#1712 = CARTESIAN_POINT('',(2.E-02,-0.4));
#1713 = ( GEOMETRIC_REPRESENTATION_CONTEXT(2) 
PARAMETRIC_REPRESENTATION_CONTEXT() REPRESENTATION_CONTEXT('2D SPACE',''
  ) );
#1714 = ORIENTED_EDGE('',*,*,#1715,.F.);
#1715 = EDGE_CURVE('',#1716,#1690,#1718,.T.);
#1716 = VERTEX_POINT('',#1717);
#1717 = CARTESIAN_POINT('',(0.625,-1.35,2.E-02));
#1718 = SURFACE_CURVE('',#1719,(#1723,#1729),.PCURVE_S1.);
#1719 = LINE('',#1720,#1721);
#1720 = CARTESIAN_POINT('',(-0.6875,-1.35,2.E-02));
#1721 = VECTOR('',#1722,1.);
#1722 = DIRECTION('',(-1.,-0.,0.));
#1723 = PCURVE('',#126,#1724);
#1724 = DEFINITIONAL_REPRESENTATION('',(#1725),#1728);
#1725 = B_SPLINE_CURVE_WITH_KNOTS('',1,(#1726,#1727),.UNSPECIFIED.,.F.,
  .F.,(2,2),(-1.3125,-1.0625),.PIECEWISE_BEZIER_KNOTS.);
#1726 = CARTESIAN_POINT('',(2.375,0.4));
#1727 = CARTESIAN_POINT('',(2.125,0.4));
#1728 = ( GEOMETRIC_REPRESENTATION_CONTEXT(2) 
PARAMETRIC_REPRESENTATION_CONTEXT() REPRESENTATION_CONTEXT('2D SPACE',''
  ) );
#1729 = PCURVE('',#1730,#1735);
#1730 = PLANE('',#1731);
#1731 = AXIS2_PLACEMENT_3D('',#1732,#1733,#1734);
#1732 = CARTESIAN_POINT('',(0.375,-1.35,0.));
#1733 = DIRECTION('',(-0.,1.,0.));
#1734 = DIRECTION('',(0.,0.,1.));
#1735 = DEFINITIONAL_REPRESENTATION('',(#1736),#1739);
#1736 = B_SPLINE_CURVE_WITH_KNOTS('',1,(#1737,#1738),.UNSPECIFIED.,.F.,
  .F.,(2,2),(-1.3125,-1.0625),.PIECEWISE_BEZIER_KNOTS.);
#1737 = CARTESIAN_POINT('',(2.E-02,0.25));
#1738 = CARTESIAN_POINT('',(2.E-02,0.));
#1739 = ( GEOMETRIC_REPRESENTATION_CONTEXT(2) 
PARAMETRIC_REPRESENTATION_CONTEXT() REPRESENTATION_CONTEXT('2D SPACE',''
  ) );
#1740 = ORIENTED_EDGE('',*,*,#1741,.F.);
#1741 = EDGE_CURVE('',#1742,#1716,#1744,.T.);
#1742 = VERTEX_POINT('',#1743);
#1743 = CARTESIAN_POINT('',(0.625,-1.75,2.E-02));
#1744 = SURFACE_CURVE('',#1745,(#1749,#1755),.PCURVE_S1.);
#1745 = LINE('',#1746,#1747);
#1746 = CARTESIAN_POINT('',(0.625,-1.75,2.E-02));
#1747 = VECTOR('',#1748,1.);
#1748 = DIRECTION('',(-0.,1.,0.));
#1749 = PCURVE('',#126,#1750);
#1750 = DEFINITIONAL_REPRESENTATION('',(#1751),#1754);
#1751 = B_SPLINE_CURVE_WITH_KNOTS('',1,(#1752,#1753),.UNSPECIFIED.,.F.,
  .F.,(2,2),(0.,0.4),.PIECEWISE_BEZIER_KNOTS.);
#1752 = CARTESIAN_POINT('',(2.375,0.));
#1753 = CARTESIAN_POINT('',(2.375,0.4));
#1754 = ( GEOMETRIC_REPRESENTATION_CONTEXT(2) 
PARAMETRIC_REPRESENTATION_CONTEXT() REPRESENTATION_CONTEXT('2D SPACE',''
  ) );
#1755 = PCURVE('',#1756,#1761);
#1756 = PLANE('',#1757);
#1757 = AXIS2_PLACEMENT_3D('',#1758,#1759,#1760);
#1758 = CARTESIAN_POINT('',(0.625,-1.75,0.));
#1759 = DIRECTION('',(1.,0.,-0.));
#1760 = DIRECTION('',(0.,0.,1.));
#1761 = DEFINITIONAL_REPRESENTATION('',(#1762),#1765);
#1762 = B_SPLINE_CURVE_WITH_KNOTS('',1,(#1763,#1764),.UNSPECIFIED.,.F.,
  .F.,(2,2),(0.,0.4),.PIECEWISE_BEZIER_KNOTS.);
#1763 = CARTESIAN_POINT('',(2.E-02,0.));
#1764 = CARTESIAN_POINT('',(2.E-02,-0.4));
#1765 = ( GEOMETRIC_REPRESENTATION_CONTEXT(2) 
PARAMETRIC_REPRESENTATION_CONTEXT() REPRESENTATION_CONTEXT('2D SPACE',''
  ) );
#1766 = ORIENTED_EDGE('',*,*,#1767,.T.);
#1767 = EDGE_CURVE('',#1742,#1768,#1770,.T.);
#1768 = VERTEX_POINT('',#1769);
#1769 = CARTESIAN_POINT('',(0.875,-1.75,2.E-02));
#1770 = SURFACE_CURVE('',#1771,(#1775,#1782),.PCURVE_S1.);
#1771 = LINE('',#1772,#1773);
#1772 = CARTESIAN_POINT('',(-1.75,-1.75,2.E-02));
#1773 = VECTOR('',#1774,1.);
#1774 = DIRECTION('',(1.,0.,-0.));
#1775 = PCURVE('',#126,#1776);
#1776 = DEFINITIONAL_REPRESENTATION('',(#1777),#1781);
#1777 = LINE('',#1778,#1779);
#1778 = CARTESIAN_POINT('',(0.,0.));
#1779 = VECTOR('',#1780,1.);
#1780 = DIRECTION('',(1.,0.));
#1781 = ( GEOMETRIC_REPRESENTATION_CONTEXT(2) 
PARAMETRIC_REPRESENTATION_CONTEXT() REPRESENTATION_CONTEXT('2D SPACE',''
  ) );
#1782 = PCURVE('',#98,#1783);
#1783 = DEFINITIONAL_REPRESENTATION('',(#1784),#1788);
#1784 = LINE('',#1785,#1786);
#1785 = CARTESIAN_POINT('',(0.,0.));
#1786 = VECTOR('',#1787,1.);
#1787 = DIRECTION('',(0.,1.));
#1788 = ( GEOMETRIC_REPRESENTATION_CONTEXT(2) 
PARAMETRIC_REPRESENTATION_CONTEXT() REPRESENTATION_CONTEXT('2D SPACE',''
  ) );
#1789 = ORIENTED_EDGE('',*,*,#1790,.T.);
#1790 = EDGE_CURVE('',#1768,#1791,#1793,.T.);
#1791 = VERTEX_POINT('',#1792);
#1792 = CARTESIAN_POINT('',(0.875,-1.35,2.E-02));
#1793 = SURFACE_CURVE('',#1794,(#1798,#1804),.PCURVE_S1.);
#1794 = LINE('',#1795,#1796);
#1795 = CARTESIAN_POINT('',(0.875,-1.75,2.E-02));
#1796 = VECTOR('',#1797,1.);
#1797 = DIRECTION('',(-0.,1.,0.));
#1798 = PCURVE('',#126,#1799);
#1799 = DEFINITIONAL_REPRESENTATION('',(#1800),#1803);
#1800 = B_SPLINE_CURVE_WITH_KNOTS('',1,(#1801,#1802),.UNSPECIFIED.,.F.,
  .F.,(2,2),(0.,0.4),.PIECEWISE_BEZIER_KNOTS.);
#1801 = CARTESIAN_POINT('',(2.625,0.));
#1802 = CARTESIAN_POINT('',(2.625,0.4));
#1803 = ( GEOMETRIC_REPRESENTATION_CONTEXT(2) 
PARAMETRIC_REPRESENTATION_CONTEXT() REPRESENTATION_CONTEXT('2D SPACE',''
  ) );
#1804 = PCURVE('',#1805,#1810);
#1805 = PLANE('',#1806);
#1806 = AXIS2_PLACEMENT_3D('',#1807,#1808,#1809);
#1807 = CARTESIAN_POINT('',(0.875,-1.75,0.));
#1808 = DIRECTION('',(1.,0.,-0.));
#1809 = DIRECTION('',(0.,0.,1.));
#1810 = DEFINITIONAL_REPRESENTATION('',(#1811),#1814);
#1811 = B_SPLINE_CURVE_WITH_KNOTS('',1,(#1812,#1813),.UNSPECIFIED.,.F.,
  .F.,(2,2),(0.,0.4),.PIECEWISE_BEZIER_KNOTS.);
#1812 = CARTESIAN_POINT('',(2.E-02,0.));
#1813 = CARTESIAN_POINT('',(2.E-02,-0.4));
#1814 = ( GEOMETRIC_REPRESENTATION_CONTEXT(2) 
PARAMETRIC_REPRESENTATION_CONTEXT() REPRESENTATION_CONTEXT('2D SPACE',''
  ) );
#1815 = ORIENTED_EDGE('',*,*,#1816,.F.);
#1816 = EDGE_CURVE('',#1817,#1791,#1819,.T.);
#1817 = VERTEX_POINT('',#1818);
#1818 = CARTESIAN_POINT('',(1.125,-1.35,2.E-02));
#1819 = SURFACE_CURVE('',#1820,(#1824,#1830),.PCURVE_S1.);
#1820 = LINE('',#1821,#1822);
#1821 = CARTESIAN_POINT('',(-0.4375,-1.35,2.E-02));
#1822 = VECTOR('',#1823,1.);
#1823 = DIRECTION('',(-1.,-0.,0.));
#1824 = PCURVE('',#126,#1825);
#1825 = DEFINITIONAL_REPRESENTATION('',(#1826),#1829);
#1826 = B_SPLINE_CURVE_WITH_KNOTS('',1,(#1827,#1828),.UNSPECIFIED.,.F.,
  .F.,(2,2),(-1.5625,-1.3125),.PIECEWISE_BEZIER_KNOTS.);
#1827 = CARTESIAN_POINT('',(2.875,0.4));
#1828 = CARTESIAN_POINT('',(2.625,0.4));
#1829 = ( GEOMETRIC_REPRESENTATION_CONTEXT(2) 
PARAMETRIC_REPRESENTATION_CONTEXT() REPRESENTATION_CONTEXT('2D SPACE',''
  ) );
#1830 = PCURVE('',#1831,#1836);
#1831 = PLANE('',#1832);
#1832 = AXIS2_PLACEMENT_3D('',#1833,#1834,#1835);
#1833 = CARTESIAN_POINT('',(0.875,-1.35,0.));
#1834 = DIRECTION('',(-0.,1.,0.));
#1835 = DIRECTION('',(0.,0.,1.));
#1836 = DEFINITIONAL_REPRESENTATION('',(#1837),#1840);
#1837 = B_SPLINE_CURVE_WITH_KNOTS('',1,(#1838,#1839),.UNSPECIFIED.,.F.,
  .F.,(2,2),(-1.5625,-1.3125),.PIECEWISE_BEZIER_KNOTS.);
#1838 = CARTESIAN_POINT('',(2.E-02,0.25));
#1839 = CARTESIAN_POINT('',(2.E-02,0.));
#1840 = ( GEOMETRIC_REPRESENTATION_CONTEXT(2) 
PARAMETRIC_REPRESENTATION_CONTEXT() REPRESENTATION_CONTEXT('2D SPACE',''
  ) );
#1841 = ORIENTED_EDGE('',*,*,#1842,.F.);
#1842 = EDGE_CURVE('',#1843,#1817,#1845,.T.);
#1843 = VERTEX_POINT('',#1844);
#1844 = CARTESIAN_POINT('',(1.125,-1.75,2.E-02));
#1845 = SURFACE_CURVE('',#1846,(#1850,#1856),.PCURVE_S1.);
#1846 = LINE('',#1847,#1848);
#1847 = CARTESIAN_POINT('',(1.125,-1.75,2.E-02));
#1848 = VECTOR('',#1849,1.);
#1849 = DIRECTION('',(-0.,1.,0.));
#1850 = PCURVE('',#126,#1851);
#1851 = DEFINITIONAL_REPRESENTATION('',(#1852),#1855);
#1852 = B_SPLINE_CURVE_WITH_KNOTS('',1,(#1853,#1854),.UNSPECIFIED.,.F.,
  .F.,(2,2),(0.,0.4),.PIECEWISE_BEZIER_KNOTS.);
#1853 = CARTESIAN_POINT('',(2.875,0.));
#1854 = CARTESIAN_POINT('',(2.875,0.4));
#1855 = ( GEOMETRIC_REPRESENTATION_CONTEXT(2) 
PARAMETRIC_REPRESENTATION_CONTEXT() REPRESENTATION_CONTEXT('2D SPACE',''
  ) );
#1856 = PCURVE('',#1857,#1862);
#1857 = PLANE('',#1858);
#1858 = AXIS2_PLACEMENT_3D('',#1859,#1860,#1861);
#1859 = CARTESIAN_POINT('',(1.125,-1.75,0.));
#1860 = DIRECTION('',(1.,0.,-0.));
#1861 = DIRECTION('',(0.,0.,1.));
#1862 = DEFINITIONAL_REPRESENTATION('',(#1863),#1866);
#1863 = B_SPLINE_CURVE_WITH_KNOTS('',1,(#1864,#1865),.UNSPECIFIED.,.F.,
  .F.,(2,2),(0.,0.4),.PIECEWISE_BEZIER_KNOTS.);
#1864 = CARTESIAN_POINT('',(2.E-02,0.));
#1865 = CARTESIAN_POINT('',(2.E-02,-0.4));
#1866 = ( GEOMETRIC_REPRESENTATION_CONTEXT(2) 
PARAMETRIC_REPRESENTATION_CONTEXT() REPRESENTATION_CONTEXT('2D SPACE',''
  ) );
#1867 = ORIENTED_EDGE('',*,*,#1868,.T.);
#1868 = EDGE_CURVE('',#1843,#1869,#1871,.T.);
#1869 = VERTEX_POINT('',#1870);
#1870 = CARTESIAN_POINT('',(1.75,-1.75,2.E-02));
#1871 = SURFACE_CURVE('',#1872,(#1876,#1883),.PCURVE_S1.);
#1872 = LINE('',#1873,#1874);
#1873 = CARTESIAN_POINT('',(-1.75,-1.75,2.E-02));
#1874 = VECTOR('',#1875,1.);
#1875 = DIRECTION('',(1.,0.,-0.));
#1876 = PCURVE('',#126,#1877);
#1877 = DEFINITIONAL_REPRESENTATION('',(#1878),#1882);
#1878 = LINE('',#1879,#1880);
#1879 = CARTESIAN_POINT('',(0.,0.));
#1880 = VECTOR('',#1881,1.);
#1881 = DIRECTION('',(1.,0.));
#1882 = ( GEOMETRIC_REPRESENTATION_CONTEXT(2) 
PARAMETRIC_REPRESENTATION_CONTEXT() REPRESENTATION_CONTEXT('2D SPACE',''
  ) );
#1883 = PCURVE('',#98,#1884);
#1884 = DEFINITIONAL_REPRESENTATION('',(#1885),#1889);
#1885 = LINE('',#1886,#1887);
#1886 = CARTESIAN_POINT('',(0.,0.));
#1887 = VECTOR('',#1888,1.);
#1888 = DIRECTION('',(0.,1.));
#1889 = ( GEOMETRIC_REPRESENTATION_CONTEXT(2) 
PARAMETRIC_REPRESENTATION_CONTEXT() REPRESENTATION_CONTEXT('2D SPACE',''
  ) );
#1890 = ORIENTED_EDGE('',*,*,#1891,.T.);
#1891 = EDGE_CURVE('',#1869,#1892,#1894,.T.);
#1892 = VERTEX_POINT('',#1893);
#1893 = CARTESIAN_POINT('',(1.75,-1.125,2.E-02));
#1894 = SURFACE_CURVE('',#1895,(#1899,#1906),.PCURVE_S1.);
#1895 = LINE('',#1896,#1897);
#1896 = CARTESIAN_POINT('',(1.75,-1.75,2.E-02));
#1897 = VECTOR('',#1898,1.);
#1898 = DIRECTION('',(-0.,1.,0.));
#1899 = PCURVE('',#126,#1900);
#1900 = DEFINITIONAL_REPRESENTATION('',(#1901),#1905);
#1901 = LINE('',#1902,#1903);
#1902 = CARTESIAN_POINT('',(3.5,0.));
#1903 = VECTOR('',#1904,1.);
#1904 = DIRECTION('',(0.,1.));
#1905 = ( GEOMETRIC_REPRESENTATION_CONTEXT(2) 
PARAMETRIC_REPRESENTATION_CONTEXT() REPRESENTATION_CONTEXT('2D SPACE',''
  ) );
#1906 = PCURVE('',#742,#1907);
#1907 = DEFINITIONAL_REPRESENTATION('',(#1908),#1912);
#1908 = LINE('',#1909,#1910);
#1909 = CARTESIAN_POINT('',(0.,0.));
#1910 = VECTOR('',#1911,1.);
#1911 = DIRECTION('',(0.,-1.));
#1912 = ( GEOMETRIC_REPRESENTATION_CONTEXT(2) 
PARAMETRIC_REPRESENTATION_CONTEXT() REPRESENTATION_CONTEXT('2D SPACE',''
  ) );
#1913 = ORIENTED_EDGE('',*,*,#1914,.T.);
#1914 = EDGE_CURVE('',#1892,#1915,#1917,.T.);
#1915 = VERTEX_POINT('',#1916);
#1916 = CARTESIAN_POINT('',(1.35,-1.125,2.E-02));
#1917 = SURFACE_CURVE('',#1918,(#1922,#1928),.PCURVE_S1.);
#1918 = LINE('',#1919,#1920);
#1919 = CARTESIAN_POINT('',(-0.2,-1.125,2.E-02));
#1920 = VECTOR('',#1921,1.);
#1921 = DIRECTION('',(-1.,-0.,0.));
#1922 = PCURVE('',#126,#1923);
#1923 = DEFINITIONAL_REPRESENTATION('',(#1924),#1927);
#1924 = B_SPLINE_CURVE_WITH_KNOTS('',1,(#1925,#1926),.UNSPECIFIED.,.F.,
  .F.,(2,2),(-1.95,-1.55),.PIECEWISE_BEZIER_KNOTS.);
#1925 = CARTESIAN_POINT('',(3.5,0.625));
#1926 = CARTESIAN_POINT('',(3.1,0.625));
#1927 = ( GEOMETRIC_REPRESENTATION_CONTEXT(2) 
PARAMETRIC_REPRESENTATION_CONTEXT() REPRESENTATION_CONTEXT('2D SPACE',''
  ) );
#1928 = PCURVE('',#1929,#1934);
#1929 = PLANE('',#1930);
#1930 = AXIS2_PLACEMENT_3D('',#1931,#1932,#1933);
#1931 = CARTESIAN_POINT('',(1.35,-1.125,0.));
#1932 = DIRECTION('',(-0.,1.,0.));
#1933 = DIRECTION('',(0.,0.,1.));
#1934 = DEFINITIONAL_REPRESENTATION('',(#1935),#1938);
#1935 = B_SPLINE_CURVE_WITH_KNOTS('',1,(#1936,#1937),.UNSPECIFIED.,.F.,
  .F.,(2,2),(-1.95,-1.55),.PIECEWISE_BEZIER_KNOTS.);
#1936 = CARTESIAN_POINT('',(2.E-02,0.4));
#1937 = CARTESIAN_POINT('',(2.E-02,0.));
#1938 = ( GEOMETRIC_REPRESENTATION_CONTEXT(2) 
PARAMETRIC_REPRESENTATION_CONTEXT() REPRESENTATION_CONTEXT('2D SPACE',''
  ) );
#1939 = ORIENTED_EDGE('',*,*,#1940,.T.);
#1940 = EDGE_CURVE('',#1915,#1941,#1943,.T.);
#1941 = VERTEX_POINT('',#1942);
#1942 = CARTESIAN_POINT('',(1.35,-0.875,2.E-02));
#1943 = SURFACE_CURVE('',#1944,(#1948,#1954),.PCURVE_S1.);
#1944 = LINE('',#1945,#1946);
#1945 = CARTESIAN_POINT('',(1.35,-1.4375,2.E-02));
#1946 = VECTOR('',#1947,1.);
#1947 = DIRECTION('',(-0.,1.,0.));
#1948 = PCURVE('',#126,#1949);
#1949 = DEFINITIONAL_REPRESENTATION('',(#1950),#1953);
#1950 = B_SPLINE_CURVE_WITH_KNOTS('',1,(#1951,#1952),.UNSPECIFIED.,.F.,
  .F.,(2,2),(0.3125,0.5625),.PIECEWISE_BEZIER_KNOTS.);
#1951 = CARTESIAN_POINT('',(3.1,0.625));
#1952 = CARTESIAN_POINT('',(3.1,0.875));
#1953 = ( GEOMETRIC_REPRESENTATION_CONTEXT(2) 
PARAMETRIC_REPRESENTATION_CONTEXT() REPRESENTATION_CONTEXT('2D SPACE',''
  ) );
#1954 = PCURVE('',#1955,#1960);
#1955 = PLANE('',#1956);
#1956 = AXIS2_PLACEMENT_3D('',#1957,#1958,#1959);
#1957 = CARTESIAN_POINT('',(1.35,-1.125,0.));
#1958 = DIRECTION('',(1.,0.,-0.));
#1959 = DIRECTION('',(0.,0.,1.));
#1960 = DEFINITIONAL_REPRESENTATION('',(#1961),#1964);
#1961 = B_SPLINE_CURVE_WITH_KNOTS('',1,(#1962,#1963),.UNSPECIFIED.,.F.,
  .F.,(2,2),(0.3125,0.5625),.PIECEWISE_BEZIER_KNOTS.);
#1962 = CARTESIAN_POINT('',(2.E-02,0.));
#1963 = CARTESIAN_POINT('',(2.E-02,-0.25));
#1964 = ( GEOMETRIC_REPRESENTATION_CONTEXT(2) 
PARAMETRIC_REPRESENTATION_CONTEXT() REPRESENTATION_CONTEXT('2D SPACE',''
  ) );
#1965 = ORIENTED_EDGE('',*,*,#1966,.F.);
#1966 = EDGE_CURVE('',#1967,#1941,#1969,.T.);
#1967 = VERTEX_POINT('',#1968);
#1968 = CARTESIAN_POINT('',(1.75,-0.875,2.E-02));
#1969 = SURFACE_CURVE('',#1970,(#1974,#1980),.PCURVE_S1.);
#1970 = LINE('',#1971,#1972);
#1971 = CARTESIAN_POINT('',(-0.2,-0.875,2.E-02));
#1972 = VECTOR('',#1973,1.);
#1973 = DIRECTION('',(-1.,-0.,0.));
#1974 = PCURVE('',#126,#1975);
#1975 = DEFINITIONAL_REPRESENTATION('',(#1976),#1979);
#1976 = B_SPLINE_CURVE_WITH_KNOTS('',1,(#1977,#1978),.UNSPECIFIED.,.F.,
  .F.,(2,2),(-1.95,-1.55),.PIECEWISE_BEZIER_KNOTS.);
#1977 = CARTESIAN_POINT('',(3.5,0.875));
#1978 = CARTESIAN_POINT('',(3.1,0.875));
#1979 = ( GEOMETRIC_REPRESENTATION_CONTEXT(2) 
PARAMETRIC_REPRESENTATION_CONTEXT() REPRESENTATION_CONTEXT('2D SPACE',''
  ) );
#1980 = PCURVE('',#1981,#1986);
#1981 = PLANE('',#1982);
#1982 = AXIS2_PLACEMENT_3D('',#1983,#1984,#1985);
#1983 = CARTESIAN_POINT('',(1.35,-0.875,0.));
#1984 = DIRECTION('',(-0.,1.,0.));
#1985 = DIRECTION('',(0.,0.,1.));
#1986 = DEFINITIONAL_REPRESENTATION('',(#1987),#1990);
#1987 = B_SPLINE_CURVE_WITH_KNOTS('',1,(#1988,#1989),.UNSPECIFIED.,.F.,
  .F.,(2,2),(-1.95,-1.55),.PIECEWISE_BEZIER_KNOTS.);
#1988 = CARTESIAN_POINT('',(2.E-02,0.4));
#1989 = CARTESIAN_POINT('',(2.E-02,0.));
#1990 = ( GEOMETRIC_REPRESENTATION_CONTEXT(2) 
PARAMETRIC_REPRESENTATION_CONTEXT() REPRESENTATION_CONTEXT('2D SPACE',''
  ) );
#1991 = ORIENTED_EDGE('',*,*,#1992,.T.);
#1992 = EDGE_CURVE('',#1967,#1993,#1995,.T.);
#1993 = VERTEX_POINT('',#1994);
#1994 = CARTESIAN_POINT('',(1.75,-0.625,2.E-02));
#1995 = SURFACE_CURVE('',#1996,(#2000,#2007),.PCURVE_S1.);
#1996 = LINE('',#1997,#1998);
#1997 = CARTESIAN_POINT('',(1.75,-1.75,2.E-02));
#1998 = VECTOR('',#1999,1.);
#1999 = DIRECTION('',(-0.,1.,0.));
#2000 = PCURVE('',#126,#2001);
#2001 = DEFINITIONAL_REPRESENTATION('',(#2002),#2006);
#2002 = LINE('',#2003,#2004);
#2003 = CARTESIAN_POINT('',(3.5,0.));
#2004 = VECTOR('',#2005,1.);
#2005 = DIRECTION('',(0.,1.));
#2006 = ( GEOMETRIC_REPRESENTATION_CONTEXT(2) 
PARAMETRIC_REPRESENTATION_CONTEXT() REPRESENTATION_CONTEXT('2D SPACE',''
  ) );
#2007 = PCURVE('',#742,#2008);
#2008 = DEFINITIONAL_REPRESENTATION('',(#2009),#2013);
#2009 = LINE('',#2010,#2011);
#2010 = CARTESIAN_POINT('',(0.,0.));
#2011 = VECTOR('',#2012,1.);
#2012 = DIRECTION('',(0.,-1.));
#2013 = ( GEOMETRIC_REPRESENTATION_CONTEXT(2) 
PARAMETRIC_REPRESENTATION_CONTEXT() REPRESENTATION_CONTEXT('2D SPACE',''
  ) );
#2014 = ORIENTED_EDGE('',*,*,#2015,.T.);
#2015 = EDGE_CURVE('',#1993,#2016,#2018,.T.);
#2016 = VERTEX_POINT('',#2017);
#2017 = CARTESIAN_POINT('',(1.35,-0.625,2.E-02));
#2018 = SURFACE_CURVE('',#2019,(#2023,#2029),.PCURVE_S1.);
#2019 = LINE('',#2020,#2021);
#2020 = CARTESIAN_POINT('',(-0.2,-0.625,2.E-02));
#2021 = VECTOR('',#2022,1.);
#2022 = DIRECTION('',(-1.,-0.,0.));
#2023 = PCURVE('',#126,#2024);
#2024 = DEFINITIONAL_REPRESENTATION('',(#2025),#2028);
#2025 = B_SPLINE_CURVE_WITH_KNOTS('',1,(#2026,#2027),.UNSPECIFIED.,.F.,
  .F.,(2,2),(-1.95,-1.55),.PIECEWISE_BEZIER_KNOTS.);
#2026 = CARTESIAN_POINT('',(3.5,1.125));
#2027 = CARTESIAN_POINT('',(3.1,1.125));
#2028 = ( GEOMETRIC_REPRESENTATION_CONTEXT(2) 
PARAMETRIC_REPRESENTATION_CONTEXT() REPRESENTATION_CONTEXT('2D SPACE',''
  ) );
#2029 = PCURVE('',#2030,#2035);
#2030 = PLANE('',#2031);
#2031 = AXIS2_PLACEMENT_3D('',#2032,#2033,#2034);
#2032 = CARTESIAN_POINT('',(1.35,-0.625,0.));
#2033 = DIRECTION('',(-0.,1.,0.));
#2034 = DIRECTION('',(0.,0.,1.));
#2035 = DEFINITIONAL_REPRESENTATION('',(#2036),#2039);
#2036 = B_SPLINE_CURVE_WITH_KNOTS('',1,(#2037,#2038),.UNSPECIFIED.,.F.,
  .F.,(2,2),(-1.95,-1.55),.PIECEWISE_BEZIER_KNOTS.);
#2037 = CARTESIAN_POINT('',(2.E-02,0.4));
#2038 = CARTESIAN_POINT('',(2.E-02,0.));
#2039 = ( GEOMETRIC_REPRESENTATION_CONTEXT(2) 
PARAMETRIC_REPRESENTATION_CONTEXT() REPRESENTATION_CONTEXT('2D SPACE',''
  ) );
#2040 = ORIENTED_EDGE('',*,*,#2041,.T.);
#2041 = EDGE_CURVE('',#2016,#2042,#2044,.T.);
#2042 = VERTEX_POINT('',#2043);
#2043 = CARTESIAN_POINT('',(1.35,-0.375,2.E-02));
#2044 = SURFACE_CURVE('',#2045,(#2049,#2055),.PCURVE_S1.);
#2045 = LINE('',#2046,#2047);
#2046 = CARTESIAN_POINT('',(1.35,-1.1875,2.E-02));
#2047 = VECTOR('',#2048,1.);
#2048 = DIRECTION('',(-0.,1.,0.));
#2049 = PCURVE('',#126,#2050);
#2050 = DEFINITIONAL_REPRESENTATION('',(#2051),#2054);
#2051 = B_SPLINE_CURVE_WITH_KNOTS('',1,(#2052,#2053),.UNSPECIFIED.,.F.,
  .F.,(2,2),(0.5625,0.8125),.PIECEWISE_BEZIER_KNOTS.);
#2052 = CARTESIAN_POINT('',(3.1,1.125));
#2053 = CARTESIAN_POINT('',(3.1,1.375));
#2054 = ( GEOMETRIC_REPRESENTATION_CONTEXT(2) 
PARAMETRIC_REPRESENTATION_CONTEXT() REPRESENTATION_CONTEXT('2D SPACE',''
  ) );
#2055 = PCURVE('',#2056,#2061);
#2056 = PLANE('',#2057);
#2057 = AXIS2_PLACEMENT_3D('',#2058,#2059,#2060);
#2058 = CARTESIAN_POINT('',(1.35,-0.625,0.));
#2059 = DIRECTION('',(1.,0.,-0.));
#2060 = DIRECTION('',(0.,0.,1.));
#2061 = DEFINITIONAL_REPRESENTATION('',(#2062),#2065);
#2062 = B_SPLINE_CURVE_WITH_KNOTS('',1,(#2063,#2064),.UNSPECIFIED.,.F.,
  .F.,(2,2),(0.5625,0.8125),.PIECEWISE_BEZIER_KNOTS.);
#2063 = CARTESIAN_POINT('',(2.E-02,0.));
#2064 = CARTESIAN_POINT('',(2.E-02,-0.25));
#2065 = ( GEOMETRIC_REPRESENTATION_CONTEXT(2) 
PARAMETRIC_REPRESENTATION_CONTEXT() REPRESENTATION_CONTEXT('2D SPACE',''
  ) );
#2066 = ORIENTED_EDGE('',*,*,#2067,.F.);
#2067 = EDGE_CURVE('',#2068,#2042,#2070,.T.);
#2068 = VERTEX_POINT('',#2069);
#2069 = CARTESIAN_POINT('',(1.75,-0.375,2.E-02));
#2070 = SURFACE_CURVE('',#2071,(#2075,#2081),.PCURVE_S1.);
#2071 = LINE('',#2072,#2073);
#2072 = CARTESIAN_POINT('',(-0.2,-0.375,2.E-02));
#2073 = VECTOR('',#2074,1.);
#2074 = DIRECTION('',(-1.,-0.,0.));
#2075 = PCURVE('',#126,#2076);
#2076 = DEFINITIONAL_REPRESENTATION('',(#2077),#2080);
#2077 = B_SPLINE_CURVE_WITH_KNOTS('',1,(#2078,#2079),.UNSPECIFIED.,.F.,
  .F.,(2,2),(-1.95,-1.55),.PIECEWISE_BEZIER_KNOTS.);
#2078 = CARTESIAN_POINT('',(3.5,1.375));
#2079 = CARTESIAN_POINT('',(3.1,1.375));
#2080 = ( GEOMETRIC_REPRESENTATION_CONTEXT(2) 
PARAMETRIC_REPRESENTATION_CONTEXT() REPRESENTATION_CONTEXT('2D SPACE',''
  ) );
#2081 = PCURVE('',#2082,#2087);
#2082 = PLANE('',#2083);
#2083 = AXIS2_PLACEMENT_3D('',#2084,#2085,#2086);
#2084 = CARTESIAN_POINT('',(1.35,-0.375,0.));
#2085 = DIRECTION('',(-0.,1.,0.));
#2086 = DIRECTION('',(0.,0.,1.));
#2087 = DEFINITIONAL_REPRESENTATION('',(#2088),#2091);
#2088 = B_SPLINE_CURVE_WITH_KNOTS('',1,(#2089,#2090),.UNSPECIFIED.,.F.,
  .F.,(2,2),(-1.95,-1.55),.PIECEWISE_BEZIER_KNOTS.);
#2089 = CARTESIAN_POINT('',(2.E-02,0.4));
#2090 = CARTESIAN_POINT('',(2.E-02,0.));
#2091 = ( GEOMETRIC_REPRESENTATION_CONTEXT(2) 
PARAMETRIC_REPRESENTATION_CONTEXT() REPRESENTATION_CONTEXT('2D SPACE',''
  ) );
#2092 = ORIENTED_EDGE('',*,*,#2093,.T.);
#2093 = EDGE_CURVE('',#2068,#2094,#2096,.T.);
#2094 = VERTEX_POINT('',#2095);
#2095 = CARTESIAN_POINT('',(1.75,-0.125,2.E-02));
#2096 = SURFACE_CURVE('',#2097,(#2101,#2108),.PCURVE_S1.);
#2097 = LINE('',#2098,#2099);
#2098 = CARTESIAN_POINT('',(1.75,-1.75,2.E-02));
#2099 = VECTOR('',#2100,1.);
#2100 = DIRECTION('',(-0.,1.,0.));
#2101 = PCURVE('',#126,#2102);
#2102 = DEFINITIONAL_REPRESENTATION('',(#2103),#2107);
#2103 = LINE('',#2104,#2105);
#2104 = CARTESIAN_POINT('',(3.5,0.));
#2105 = VECTOR('',#2106,1.);
#2106 = DIRECTION('',(0.,1.));
#2107 = ( GEOMETRIC_REPRESENTATION_CONTEXT(2) 
PARAMETRIC_REPRESENTATION_CONTEXT() REPRESENTATION_CONTEXT('2D SPACE',''
  ) );
#2108 = PCURVE('',#742,#2109);
#2109 = DEFINITIONAL_REPRESENTATION('',(#2110),#2114);
#2110 = LINE('',#2111,#2112);
#2111 = CARTESIAN_POINT('',(0.,0.));
#2112 = VECTOR('',#2113,1.);
#2113 = DIRECTION('',(0.,-1.));
#2114 = ( GEOMETRIC_REPRESENTATION_CONTEXT(2) 
PARAMETRIC_REPRESENTATION_CONTEXT() REPRESENTATION_CONTEXT('2D SPACE',''
  ) );
#2115 = ORIENTED_EDGE('',*,*,#2116,.T.);
#2116 = EDGE_CURVE('',#2094,#2117,#2119,.T.);
#2117 = VERTEX_POINT('',#2118);
#2118 = CARTESIAN_POINT('',(1.35,-0.125,2.E-02));
#2119 = SURFACE_CURVE('',#2120,(#2124,#2130),.PCURVE_S1.);
#2120 = LINE('',#2121,#2122);
#2121 = CARTESIAN_POINT('',(-0.2,-0.125,2.E-02));
#2122 = VECTOR('',#2123,1.);
#2123 = DIRECTION('',(-1.,-0.,0.));
#2124 = PCURVE('',#126,#2125);
#2125 = DEFINITIONAL_REPRESENTATION('',(#2126),#2129);
#2126 = B_SPLINE_CURVE_WITH_KNOTS('',1,(#2127,#2128),.UNSPECIFIED.,.F.,
  .F.,(2,2),(-1.95,-1.55),.PIECEWISE_BEZIER_KNOTS.);
#2127 = CARTESIAN_POINT('',(3.5,1.625));
#2128 = CARTESIAN_POINT('',(3.1,1.625));
#2129 = ( GEOMETRIC_REPRESENTATION_CONTEXT(2) 
PARAMETRIC_REPRESENTATION_CONTEXT() REPRESENTATION_CONTEXT('2D SPACE',''
  ) );
#2130 = PCURVE('',#2131,#2136);
#2131 = PLANE('',#2132);
#2132 = AXIS2_PLACEMENT_3D('',#2133,#2134,#2135);
#2133 = CARTESIAN_POINT('',(1.35,-0.125,0.));
#2134 = DIRECTION('',(-0.,1.,0.));
#2135 = DIRECTION('',(0.,0.,1.));
#2136 = DEFINITIONAL_REPRESENTATION('',(#2137),#2140);
#2137 = B_SPLINE_CURVE_WITH_KNOTS('',1,(#2138,#2139),.UNSPECIFIED.,.F.,
  .F.,(2,2),(-1.95,-1.55),.PIECEWISE_BEZIER_KNOTS.);
#2138 = CARTESIAN_POINT('',(2.E-02,0.4));
#2139 = CARTESIAN_POINT('',(2.E-02,0.));
#2140 = ( GEOMETRIC_REPRESENTATION_CONTEXT(2) 
PARAMETRIC_REPRESENTATION_CONTEXT() REPRESENTATION_CONTEXT('2D SPACE',''
  ) );
#2141 = ORIENTED_EDGE('',*,*,#2142,.T.);
#2142 = EDGE_CURVE('',#2117,#2143,#2145,.T.);
#2143 = VERTEX_POINT('',#2144);
#2144 = CARTESIAN_POINT('',(1.35,0.125,2.E-02));
#2145 = SURFACE_CURVE('',#2146,(#2150,#2156),.PCURVE_S1.);
#2146 = LINE('',#2147,#2148);
#2147 = CARTESIAN_POINT('',(1.35,-0.9375,2.E-02));
#2148 = VECTOR('',#2149,1.);
#2149 = DIRECTION('',(-0.,1.,0.));
#2150 = PCURVE('',#126,#2151);
#2151 = DEFINITIONAL_REPRESENTATION('',(#2152),#2155);
#2152 = B_SPLINE_CURVE_WITH_KNOTS('',1,(#2153,#2154),.UNSPECIFIED.,.F.,
  .F.,(2,2),(0.8125,1.0625),.PIECEWISE_BEZIER_KNOTS.);
#2153 = CARTESIAN_POINT('',(3.1,1.625));
#2154 = CARTESIAN_POINT('',(3.1,1.875));
#2155 = ( GEOMETRIC_REPRESENTATION_CONTEXT(2) 
PARAMETRIC_REPRESENTATION_CONTEXT() REPRESENTATION_CONTEXT('2D SPACE',''
  ) );
#2156 = PCURVE('',#2157,#2162);
#2157 = PLANE('',#2158);
#2158 = AXIS2_PLACEMENT_3D('',#2159,#2160,#2161);
#2159 = CARTESIAN_POINT('',(1.35,-0.125,0.));
#2160 = DIRECTION('',(1.,0.,-0.));
#2161 = DIRECTION('',(0.,0.,1.));
#2162 = DEFINITIONAL_REPRESENTATION('',(#2163),#2166);
#2163 = B_SPLINE_CURVE_WITH_KNOTS('',1,(#2164,#2165),.UNSPECIFIED.,.F.,
  .F.,(2,2),(0.8125,1.0625),.PIECEWISE_BEZIER_KNOTS.);
#2164 = CARTESIAN_POINT('',(2.E-02,0.));
#2165 = CARTESIAN_POINT('',(2.E-02,-0.25));
#2166 = ( GEOMETRIC_REPRESENTATION_CONTEXT(2) 
PARAMETRIC_REPRESENTATION_CONTEXT() REPRESENTATION_CONTEXT('2D SPACE',''
  ) );
#2167 = ORIENTED_EDGE('',*,*,#2168,.F.);
#2168 = EDGE_CURVE('',#2169,#2143,#2171,.T.);
#2169 = VERTEX_POINT('',#2170);
#2170 = CARTESIAN_POINT('',(1.75,0.125,2.E-02));
#2171 = SURFACE_CURVE('',#2172,(#2176,#2182),.PCURVE_S1.);
#2172 = LINE('',#2173,#2174);
#2173 = CARTESIAN_POINT('',(-0.2,0.125,2.E-02));
#2174 = VECTOR('',#2175,1.);
#2175 = DIRECTION('',(-1.,-0.,0.));
#2176 = PCURVE('',#126,#2177);
#2177 = DEFINITIONAL_REPRESENTATION('',(#2178),#2181);
#2178 = B_SPLINE_CURVE_WITH_KNOTS('',1,(#2179,#2180),.UNSPECIFIED.,.F.,
  .F.,(2,2),(-1.95,-1.55),.PIECEWISE_BEZIER_KNOTS.);
#2179 = CARTESIAN_POINT('',(3.5,1.875));
#2180 = CARTESIAN_POINT('',(3.1,1.875));
#2181 = ( GEOMETRIC_REPRESENTATION_CONTEXT(2) 
PARAMETRIC_REPRESENTATION_CONTEXT() REPRESENTATION_CONTEXT('2D SPACE',''
  ) );
#2182 = PCURVE('',#2183,#2188);
#2183 = PLANE('',#2184);
#2184 = AXIS2_PLACEMENT_3D('',#2185,#2186,#2187);
#2185 = CARTESIAN_POINT('',(1.35,0.125,0.));
#2186 = DIRECTION('',(-0.,1.,0.));
#2187 = DIRECTION('',(0.,0.,1.));
#2188 = DEFINITIONAL_REPRESENTATION('',(#2189),#2192);
#2189 = B_SPLINE_CURVE_WITH_KNOTS('',1,(#2190,#2191),.UNSPECIFIED.,.F.,
  .F.,(2,2),(-1.95,-1.55),.PIECEWISE_BEZIER_KNOTS.);
#2190 = CARTESIAN_POINT('',(2.E-02,0.4));
#2191 = CARTESIAN_POINT('',(2.E-02,0.));
#2192 = ( GEOMETRIC_REPRESENTATION_CONTEXT(2) 
PARAMETRIC_REPRESENTATION_CONTEXT() REPRESENTATION_CONTEXT('2D SPACE',''
  ) );
#2193 = ORIENTED_EDGE('',*,*,#2194,.T.);
#2194 = EDGE_CURVE('',#2169,#2195,#2197,.T.);
#2195 = VERTEX_POINT('',#2196);
#2196 = CARTESIAN_POINT('',(1.75,0.375,2.E-02));
#2197 = SURFACE_CURVE('',#2198,(#2202,#2209),.PCURVE_S1.);
#2198 = LINE('',#2199,#2200);
#2199 = CARTESIAN_POINT('',(1.75,-1.75,2.E-02));
#2200 = VECTOR('',#2201,1.);
#2201 = DIRECTION('',(-0.,1.,0.));
#2202 = PCURVE('',#126,#2203);
#2203 = DEFINITIONAL_REPRESENTATION('',(#2204),#2208);
#2204 = LINE('',#2205,#2206);
#2205 = CARTESIAN_POINT('',(3.5,0.));
#2206 = VECTOR('',#2207,1.);
#2207 = DIRECTION('',(0.,1.));
#2208 = ( GEOMETRIC_REPRESENTATION_CONTEXT(2) 
PARAMETRIC_REPRESENTATION_CONTEXT() REPRESENTATION_CONTEXT('2D SPACE',''
  ) );
#2209 = PCURVE('',#742,#2210);
#2210 = DEFINITIONAL_REPRESENTATION('',(#2211),#2215);
#2211 = LINE('',#2212,#2213);
#2212 = CARTESIAN_POINT('',(0.,0.));
#2213 = VECTOR('',#2214,1.);
#2214 = DIRECTION('',(0.,-1.));
#2215 = ( GEOMETRIC_REPRESENTATION_CONTEXT(2) 
PARAMETRIC_REPRESENTATION_CONTEXT() REPRESENTATION_CONTEXT('2D SPACE',''
  ) );
#2216 = ORIENTED_EDGE('',*,*,#2217,.T.);
#2217 = EDGE_CURVE('',#2195,#2218,#2220,.T.);
#2218 = VERTEX_POINT('',#2219);
#2219 = CARTESIAN_POINT('',(1.35,0.375,2.E-02));
#2220 = SURFACE_CURVE('',#2221,(#2225,#2231),.PCURVE_S1.);
#2221 = LINE('',#2222,#2223);
#2222 = CARTESIAN_POINT('',(-0.2,0.375,2.E-02));
#2223 = VECTOR('',#2224,1.);
#2224 = DIRECTION('',(-1.,-0.,0.));
#2225 = PCURVE('',#126,#2226);
#2226 = DEFINITIONAL_REPRESENTATION('',(#2227),#2230);
#2227 = B_SPLINE_CURVE_WITH_KNOTS('',1,(#2228,#2229),.UNSPECIFIED.,.F.,
  .F.,(2,2),(-1.95,-1.55),.PIECEWISE_BEZIER_KNOTS.);
#2228 = CARTESIAN_POINT('',(3.5,2.125));
#2229 = CARTESIAN_POINT('',(3.1,2.125));
#2230 = ( GEOMETRIC_REPRESENTATION_CONTEXT(2) 
PARAMETRIC_REPRESENTATION_CONTEXT() REPRESENTATION_CONTEXT('2D SPACE',''
  ) );
#2231 = PCURVE('',#2232,#2237);
#2232 = PLANE('',#2233);
#2233 = AXIS2_PLACEMENT_3D('',#2234,#2235,#2236);
#2234 = CARTESIAN_POINT('',(1.35,0.375,0.));
#2235 = DIRECTION('',(-0.,1.,0.));
#2236 = DIRECTION('',(0.,0.,1.));
#2237 = DEFINITIONAL_REPRESENTATION('',(#2238),#2241);
#2238 = B_SPLINE_CURVE_WITH_KNOTS('',1,(#2239,#2240),.UNSPECIFIED.,.F.,
  .F.,(2,2),(-1.95,-1.55),.PIECEWISE_BEZIER_KNOTS.);
#2239 = CARTESIAN_POINT('',(2.E-02,0.4));
#2240 = CARTESIAN_POINT('',(2.E-02,0.));
#2241 = ( GEOMETRIC_REPRESENTATION_CONTEXT(2) 
PARAMETRIC_REPRESENTATION_CONTEXT() REPRESENTATION_CONTEXT('2D SPACE',''
  ) );
#2242 = ORIENTED_EDGE('',*,*,#2243,.T.);
#2243 = EDGE_CURVE('',#2218,#2244,#2246,.T.);
#2244 = VERTEX_POINT('',#2245);
#2245 = CARTESIAN_POINT('',(1.35,0.625,2.E-02));
#2246 = SURFACE_CURVE('',#2247,(#2251,#2257),.PCURVE_S1.);
#2247 = LINE('',#2248,#2249);
#2248 = CARTESIAN_POINT('',(1.35,-0.6875,2.E-02));
#2249 = VECTOR('',#2250,1.);
#2250 = DIRECTION('',(-0.,1.,0.));
#2251 = PCURVE('',#126,#2252);
#2252 = DEFINITIONAL_REPRESENTATION('',(#2253),#2256);
#2253 = B_SPLINE_CURVE_WITH_KNOTS('',1,(#2254,#2255),.UNSPECIFIED.,.F.,
  .F.,(2,2),(1.0625,1.3125),.PIECEWISE_BEZIER_KNOTS.);
#2254 = CARTESIAN_POINT('',(3.1,2.125));
#2255 = CARTESIAN_POINT('',(3.1,2.375));
#2256 = ( GEOMETRIC_REPRESENTATION_CONTEXT(2) 
PARAMETRIC_REPRESENTATION_CONTEXT() REPRESENTATION_CONTEXT('2D SPACE',''
  ) );
#2257 = PCURVE('',#2258,#2263);
#2258 = PLANE('',#2259);
#2259 = AXIS2_PLACEMENT_3D('',#2260,#2261,#2262);
#2260 = CARTESIAN_POINT('',(1.35,0.375,0.));
#2261 = DIRECTION('',(1.,0.,-0.));
#2262 = DIRECTION('',(0.,0.,1.));
#2263 = DEFINITIONAL_REPRESENTATION('',(#2264),#2267);
#2264 = B_SPLINE_CURVE_WITH_KNOTS('',1,(#2265,#2266),.UNSPECIFIED.,.F.,
  .F.,(2,2),(1.0625,1.3125),.PIECEWISE_BEZIER_KNOTS.);
#2265 = CARTESIAN_POINT('',(2.E-02,0.));
#2266 = CARTESIAN_POINT('',(2.E-02,-0.25));
#2267 = ( GEOMETRIC_REPRESENTATION_CONTEXT(2) 
PARAMETRIC_REPRESENTATION_CONTEXT() REPRESENTATION_CONTEXT('2D SPACE',''
  ) );
#2268 = ORIENTED_EDGE('',*,*,#2269,.F.);
#2269 = EDGE_CURVE('',#2270,#2244,#2272,.T.);
#2270 = VERTEX_POINT('',#2271);
#2271 = CARTESIAN_POINT('',(1.75,0.625,2.E-02));
#2272 = SURFACE_CURVE('',#2273,(#2277,#2283),.PCURVE_S1.);
#2273 = LINE('',#2274,#2275);
#2274 = CARTESIAN_POINT('',(-0.2,0.625,2.E-02));
#2275 = VECTOR('',#2276,1.);
#2276 = DIRECTION('',(-1.,-0.,0.));
#2277 = PCURVE('',#126,#2278);
#2278 = DEFINITIONAL_REPRESENTATION('',(#2279),#2282);
#2279 = B_SPLINE_CURVE_WITH_KNOTS('',1,(#2280,#2281),.UNSPECIFIED.,.F.,
  .F.,(2,2),(-1.95,-1.55),.PIECEWISE_BEZIER_KNOTS.);
#2280 = CARTESIAN_POINT('',(3.5,2.375));
#2281 = CARTESIAN_POINT('',(3.1,2.375));
#2282 = ( GEOMETRIC_REPRESENTATION_CONTEXT(2) 
PARAMETRIC_REPRESENTATION_CONTEXT() REPRESENTATION_CONTEXT('2D SPACE',''
  ) );
#2283 = PCURVE('',#2284,#2289);
#2284 = PLANE('',#2285);
#2285 = AXIS2_PLACEMENT_3D('',#2286,#2287,#2288);
#2286 = CARTESIAN_POINT('',(1.35,0.625,0.));
#2287 = DIRECTION('',(-0.,1.,0.));
#2288 = DIRECTION('',(0.,0.,1.));
#2289 = DEFINITIONAL_REPRESENTATION('',(#2290),#2293);
#2290 = B_SPLINE_CURVE_WITH_KNOTS('',1,(#2291,#2292),.UNSPECIFIED.,.F.,
  .F.,(2,2),(-1.95,-1.55),.PIECEWISE_BEZIER_KNOTS.);
#2291 = CARTESIAN_POINT('',(2.E-02,0.4));
#2292 = CARTESIAN_POINT('',(2.E-02,0.));
#2293 = ( GEOMETRIC_REPRESENTATION_CONTEXT(2) 
PARAMETRIC_REPRESENTATION_CONTEXT() REPRESENTATION_CONTEXT('2D SPACE',''
  ) );
#2294 = ORIENTED_EDGE('',*,*,#2295,.T.);
#2295 = EDGE_CURVE('',#2270,#2296,#2298,.T.);
#2296 = VERTEX_POINT('',#2297);
#2297 = CARTESIAN_POINT('',(1.75,0.875,2.E-02));
#2298 = SURFACE_CURVE('',#2299,(#2303,#2310),.PCURVE_S1.);
#2299 = LINE('',#2300,#2301);
#2300 = CARTESIAN_POINT('',(1.75,-1.75,2.E-02));
#2301 = VECTOR('',#2302,1.);
#2302 = DIRECTION('',(-0.,1.,0.));
#2303 = PCURVE('',#126,#2304);
#2304 = DEFINITIONAL_REPRESENTATION('',(#2305),#2309);
#2305 = LINE('',#2306,#2307);
#2306 = CARTESIAN_POINT('',(3.5,0.));
#2307 = VECTOR('',#2308,1.);
#2308 = DIRECTION('',(0.,1.));
#2309 = ( GEOMETRIC_REPRESENTATION_CONTEXT(2) 
PARAMETRIC_REPRESENTATION_CONTEXT() REPRESENTATION_CONTEXT('2D SPACE',''
  ) );
#2310 = PCURVE('',#742,#2311);
#2311 = DEFINITIONAL_REPRESENTATION('',(#2312),#2316);
#2312 = LINE('',#2313,#2314);
#2313 = CARTESIAN_POINT('',(0.,0.));
#2314 = VECTOR('',#2315,1.);
#2315 = DIRECTION('',(0.,-1.));
#2316 = ( GEOMETRIC_REPRESENTATION_CONTEXT(2) 
PARAMETRIC_REPRESENTATION_CONTEXT() REPRESENTATION_CONTEXT('2D SPACE',''
  ) );
#2317 = ORIENTED_EDGE('',*,*,#2318,.T.);
#2318 = EDGE_CURVE('',#2296,#2319,#2321,.T.);
#2319 = VERTEX_POINT('',#2320);
#2320 = CARTESIAN_POINT('',(1.35,0.875,2.E-02));
#2321 = SURFACE_CURVE('',#2322,(#2326,#2332),.PCURVE_S1.);
#2322 = LINE('',#2323,#2324);
#2323 = CARTESIAN_POINT('',(-0.2,0.875,2.E-02));
#2324 = VECTOR('',#2325,1.);
#2325 = DIRECTION('',(-1.,-0.,0.));
#2326 = PCURVE('',#126,#2327);
#2327 = DEFINITIONAL_REPRESENTATION('',(#2328),#2331);
#2328 = B_SPLINE_CURVE_WITH_KNOTS('',1,(#2329,#2330),.UNSPECIFIED.,.F.,
  .F.,(2,2),(-1.95,-1.55),.PIECEWISE_BEZIER_KNOTS.);
#2329 = CARTESIAN_POINT('',(3.5,2.625));
#2330 = CARTESIAN_POINT('',(3.1,2.625));
#2331 = ( GEOMETRIC_REPRESENTATION_CONTEXT(2) 
PARAMETRIC_REPRESENTATION_CONTEXT() REPRESENTATION_CONTEXT('2D SPACE',''
  ) );
#2332 = PCURVE('',#2333,#2338);
#2333 = PLANE('',#2334);
#2334 = AXIS2_PLACEMENT_3D('',#2335,#2336,#2337);
#2335 = CARTESIAN_POINT('',(1.35,0.875,0.));
#2336 = DIRECTION('',(-0.,1.,0.));
#2337 = DIRECTION('',(0.,0.,1.));
#2338 = DEFINITIONAL_REPRESENTATION('',(#2339),#2342);
#2339 = B_SPLINE_CURVE_WITH_KNOTS('',1,(#2340,#2341),.UNSPECIFIED.,.F.,
  .F.,(2,2),(-1.95,-1.55),.PIECEWISE_BEZIER_KNOTS.);
#2340 = CARTESIAN_POINT('',(2.E-02,0.4));
#2341 = CARTESIAN_POINT('',(2.E-02,0.));
#2342 = ( GEOMETRIC_REPRESENTATION_CONTEXT(2) 
PARAMETRIC_REPRESENTATION_CONTEXT() REPRESENTATION_CONTEXT('2D SPACE',''
  ) );
#2343 = ORIENTED_EDGE('',*,*,#2344,.T.);
#2344 = EDGE_CURVE('',#2319,#2345,#2347,.T.);
#2345 = VERTEX_POINT('',#2346);
#2346 = CARTESIAN_POINT('',(1.35,1.125,2.E-02));
#2347 = SURFACE_CURVE('',#2348,(#2352,#2358),.PCURVE_S1.);
#2348 = LINE('',#2349,#2350);
#2349 = CARTESIAN_POINT('',(1.35,-0.4375,2.E-02));
#2350 = VECTOR('',#2351,1.);
#2351 = DIRECTION('',(-0.,1.,0.));
#2352 = PCURVE('',#126,#2353);
#2353 = DEFINITIONAL_REPRESENTATION('',(#2354),#2357);
#2354 = B_SPLINE_CURVE_WITH_KNOTS('',1,(#2355,#2356),.UNSPECIFIED.,.F.,
  .F.,(2,2),(1.3125,1.5625),.PIECEWISE_BEZIER_KNOTS.);
#2355 = CARTESIAN_POINT('',(3.1,2.625));
#2356 = CARTESIAN_POINT('',(3.1,2.875));
#2357 = ( GEOMETRIC_REPRESENTATION_CONTEXT(2) 
PARAMETRIC_REPRESENTATION_CONTEXT() REPRESENTATION_CONTEXT('2D SPACE',''
  ) );
#2358 = PCURVE('',#2359,#2364);
#2359 = PLANE('',#2360);
#2360 = AXIS2_PLACEMENT_3D('',#2361,#2362,#2363);
#2361 = CARTESIAN_POINT('',(1.35,0.875,0.));
#2362 = DIRECTION('',(1.,0.,-0.));
#2363 = DIRECTION('',(0.,0.,1.));
#2364 = DEFINITIONAL_REPRESENTATION('',(#2365),#2368);
#2365 = B_SPLINE_CURVE_WITH_KNOTS('',1,(#2366,#2367),.UNSPECIFIED.,.F.,
  .F.,(2,2),(1.3125,1.5625),.PIECEWISE_BEZIER_KNOTS.);
#2366 = CARTESIAN_POINT('',(2.E-02,0.));
#2367 = CARTESIAN_POINT('',(2.E-02,-0.25));
#2368 = ( GEOMETRIC_REPRESENTATION_CONTEXT(2) 
PARAMETRIC_REPRESENTATION_CONTEXT() REPRESENTATION_CONTEXT('2D SPACE',''
  ) );
#2369 = ORIENTED_EDGE('',*,*,#2370,.F.);
#2370 = EDGE_CURVE('',#2371,#2345,#2373,.T.);
#2371 = VERTEX_POINT('',#2372);
#2372 = CARTESIAN_POINT('',(1.75,1.125,2.E-02));
#2373 = SURFACE_CURVE('',#2374,(#2378,#2384),.PCURVE_S1.);
#2374 = LINE('',#2375,#2376);
#2375 = CARTESIAN_POINT('',(-0.2,1.125,2.E-02));
#2376 = VECTOR('',#2377,1.);
#2377 = DIRECTION('',(-1.,-0.,0.));
#2378 = PCURVE('',#126,#2379);
#2379 = DEFINITIONAL_REPRESENTATION('',(#2380),#2383);
#2380 = B_SPLINE_CURVE_WITH_KNOTS('',1,(#2381,#2382),.UNSPECIFIED.,.F.,
  .F.,(2,2),(-1.95,-1.55),.PIECEWISE_BEZIER_KNOTS.);
#2381 = CARTESIAN_POINT('',(3.5,2.875));
#2382 = CARTESIAN_POINT('',(3.1,2.875));
#2383 = ( GEOMETRIC_REPRESENTATION_CONTEXT(2) 
PARAMETRIC_REPRESENTATION_CONTEXT() REPRESENTATION_CONTEXT('2D SPACE',''
  ) );
#2384 = PCURVE('',#2385,#2390);
#2385 = PLANE('',#2386);
#2386 = AXIS2_PLACEMENT_3D('',#2387,#2388,#2389);
#2387 = CARTESIAN_POINT('',(1.35,1.125,0.));
#2388 = DIRECTION('',(-0.,1.,0.));
#2389 = DIRECTION('',(0.,0.,1.));
#2390 = DEFINITIONAL_REPRESENTATION('',(#2391),#2394);
#2391 = B_SPLINE_CURVE_WITH_KNOTS('',1,(#2392,#2393),.UNSPECIFIED.,.F.,
  .F.,(2,2),(-1.95,-1.55),.PIECEWISE_BEZIER_KNOTS.);
#2392 = CARTESIAN_POINT('',(2.E-02,0.4));
#2393 = CARTESIAN_POINT('',(2.E-02,0.));
#2394 = ( GEOMETRIC_REPRESENTATION_CONTEXT(2) 
PARAMETRIC_REPRESENTATION_CONTEXT() REPRESENTATION_CONTEXT('2D SPACE',''
  ) );
#2395 = ORIENTED_EDGE('',*,*,#2396,.T.);
#2396 = EDGE_CURVE('',#2371,#804,#2397,.T.);
#2397 = SURFACE_CURVE('',#2398,(#2402,#2409),.PCURVE_S1.);
#2398 = LINE('',#2399,#2400);
#2399 = CARTESIAN_POINT('',(1.75,-1.75,2.E-02));
#2400 = VECTOR('',#2401,1.);
#2401 = DIRECTION('',(-0.,1.,0.));
#2402 = PCURVE('',#126,#2403);
#2403 = DEFINITIONAL_REPRESENTATION('',(#2404),#2408);
#2404 = LINE('',#2405,#2406);
#2405 = CARTESIAN_POINT('',(3.5,0.));
#2406 = VECTOR('',#2407,1.);
#2407 = DIRECTION('',(0.,1.));
#2408 = ( GEOMETRIC_REPRESENTATION_CONTEXT(2) 
PARAMETRIC_REPRESENTATION_CONTEXT() REPRESENTATION_CONTEXT('2D SPACE',''
  ) );
#2409 = PCURVE('',#742,#2410);
#2410 = DEFINITIONAL_REPRESENTATION('',(#2411),#2415);
#2411 = LINE('',#2412,#2413);
#2412 = CARTESIAN_POINT('',(0.,0.));
#2413 = VECTOR('',#2414,1.);
#2414 = DIRECTION('',(0.,-1.));
#2415 = ( GEOMETRIC_REPRESENTATION_CONTEXT(2) 
PARAMETRIC_REPRESENTATION_CONTEXT() REPRESENTATION_CONTEXT('2D SPACE',''
  ) );
#2416 = ORIENTED_EDGE('',*,*,#826,.F.);
#2417 = ORIENTED_EDGE('',*,*,#2418,.F.);
#2418 = EDGE_CURVE('',#2419,#827,#2421,.T.);
#2419 = VERTEX_POINT('',#2420);
#2420 = CARTESIAN_POINT('',(1.125,1.35,2.E-02));
#2421 = SURFACE_CURVE('',#2422,(#2426,#2432),.PCURVE_S1.);
#2422 = LINE('',#2423,#2424);
#2423 = CARTESIAN_POINT('',(1.125,-0.2,2.E-02));
#2424 = VECTOR('',#2425,1.);
#2425 = DIRECTION('',(-0.,1.,0.));
#2426 = PCURVE('',#126,#2427);
#2427 = DEFINITIONAL_REPRESENTATION('',(#2428),#2431);
#2428 = B_SPLINE_CURVE_WITH_KNOTS('',1,(#2429,#2430),.UNSPECIFIED.,.F.,
  .F.,(2,2),(1.55,1.95),.PIECEWISE_BEZIER_KNOTS.);
#2429 = CARTESIAN_POINT('',(2.875,3.1));
#2430 = CARTESIAN_POINT('',(2.875,3.5));
#2431 = ( GEOMETRIC_REPRESENTATION_CONTEXT(2) 
PARAMETRIC_REPRESENTATION_CONTEXT() REPRESENTATION_CONTEXT('2D SPACE',''
  ) );
#2432 = PCURVE('',#865,#2433);
#2433 = DEFINITIONAL_REPRESENTATION('',(#2434),#2437);
#2434 = B_SPLINE_CURVE_WITH_KNOTS('',1,(#2435,#2436),.UNSPECIFIED.,.F.,
  .F.,(2,2),(1.55,1.95),.PIECEWISE_BEZIER_KNOTS.);
#2435 = CARTESIAN_POINT('',(2.E-02,0.));
#2436 = CARTESIAN_POINT('',(2.E-02,-0.4));
#2437 = ( GEOMETRIC_REPRESENTATION_CONTEXT(2) 
PARAMETRIC_REPRESENTATION_CONTEXT() REPRESENTATION_CONTEXT('2D SPACE',''
  ) );
#2438 = ORIENTED_EDGE('',*,*,#2439,.T.);
#2439 = EDGE_CURVE('',#2419,#2440,#2442,.T.);
#2440 = VERTEX_POINT('',#2441);
#2441 = CARTESIAN_POINT('',(0.875,1.35,2.E-02));
#2442 = SURFACE_CURVE('',#2443,(#2447,#2453),.PCURVE_S1.);
#2443 = LINE('',#2444,#2445);
#2444 = CARTESIAN_POINT('',(-0.4375,1.35,2.E-02));
#2445 = VECTOR('',#2446,1.);
#2446 = DIRECTION('',(-1.,-0.,0.));
#2447 = PCURVE('',#126,#2448);
#2448 = DEFINITIONAL_REPRESENTATION('',(#2449),#2452);
#2449 = B_SPLINE_CURVE_WITH_KNOTS('',1,(#2450,#2451),.UNSPECIFIED.,.F.,
  .F.,(2,2),(-1.5625,-1.3125),.PIECEWISE_BEZIER_KNOTS.);
#2450 = CARTESIAN_POINT('',(2.875,3.1));
#2451 = CARTESIAN_POINT('',(2.625,3.1));
#2452 = ( GEOMETRIC_REPRESENTATION_CONTEXT(2) 
PARAMETRIC_REPRESENTATION_CONTEXT() REPRESENTATION_CONTEXT('2D SPACE',''
  ) );
#2453 = PCURVE('',#2454,#2459);
#2454 = PLANE('',#2455);
#2455 = AXIS2_PLACEMENT_3D('',#2456,#2457,#2458);
#2456 = CARTESIAN_POINT('',(0.875,1.35,0.));
#2457 = DIRECTION('',(-0.,1.,0.));
#2458 = DIRECTION('',(0.,0.,1.));
#2459 = DEFINITIONAL_REPRESENTATION('',(#2460),#2463);
#2460 = B_SPLINE_CURVE_WITH_KNOTS('',1,(#2461,#2462),.UNSPECIFIED.,.F.,
  .F.,(2,2),(-1.5625,-1.3125),.PIECEWISE_BEZIER_KNOTS.);
#2461 = CARTESIAN_POINT('',(2.E-02,0.25));
#2462 = CARTESIAN_POINT('',(2.E-02,0.));
#2463 = ( GEOMETRIC_REPRESENTATION_CONTEXT(2) 
PARAMETRIC_REPRESENTATION_CONTEXT() REPRESENTATION_CONTEXT('2D SPACE',''
  ) );
#2464 = ORIENTED_EDGE('',*,*,#2465,.T.);
#2465 = EDGE_CURVE('',#2440,#906,#2466,.T.);
#2466 = SURFACE_CURVE('',#2467,(#2471,#2477),.PCURVE_S1.);
#2467 = LINE('',#2468,#2469);
#2468 = CARTESIAN_POINT('',(0.875,-0.2,2.E-02));
#2469 = VECTOR('',#2470,1.);
#2470 = DIRECTION('',(-0.,1.,0.));
#2471 = PCURVE('',#126,#2472);
#2472 = DEFINITIONAL_REPRESENTATION('',(#2473),#2476);
#2473 = B_SPLINE_CURVE_WITH_KNOTS('',1,(#2474,#2475),.UNSPECIFIED.,.F.,
  .F.,(2,2),(1.55,1.95),.PIECEWISE_BEZIER_KNOTS.);
#2474 = CARTESIAN_POINT('',(2.625,3.1));
#2475 = CARTESIAN_POINT('',(2.625,3.5));
#2476 = ( GEOMETRIC_REPRESENTATION_CONTEXT(2) 
PARAMETRIC_REPRESENTATION_CONTEXT() REPRESENTATION_CONTEXT('2D SPACE',''
  ) );
#2477 = PCURVE('',#921,#2478);
#2478 = DEFINITIONAL_REPRESENTATION('',(#2479),#2482);
#2479 = B_SPLINE_CURVE_WITH_KNOTS('',1,(#2480,#2481),.UNSPECIFIED.,.F.,
  .F.,(2,2),(1.55,1.95),.PIECEWISE_BEZIER_KNOTS.);
#2480 = CARTESIAN_POINT('',(2.E-02,0.));
#2481 = CARTESIAN_POINT('',(2.E-02,-0.4));
#2482 = ( GEOMETRIC_REPRESENTATION_CONTEXT(2) 
PARAMETRIC_REPRESENTATION_CONTEXT() REPRESENTATION_CONTEXT('2D SPACE',''
  ) );
#2483 = ORIENTED_EDGE('',*,*,#933,.F.);
#2484 = ORIENTED_EDGE('',*,*,#2485,.F.);
#2485 = EDGE_CURVE('',#2486,#934,#2488,.T.);
#2486 = VERTEX_POINT('',#2487);
#2487 = CARTESIAN_POINT('',(0.625,1.35,2.E-02));
#2488 = SURFACE_CURVE('',#2489,(#2493,#2499),.PCURVE_S1.);
#2489 = LINE('',#2490,#2491);
#2490 = CARTESIAN_POINT('',(0.625,-0.2,2.E-02));
#2491 = VECTOR('',#2492,1.);
#2492 = DIRECTION('',(-0.,1.,0.));
#2493 = PCURVE('',#126,#2494);
#2494 = DEFINITIONAL_REPRESENTATION('',(#2495),#2498);
#2495 = B_SPLINE_CURVE_WITH_KNOTS('',1,(#2496,#2497),.UNSPECIFIED.,.F.,
  .F.,(2,2),(1.55,1.95),.PIECEWISE_BEZIER_KNOTS.);
#2496 = CARTESIAN_POINT('',(2.375,3.1));
#2497 = CARTESIAN_POINT('',(2.375,3.5));
#2498 = ( GEOMETRIC_REPRESENTATION_CONTEXT(2) 
PARAMETRIC_REPRESENTATION_CONTEXT() REPRESENTATION_CONTEXT('2D SPACE',''
  ) );
#2499 = PCURVE('',#972,#2500);
#2500 = DEFINITIONAL_REPRESENTATION('',(#2501),#2504);
#2501 = B_SPLINE_CURVE_WITH_KNOTS('',1,(#2502,#2503),.UNSPECIFIED.,.F.,
  .F.,(2,2),(1.55,1.95),.PIECEWISE_BEZIER_KNOTS.);
#2502 = CARTESIAN_POINT('',(2.E-02,0.));
#2503 = CARTESIAN_POINT('',(2.E-02,-0.4));
#2504 = ( GEOMETRIC_REPRESENTATION_CONTEXT(2) 
PARAMETRIC_REPRESENTATION_CONTEXT() REPRESENTATION_CONTEXT('2D SPACE',''
  ) );
#2505 = ORIENTED_EDGE('',*,*,#2506,.T.);
#2506 = EDGE_CURVE('',#2486,#2507,#2509,.T.);
#2507 = VERTEX_POINT('',#2508);
#2508 = CARTESIAN_POINT('',(0.375,1.35,2.E-02));
#2509 = SURFACE_CURVE('',#2510,(#2514,#2520),.PCURVE_S1.);
#2510 = LINE('',#2511,#2512);
#2511 = CARTESIAN_POINT('',(-0.6875,1.35,2.E-02));
#2512 = VECTOR('',#2513,1.);
#2513 = DIRECTION('',(-1.,-0.,0.));
#2514 = PCURVE('',#126,#2515);
#2515 = DEFINITIONAL_REPRESENTATION('',(#2516),#2519);
#2516 = B_SPLINE_CURVE_WITH_KNOTS('',1,(#2517,#2518),.UNSPECIFIED.,.F.,
  .F.,(2,2),(-1.3125,-1.0625),.PIECEWISE_BEZIER_KNOTS.);
#2517 = CARTESIAN_POINT('',(2.375,3.1));
#2518 = CARTESIAN_POINT('',(2.125,3.1));
#2519 = ( GEOMETRIC_REPRESENTATION_CONTEXT(2) 
PARAMETRIC_REPRESENTATION_CONTEXT() REPRESENTATION_CONTEXT('2D SPACE',''
  ) );
#2520 = PCURVE('',#2521,#2526);
#2521 = PLANE('',#2522);
#2522 = AXIS2_PLACEMENT_3D('',#2523,#2524,#2525);
#2523 = CARTESIAN_POINT('',(0.375,1.35,0.));
#2524 = DIRECTION('',(-0.,1.,0.));
#2525 = DIRECTION('',(0.,0.,1.));
#2526 = DEFINITIONAL_REPRESENTATION('',(#2527),#2530);
#2527 = B_SPLINE_CURVE_WITH_KNOTS('',1,(#2528,#2529),.UNSPECIFIED.,.F.,
  .F.,(2,2),(-1.3125,-1.0625),.PIECEWISE_BEZIER_KNOTS.);
#2528 = CARTESIAN_POINT('',(2.E-02,0.25));
#2529 = CARTESIAN_POINT('',(2.E-02,0.));
#2530 = ( GEOMETRIC_REPRESENTATION_CONTEXT(2) 
PARAMETRIC_REPRESENTATION_CONTEXT() REPRESENTATION_CONTEXT('2D SPACE',''
  ) );
#2531 = ORIENTED_EDGE('',*,*,#2532,.T.);
#2532 = EDGE_CURVE('',#2507,#1013,#2533,.T.);
#2533 = SURFACE_CURVE('',#2534,(#2538,#2544),.PCURVE_S1.);
#2534 = LINE('',#2535,#2536);
#2535 = CARTESIAN_POINT('',(0.375,-0.2,2.E-02));
#2536 = VECTOR('',#2537,1.);
#2537 = DIRECTION('',(-0.,1.,0.));
#2538 = PCURVE('',#126,#2539);
#2539 = DEFINITIONAL_REPRESENTATION('',(#2540),#2543);
#2540 = B_SPLINE_CURVE_WITH_KNOTS('',1,(#2541,#2542),.UNSPECIFIED.,.F.,
  .F.,(2,2),(1.55,1.95),.PIECEWISE_BEZIER_KNOTS.);
#2541 = CARTESIAN_POINT('',(2.125,3.1));
#2542 = CARTESIAN_POINT('',(2.125,3.5));
#2543 = ( GEOMETRIC_REPRESENTATION_CONTEXT(2) 
PARAMETRIC_REPRESENTATION_CONTEXT() REPRESENTATION_CONTEXT('2D SPACE',''
  ) );
#2544 = PCURVE('',#1028,#2545);
#2545 = DEFINITIONAL_REPRESENTATION('',(#2546),#2549);
#2546 = B_SPLINE_CURVE_WITH_KNOTS('',1,(#2547,#2548),.UNSPECIFIED.,.F.,
  .F.,(2,2),(1.55,1.95),.PIECEWISE_BEZIER_KNOTS.);
#2547 = CARTESIAN_POINT('',(2.E-02,0.));
#2548 = CARTESIAN_POINT('',(2.E-02,-0.4));
#2549 = ( GEOMETRIC_REPRESENTATION_CONTEXT(2) 
PARAMETRIC_REPRESENTATION_CONTEXT() REPRESENTATION_CONTEXT('2D SPACE',''
  ) );
#2550 = ORIENTED_EDGE('',*,*,#1040,.F.);
#2551 = ORIENTED_EDGE('',*,*,#2552,.F.);
#2552 = EDGE_CURVE('',#2553,#1041,#2555,.T.);
#2553 = VERTEX_POINT('',#2554);
#2554 = CARTESIAN_POINT('',(0.125,1.35,2.E-02));
#2555 = SURFACE_CURVE('',#2556,(#2560,#2566),.PCURVE_S1.);
#2556 = LINE('',#2557,#2558);
#2557 = CARTESIAN_POINT('',(0.125,-0.2,2.E-02));
#2558 = VECTOR('',#2559,1.);
#2559 = DIRECTION('',(-0.,1.,0.));
#2560 = PCURVE('',#126,#2561);
#2561 = DEFINITIONAL_REPRESENTATION('',(#2562),#2565);
#2562 = B_SPLINE_CURVE_WITH_KNOTS('',1,(#2563,#2564),.UNSPECIFIED.,.F.,
  .F.,(2,2),(1.55,1.95),.PIECEWISE_BEZIER_KNOTS.);
#2563 = CARTESIAN_POINT('',(1.875,3.1));
#2564 = CARTESIAN_POINT('',(1.875,3.5));
#2565 = ( GEOMETRIC_REPRESENTATION_CONTEXT(2) 
PARAMETRIC_REPRESENTATION_CONTEXT() REPRESENTATION_CONTEXT('2D SPACE',''
  ) );
#2566 = PCURVE('',#1079,#2567);
#2567 = DEFINITIONAL_REPRESENTATION('',(#2568),#2571);
#2568 = B_SPLINE_CURVE_WITH_KNOTS('',1,(#2569,#2570),.UNSPECIFIED.,.F.,
  .F.,(2,2),(1.55,1.95),.PIECEWISE_BEZIER_KNOTS.);
#2569 = CARTESIAN_POINT('',(2.E-02,0.));
#2570 = CARTESIAN_POINT('',(2.E-02,-0.4));
#2571 = ( GEOMETRIC_REPRESENTATION_CONTEXT(2) 
PARAMETRIC_REPRESENTATION_CONTEXT() REPRESENTATION_CONTEXT('2D SPACE',''
  ) );
#2572 = ORIENTED_EDGE('',*,*,#2573,.T.);
#2573 = EDGE_CURVE('',#2553,#2574,#2576,.T.);
#2574 = VERTEX_POINT('',#2575);
#2575 = CARTESIAN_POINT('',(-0.125,1.35,2.E-02));
#2576 = SURFACE_CURVE('',#2577,(#2581,#2587),.PCURVE_S1.);
#2577 = LINE('',#2578,#2579);
#2578 = CARTESIAN_POINT('',(-0.9375,1.35,2.E-02));
#2579 = VECTOR('',#2580,1.);
#2580 = DIRECTION('',(-1.,-0.,0.));
#2581 = PCURVE('',#126,#2582);
#2582 = DEFINITIONAL_REPRESENTATION('',(#2583),#2586);
#2583 = B_SPLINE_CURVE_WITH_KNOTS('',1,(#2584,#2585),.UNSPECIFIED.,.F.,
  .F.,(2,2),(-1.0625,-0.8125),.PIECEWISE_BEZIER_KNOTS.);
#2584 = CARTESIAN_POINT('',(1.875,3.1));
#2585 = CARTESIAN_POINT('',(1.625,3.1));
#2586 = ( GEOMETRIC_REPRESENTATION_CONTEXT(2) 
PARAMETRIC_REPRESENTATION_CONTEXT() REPRESENTATION_CONTEXT('2D SPACE',''
  ) );
#2587 = PCURVE('',#2588,#2593);
#2588 = PLANE('',#2589);
#2589 = AXIS2_PLACEMENT_3D('',#2590,#2591,#2592);
#2590 = CARTESIAN_POINT('',(-0.125,1.35,0.));
#2591 = DIRECTION('',(-0.,1.,0.));
#2592 = DIRECTION('',(0.,0.,1.));
#2593 = DEFINITIONAL_REPRESENTATION('',(#2594),#2597);
#2594 = B_SPLINE_CURVE_WITH_KNOTS('',1,(#2595,#2596),.UNSPECIFIED.,.F.,
  .F.,(2,2),(-1.0625,-0.8125),.PIECEWISE_BEZIER_KNOTS.);
#2595 = CARTESIAN_POINT('',(2.E-02,0.25));
#2596 = CARTESIAN_POINT('',(2.E-02,0.));
#2597 = ( GEOMETRIC_REPRESENTATION_CONTEXT(2) 
PARAMETRIC_REPRESENTATION_CONTEXT() REPRESENTATION_CONTEXT('2D SPACE',''
  ) );
#2598 = ORIENTED_EDGE('',*,*,#2599,.T.);
#2599 = EDGE_CURVE('',#2574,#1120,#2600,.T.);
#2600 = SURFACE_CURVE('',#2601,(#2605,#2611),.PCURVE_S1.);
#2601 = LINE('',#2602,#2603);
#2602 = CARTESIAN_POINT('',(-0.125,-0.2,2.E-02));
#2603 = VECTOR('',#2604,1.);
#2604 = DIRECTION('',(-0.,1.,0.));
#2605 = PCURVE('',#126,#2606);
#2606 = DEFINITIONAL_REPRESENTATION('',(#2607),#2610);
#2607 = B_SPLINE_CURVE_WITH_KNOTS('',1,(#2608,#2609),.UNSPECIFIED.,.F.,
  .F.,(2,2),(1.55,1.95),.PIECEWISE_BEZIER_KNOTS.);
#2608 = CARTESIAN_POINT('',(1.625,3.1));
#2609 = CARTESIAN_POINT('',(1.625,3.5));
#2610 = ( GEOMETRIC_REPRESENTATION_CONTEXT(2) 
PARAMETRIC_REPRESENTATION_CONTEXT() REPRESENTATION_CONTEXT('2D SPACE',''
  ) );
#2611 = PCURVE('',#1135,#2612);
#2612 = DEFINITIONAL_REPRESENTATION('',(#2613),#2616);
#2613 = B_SPLINE_CURVE_WITH_KNOTS('',1,(#2614,#2615),.UNSPECIFIED.,.F.,
  .F.,(2,2),(1.55,1.95),.PIECEWISE_BEZIER_KNOTS.);
#2614 = CARTESIAN_POINT('',(2.E-02,0.));
#2615 = CARTESIAN_POINT('',(2.E-02,-0.4));
#2616 = ( GEOMETRIC_REPRESENTATION_CONTEXT(2) 
PARAMETRIC_REPRESENTATION_CONTEXT() REPRESENTATION_CONTEXT('2D SPACE',''
  ) );
#2617 = ORIENTED_EDGE('',*,*,#1147,.F.);
#2618 = ORIENTED_EDGE('',*,*,#2619,.F.);
#2619 = EDGE_CURVE('',#2620,#1148,#2622,.T.);
#2620 = VERTEX_POINT('',#2621);
#2621 = CARTESIAN_POINT('',(-0.375,1.35,2.E-02));
#2622 = SURFACE_CURVE('',#2623,(#2627,#2633),.PCURVE_S1.);
#2623 = LINE('',#2624,#2625);
#2624 = CARTESIAN_POINT('',(-0.375,-0.2,2.E-02));
#2625 = VECTOR('',#2626,1.);
#2626 = DIRECTION('',(-0.,1.,0.));
#2627 = PCURVE('',#126,#2628);
#2628 = DEFINITIONAL_REPRESENTATION('',(#2629),#2632);
#2629 = B_SPLINE_CURVE_WITH_KNOTS('',1,(#2630,#2631),.UNSPECIFIED.,.F.,
  .F.,(2,2),(1.55,1.95),.PIECEWISE_BEZIER_KNOTS.);
#2630 = CARTESIAN_POINT('',(1.375,3.1));
#2631 = CARTESIAN_POINT('',(1.375,3.5));
#2632 = ( GEOMETRIC_REPRESENTATION_CONTEXT(2) 
PARAMETRIC_REPRESENTATION_CONTEXT() REPRESENTATION_CONTEXT('2D SPACE',''
  ) );
#2633 = PCURVE('',#1186,#2634);
#2634 = DEFINITIONAL_REPRESENTATION('',(#2635),#2638);
#2635 = B_SPLINE_CURVE_WITH_KNOTS('',1,(#2636,#2637),.UNSPECIFIED.,.F.,
  .F.,(2,2),(1.55,1.95),.PIECEWISE_BEZIER_KNOTS.);
#2636 = CARTESIAN_POINT('',(2.E-02,0.));
#2637 = CARTESIAN_POINT('',(2.E-02,-0.4));
#2638 = ( GEOMETRIC_REPRESENTATION_CONTEXT(2) 
PARAMETRIC_REPRESENTATION_CONTEXT() REPRESENTATION_CONTEXT('2D SPACE',''
  ) );
#2639 = ORIENTED_EDGE('',*,*,#2640,.T.);
#2640 = EDGE_CURVE('',#2620,#2641,#2643,.T.);
#2641 = VERTEX_POINT('',#2642);
#2642 = CARTESIAN_POINT('',(-0.625,1.35,2.E-02));
#2643 = SURFACE_CURVE('',#2644,(#2648,#2654),.PCURVE_S1.);
#2644 = LINE('',#2645,#2646);
#2645 = CARTESIAN_POINT('',(-1.1875,1.35,2.E-02));
#2646 = VECTOR('',#2647,1.);
#2647 = DIRECTION('',(-1.,-0.,0.));
#2648 = PCURVE('',#126,#2649);
#2649 = DEFINITIONAL_REPRESENTATION('',(#2650),#2653);
#2650 = B_SPLINE_CURVE_WITH_KNOTS('',1,(#2651,#2652),.UNSPECIFIED.,.F.,
  .F.,(2,2),(-0.8125,-0.5625),.PIECEWISE_BEZIER_KNOTS.);
#2651 = CARTESIAN_POINT('',(1.375,3.1));
#2652 = CARTESIAN_POINT('',(1.125,3.1));
#2653 = ( GEOMETRIC_REPRESENTATION_CONTEXT(2) 
PARAMETRIC_REPRESENTATION_CONTEXT() REPRESENTATION_CONTEXT('2D SPACE',''
  ) );
#2654 = PCURVE('',#2655,#2660);
#2655 = PLANE('',#2656);
#2656 = AXIS2_PLACEMENT_3D('',#2657,#2658,#2659);
#2657 = CARTESIAN_POINT('',(-0.625,1.35,0.));
#2658 = DIRECTION('',(-0.,1.,0.));
#2659 = DIRECTION('',(0.,0.,1.));
#2660 = DEFINITIONAL_REPRESENTATION('',(#2661),#2664);
#2661 = B_SPLINE_CURVE_WITH_KNOTS('',1,(#2662,#2663),.UNSPECIFIED.,.F.,
  .F.,(2,2),(-0.8125,-0.5625),.PIECEWISE_BEZIER_KNOTS.);
#2662 = CARTESIAN_POINT('',(2.E-02,0.25));
#2663 = CARTESIAN_POINT('',(2.E-02,0.));
#2664 = ( GEOMETRIC_REPRESENTATION_CONTEXT(2) 
PARAMETRIC_REPRESENTATION_CONTEXT() REPRESENTATION_CONTEXT('2D SPACE',''
  ) );
#2665 = ORIENTED_EDGE('',*,*,#2666,.T.);
#2666 = EDGE_CURVE('',#2641,#1227,#2667,.T.);
#2667 = SURFACE_CURVE('',#2668,(#2672,#2678),.PCURVE_S1.);
#2668 = LINE('',#2669,#2670);
#2669 = CARTESIAN_POINT('',(-0.625,-0.2,2.E-02));
#2670 = VECTOR('',#2671,1.);
#2671 = DIRECTION('',(-0.,1.,0.));
#2672 = PCURVE('',#126,#2673);
#2673 = DEFINITIONAL_REPRESENTATION('',(#2674),#2677);
#2674 = B_SPLINE_CURVE_WITH_KNOTS('',1,(#2675,#2676),.UNSPECIFIED.,.F.,
  .F.,(2,2),(1.55,1.95),.PIECEWISE_BEZIER_KNOTS.);
#2675 = CARTESIAN_POINT('',(1.125,3.1));
#2676 = CARTESIAN_POINT('',(1.125,3.5));
#2677 = ( GEOMETRIC_REPRESENTATION_CONTEXT(2) 
PARAMETRIC_REPRESENTATION_CONTEXT() REPRESENTATION_CONTEXT('2D SPACE',''
  ) );
#2678 = PCURVE('',#1242,#2679);
#2679 = DEFINITIONAL_REPRESENTATION('',(#2680),#2683);
#2680 = B_SPLINE_CURVE_WITH_KNOTS('',1,(#2681,#2682),.UNSPECIFIED.,.F.,
  .F.,(2,2),(1.55,1.95),.PIECEWISE_BEZIER_KNOTS.);
#2681 = CARTESIAN_POINT('',(2.E-02,0.));
#2682 = CARTESIAN_POINT('',(2.E-02,-0.4));
#2683 = ( GEOMETRIC_REPRESENTATION_CONTEXT(2) 
PARAMETRIC_REPRESENTATION_CONTEXT() REPRESENTATION_CONTEXT('2D SPACE',''
  ) );
#2684 = ORIENTED_EDGE('',*,*,#1254,.F.);
#2685 = ORIENTED_EDGE('',*,*,#2686,.F.);
#2686 = EDGE_CURVE('',#2687,#1255,#2689,.T.);
#2687 = VERTEX_POINT('',#2688);
#2688 = CARTESIAN_POINT('',(-0.875,1.35,2.E-02));
#2689 = SURFACE_CURVE('',#2690,(#2694,#2700),.PCURVE_S1.);
#2690 = LINE('',#2691,#2692);
#2691 = CARTESIAN_POINT('',(-0.875,-0.2,2.E-02));
#2692 = VECTOR('',#2693,1.);
#2693 = DIRECTION('',(-0.,1.,0.));
#2694 = PCURVE('',#126,#2695);
#2695 = DEFINITIONAL_REPRESENTATION('',(#2696),#2699);
#2696 = B_SPLINE_CURVE_WITH_KNOTS('',1,(#2697,#2698),.UNSPECIFIED.,.F.,
  .F.,(2,2),(1.55,1.95),.PIECEWISE_BEZIER_KNOTS.);
#2697 = CARTESIAN_POINT('',(0.875,3.1));
#2698 = CARTESIAN_POINT('',(0.875,3.5));
#2699 = ( GEOMETRIC_REPRESENTATION_CONTEXT(2) 
PARAMETRIC_REPRESENTATION_CONTEXT() REPRESENTATION_CONTEXT('2D SPACE',''
  ) );
#2700 = PCURVE('',#1293,#2701);
#2701 = DEFINITIONAL_REPRESENTATION('',(#2702),#2705);
#2702 = B_SPLINE_CURVE_WITH_KNOTS('',1,(#2703,#2704),.UNSPECIFIED.,.F.,
  .F.,(2,2),(1.55,1.95),.PIECEWISE_BEZIER_KNOTS.);
#2703 = CARTESIAN_POINT('',(2.E-02,0.));
#2704 = CARTESIAN_POINT('',(2.E-02,-0.4));
#2705 = ( GEOMETRIC_REPRESENTATION_CONTEXT(2) 
PARAMETRIC_REPRESENTATION_CONTEXT() REPRESENTATION_CONTEXT('2D SPACE',''
  ) );
#2706 = ORIENTED_EDGE('',*,*,#2707,.T.);
#2707 = EDGE_CURVE('',#2687,#2708,#2710,.T.);
#2708 = VERTEX_POINT('',#2709);
#2709 = CARTESIAN_POINT('',(-1.125,1.35,2.E-02));
#2710 = SURFACE_CURVE('',#2711,(#2715,#2721),.PCURVE_S1.);
#2711 = LINE('',#2712,#2713);
#2712 = CARTESIAN_POINT('',(-1.4375,1.35,2.E-02));
#2713 = VECTOR('',#2714,1.);
#2714 = DIRECTION('',(-1.,-0.,0.));
#2715 = PCURVE('',#126,#2716);
#2716 = DEFINITIONAL_REPRESENTATION('',(#2717),#2720);
#2717 = B_SPLINE_CURVE_WITH_KNOTS('',1,(#2718,#2719),.UNSPECIFIED.,.F.,
  .F.,(2,2),(-0.5625,-0.3125),.PIECEWISE_BEZIER_KNOTS.);
#2718 = CARTESIAN_POINT('',(0.875,3.1));
#2719 = CARTESIAN_POINT('',(0.625,3.1));
#2720 = ( GEOMETRIC_REPRESENTATION_CONTEXT(2) 
PARAMETRIC_REPRESENTATION_CONTEXT() REPRESENTATION_CONTEXT('2D SPACE',''
  ) );
#2721 = PCURVE('',#2722,#2727);
#2722 = PLANE('',#2723);
#2723 = AXIS2_PLACEMENT_3D('',#2724,#2725,#2726);
#2724 = CARTESIAN_POINT('',(-1.125,1.35,0.));
#2725 = DIRECTION('',(-0.,1.,0.));
#2726 = DIRECTION('',(0.,0.,1.));
#2727 = DEFINITIONAL_REPRESENTATION('',(#2728),#2731);
#2728 = B_SPLINE_CURVE_WITH_KNOTS('',1,(#2729,#2730),.UNSPECIFIED.,.F.,
  .F.,(2,2),(-0.5625,-0.3125),.PIECEWISE_BEZIER_KNOTS.);
#2729 = CARTESIAN_POINT('',(2.E-02,0.25));
#2730 = CARTESIAN_POINT('',(2.E-02,0.));
#2731 = ( GEOMETRIC_REPRESENTATION_CONTEXT(2) 
PARAMETRIC_REPRESENTATION_CONTEXT() REPRESENTATION_CONTEXT('2D SPACE',''
  ) );
#2732 = ORIENTED_EDGE('',*,*,#2733,.T.);
#2733 = EDGE_CURVE('',#2708,#779,#2734,.T.);
#2734 = SURFACE_CURVE('',#2735,(#2739,#2745),.PCURVE_S1.);
#2735 = LINE('',#2736,#2737);
#2736 = CARTESIAN_POINT('',(-1.125,-0.2,2.E-02));
#2737 = VECTOR('',#2738,1.);
#2738 = DIRECTION('',(-0.,1.,0.));
#2739 = PCURVE('',#126,#2740);
#2740 = DEFINITIONAL_REPRESENTATION('',(#2741),#2744);
#2741 = B_SPLINE_CURVE_WITH_KNOTS('',1,(#2742,#2743),.UNSPECIFIED.,.F.,
  .F.,(2,2),(1.55,1.95),.PIECEWISE_BEZIER_KNOTS.);
#2742 = CARTESIAN_POINT('',(0.625,3.1));
#2743 = CARTESIAN_POINT('',(0.625,3.5));
#2744 = ( GEOMETRIC_REPRESENTATION_CONTEXT(2) 
PARAMETRIC_REPRESENTATION_CONTEXT() REPRESENTATION_CONTEXT('2D SPACE',''
  ) );
#2745 = PCURVE('',#1347,#2746);
#2746 = DEFINITIONAL_REPRESENTATION('',(#2747),#2750);
#2747 = B_SPLINE_CURVE_WITH_KNOTS('',1,(#2748,#2749),.UNSPECIFIED.,.F.,
  .F.,(2,2),(1.55,1.95),.PIECEWISE_BEZIER_KNOTS.);
#2748 = CARTESIAN_POINT('',(2.E-02,0.));
#2749 = CARTESIAN_POINT('',(2.E-02,-0.4));
#2750 = ( GEOMETRIC_REPRESENTATION_CONTEXT(2) 
PARAMETRIC_REPRESENTATION_CONTEXT() REPRESENTATION_CONTEXT('2D SPACE',''
  ) );
#2751 = ORIENTED_EDGE('',*,*,#778,.F.);
#2752 = ORIENTED_EDGE('',*,*,#650,.F.);
#2753 = ORIENTED_EDGE('',*,*,#2754,.F.);
#2754 = EDGE_CURVE('',#2755,#623,#2757,.T.);
#2755 = VERTEX_POINT('',#2756);
#2756 = CARTESIAN_POINT('',(-1.35,1.125,2.E-02));
#2757 = SURFACE_CURVE('',#2758,(#2762,#2768),.PCURVE_S1.);
#2758 = LINE('',#2759,#2760);
#2759 = CARTESIAN_POINT('',(-1.75,1.125,2.E-02));
#2760 = VECTOR('',#2761,1.);
#2761 = DIRECTION('',(-1.,-0.,0.));
#2762 = PCURVE('',#126,#2763);
#2763 = DEFINITIONAL_REPRESENTATION('',(#2764),#2767);
#2764 = B_SPLINE_CURVE_WITH_KNOTS('',1,(#2765,#2766),.UNSPECIFIED.,.F.,
  .F.,(2,2),(-0.4,0.),.PIECEWISE_BEZIER_KNOTS.);
#2765 = CARTESIAN_POINT('',(0.4,2.875));
#2766 = CARTESIAN_POINT('',(0.,2.875));
#2767 = ( GEOMETRIC_REPRESENTATION_CONTEXT(2) 
PARAMETRIC_REPRESENTATION_CONTEXT() REPRESENTATION_CONTEXT('2D SPACE',''
  ) );
#2768 = PCURVE('',#638,#2769);
#2769 = DEFINITIONAL_REPRESENTATION('',(#2770),#2773);
#2770 = B_SPLINE_CURVE_WITH_KNOTS('',1,(#2771,#2772),.UNSPECIFIED.,.F.,
  .F.,(2,2),(-0.4,0.),.PIECEWISE_BEZIER_KNOTS.);
#2771 = CARTESIAN_POINT('',(2.E-02,0.4));
#2772 = CARTESIAN_POINT('',(2.E-02,0.));
#2773 = ( GEOMETRIC_REPRESENTATION_CONTEXT(2) 
PARAMETRIC_REPRESENTATION_CONTEXT() REPRESENTATION_CONTEXT('2D SPACE',''
  ) );
#2774 = ORIENTED_EDGE('',*,*,#2775,.F.);
#2775 = EDGE_CURVE('',#2776,#2755,#2778,.T.);
#2776 = VERTEX_POINT('',#2777);
#2777 = CARTESIAN_POINT('',(-1.35,0.875,2.E-02));
#2778 = SURFACE_CURVE('',#2779,(#2783,#2789),.PCURVE_S1.);
#2779 = LINE('',#2780,#2781);
#2780 = CARTESIAN_POINT('',(-1.35,-0.4375,2.E-02));
#2781 = VECTOR('',#2782,1.);
#2782 = DIRECTION('',(-0.,1.,0.));
#2783 = PCURVE('',#126,#2784);
#2784 = DEFINITIONAL_REPRESENTATION('',(#2785),#2788);
#2785 = B_SPLINE_CURVE_WITH_KNOTS('',1,(#2786,#2787),.UNSPECIFIED.,.F.,
  .F.,(2,2),(1.3125,1.5625),.PIECEWISE_BEZIER_KNOTS.);
#2786 = CARTESIAN_POINT('',(0.4,2.625));
#2787 = CARTESIAN_POINT('',(0.4,2.875));
#2788 = ( GEOMETRIC_REPRESENTATION_CONTEXT(2) 
PARAMETRIC_REPRESENTATION_CONTEXT() REPRESENTATION_CONTEXT('2D SPACE',''
  ) );
#2789 = PCURVE('',#2790,#2795);
#2790 = PLANE('',#2791);
#2791 = AXIS2_PLACEMENT_3D('',#2792,#2793,#2794);
#2792 = CARTESIAN_POINT('',(-1.35,0.875,0.));
#2793 = DIRECTION('',(1.,0.,-0.));
#2794 = DIRECTION('',(0.,0.,1.));
#2795 = DEFINITIONAL_REPRESENTATION('',(#2796),#2799);
#2796 = B_SPLINE_CURVE_WITH_KNOTS('',1,(#2797,#2798),.UNSPECIFIED.,.F.,
  .F.,(2,2),(1.3125,1.5625),.PIECEWISE_BEZIER_KNOTS.);
#2797 = CARTESIAN_POINT('',(2.E-02,0.));
#2798 = CARTESIAN_POINT('',(2.E-02,-0.25));
#2799 = ( GEOMETRIC_REPRESENTATION_CONTEXT(2) 
PARAMETRIC_REPRESENTATION_CONTEXT() REPRESENTATION_CONTEXT('2D SPACE',''
  ) );
#2800 = ORIENTED_EDGE('',*,*,#2801,.T.);
#2801 = EDGE_CURVE('',#2776,#544,#2802,.T.);
#2802 = SURFACE_CURVE('',#2803,(#2807,#2813),.PCURVE_S1.);
#2803 = LINE('',#2804,#2805);
#2804 = CARTESIAN_POINT('',(-1.75,0.875,2.E-02));
#2805 = VECTOR('',#2806,1.);
#2806 = DIRECTION('',(-1.,-0.,0.));
#2807 = PCURVE('',#126,#2808);
#2808 = DEFINITIONAL_REPRESENTATION('',(#2809),#2812);
#2809 = B_SPLINE_CURVE_WITH_KNOTS('',1,(#2810,#2811),.UNSPECIFIED.,.F.,
  .F.,(2,2),(-0.4,0.),.PIECEWISE_BEZIER_KNOTS.);
#2810 = CARTESIAN_POINT('',(0.4,2.625));
#2811 = CARTESIAN_POINT('',(0.,2.625));
#2812 = ( GEOMETRIC_REPRESENTATION_CONTEXT(2) 
PARAMETRIC_REPRESENTATION_CONTEXT() REPRESENTATION_CONTEXT('2D SPACE',''
  ) );
#2813 = PCURVE('',#582,#2814);
#2814 = DEFINITIONAL_REPRESENTATION('',(#2815),#2818);
#2815 = B_SPLINE_CURVE_WITH_KNOTS('',1,(#2816,#2817),.UNSPECIFIED.,.F.,
  .F.,(2,2),(-0.4,0.),.PIECEWISE_BEZIER_KNOTS.);
#2816 = CARTESIAN_POINT('',(2.E-02,0.4));
#2817 = CARTESIAN_POINT('',(2.E-02,0.));
#2818 = ( GEOMETRIC_REPRESENTATION_CONTEXT(2) 
PARAMETRIC_REPRESENTATION_CONTEXT() REPRESENTATION_CONTEXT('2D SPACE',''
  ) );
#2819 = ORIENTED_EDGE('',*,*,#543,.F.);
#2820 = ORIENTED_EDGE('',*,*,#2821,.F.);
#2821 = EDGE_CURVE('',#2822,#516,#2824,.T.);
#2822 = VERTEX_POINT('',#2823);
#2823 = CARTESIAN_POINT('',(-1.35,0.625,2.E-02));
#2824 = SURFACE_CURVE('',#2825,(#2829,#2835),.PCURVE_S1.);
#2825 = LINE('',#2826,#2827);
#2826 = CARTESIAN_POINT('',(-1.75,0.625,2.E-02));
#2827 = VECTOR('',#2828,1.);
#2828 = DIRECTION('',(-1.,-0.,0.));
#2829 = PCURVE('',#126,#2830);
#2830 = DEFINITIONAL_REPRESENTATION('',(#2831),#2834);
#2831 = B_SPLINE_CURVE_WITH_KNOTS('',1,(#2832,#2833),.UNSPECIFIED.,.F.,
  .F.,(2,2),(-0.4,0.),.PIECEWISE_BEZIER_KNOTS.);
#2832 = CARTESIAN_POINT('',(0.4,2.375));
#2833 = CARTESIAN_POINT('',(0.,2.375));
#2834 = ( GEOMETRIC_REPRESENTATION_CONTEXT(2) 
PARAMETRIC_REPRESENTATION_CONTEXT() REPRESENTATION_CONTEXT('2D SPACE',''
  ) );
#2835 = PCURVE('',#531,#2836);
#2836 = DEFINITIONAL_REPRESENTATION('',(#2837),#2840);
#2837 = B_SPLINE_CURVE_WITH_KNOTS('',1,(#2838,#2839),.UNSPECIFIED.,.F.,
  .F.,(2,2),(-0.4,0.),.PIECEWISE_BEZIER_KNOTS.);
#2838 = CARTESIAN_POINT('',(2.E-02,0.4));
#2839 = CARTESIAN_POINT('',(2.E-02,0.));
#2840 = ( GEOMETRIC_REPRESENTATION_CONTEXT(2) 
PARAMETRIC_REPRESENTATION_CONTEXT() REPRESENTATION_CONTEXT('2D SPACE',''
  ) );
#2841 = ORIENTED_EDGE('',*,*,#2842,.F.);
#2842 = EDGE_CURVE('',#2843,#2822,#2845,.T.);
#2843 = VERTEX_POINT('',#2844);
#2844 = CARTESIAN_POINT('',(-1.35,0.375,2.E-02));
#2845 = SURFACE_CURVE('',#2846,(#2850,#2856),.PCURVE_S1.);
#2846 = LINE('',#2847,#2848);
#2847 = CARTESIAN_POINT('',(-1.35,-0.6875,2.E-02));
#2848 = VECTOR('',#2849,1.);
#2849 = DIRECTION('',(-0.,1.,0.));
#2850 = PCURVE('',#126,#2851);
#2851 = DEFINITIONAL_REPRESENTATION('',(#2852),#2855);
#2852 = B_SPLINE_CURVE_WITH_KNOTS('',1,(#2853,#2854),.UNSPECIFIED.,.F.,
  .F.,(2,2),(1.0625,1.3125),.PIECEWISE_BEZIER_KNOTS.);
#2853 = CARTESIAN_POINT('',(0.4,2.125));
#2854 = CARTESIAN_POINT('',(0.4,2.375));
#2855 = ( GEOMETRIC_REPRESENTATION_CONTEXT(2) 
PARAMETRIC_REPRESENTATION_CONTEXT() REPRESENTATION_CONTEXT('2D SPACE',''
  ) );
#2856 = PCURVE('',#2857,#2862);
#2857 = PLANE('',#2858);
#2858 = AXIS2_PLACEMENT_3D('',#2859,#2860,#2861);
#2859 = CARTESIAN_POINT('',(-1.35,0.375,0.));
#2860 = DIRECTION('',(1.,0.,-0.));
#2861 = DIRECTION('',(0.,0.,1.));
#2862 = DEFINITIONAL_REPRESENTATION('',(#2863),#2866);
#2863 = B_SPLINE_CURVE_WITH_KNOTS('',1,(#2864,#2865),.UNSPECIFIED.,.F.,
  .F.,(2,2),(1.0625,1.3125),.PIECEWISE_BEZIER_KNOTS.);
#2864 = CARTESIAN_POINT('',(2.E-02,0.));
#2865 = CARTESIAN_POINT('',(2.E-02,-0.25));
#2866 = ( GEOMETRIC_REPRESENTATION_CONTEXT(2) 
PARAMETRIC_REPRESENTATION_CONTEXT() REPRESENTATION_CONTEXT('2D SPACE',''
  ) );
#2867 = ORIENTED_EDGE('',*,*,#2868,.T.);
#2868 = EDGE_CURVE('',#2843,#437,#2869,.T.);
#2869 = SURFACE_CURVE('',#2870,(#2874,#2880),.PCURVE_S1.);
#2870 = LINE('',#2871,#2872);
#2871 = CARTESIAN_POINT('',(-1.75,0.375,2.E-02));
#2872 = VECTOR('',#2873,1.);
#2873 = DIRECTION('',(-1.,-0.,0.));
#2874 = PCURVE('',#126,#2875);
#2875 = DEFINITIONAL_REPRESENTATION('',(#2876),#2879);
#2876 = B_SPLINE_CURVE_WITH_KNOTS('',1,(#2877,#2878),.UNSPECIFIED.,.F.,
  .F.,(2,2),(-0.4,0.),.PIECEWISE_BEZIER_KNOTS.);
#2877 = CARTESIAN_POINT('',(0.4,2.125));
#2878 = CARTESIAN_POINT('',(0.,2.125));
#2879 = ( GEOMETRIC_REPRESENTATION_CONTEXT(2) 
PARAMETRIC_REPRESENTATION_CONTEXT() REPRESENTATION_CONTEXT('2D SPACE',''
  ) );
#2880 = PCURVE('',#475,#2881);
#2881 = DEFINITIONAL_REPRESENTATION('',(#2882),#2885);
#2882 = B_SPLINE_CURVE_WITH_KNOTS('',1,(#2883,#2884),.UNSPECIFIED.,.F.,
  .F.,(2,2),(-0.4,0.),.PIECEWISE_BEZIER_KNOTS.);
#2883 = CARTESIAN_POINT('',(2.E-02,0.4));
#2884 = CARTESIAN_POINT('',(2.E-02,0.));
#2885 = ( GEOMETRIC_REPRESENTATION_CONTEXT(2) 
PARAMETRIC_REPRESENTATION_CONTEXT() REPRESENTATION_CONTEXT('2D SPACE',''
  ) );
#2886 = ORIENTED_EDGE('',*,*,#436,.F.);
#2887 = ORIENTED_EDGE('',*,*,#2888,.F.);
#2888 = EDGE_CURVE('',#2889,#409,#2891,.T.);
#2889 = VERTEX_POINT('',#2890);
#2890 = CARTESIAN_POINT('',(-1.35,0.125,2.E-02));
#2891 = SURFACE_CURVE('',#2892,(#2896,#2902),.PCURVE_S1.);
#2892 = LINE('',#2893,#2894);
#2893 = CARTESIAN_POINT('',(-1.75,0.125,2.E-02));
#2894 = VECTOR('',#2895,1.);
#2895 = DIRECTION('',(-1.,-0.,0.));
#2896 = PCURVE('',#126,#2897);
#2897 = DEFINITIONAL_REPRESENTATION('',(#2898),#2901);
#2898 = B_SPLINE_CURVE_WITH_KNOTS('',1,(#2899,#2900),.UNSPECIFIED.,.F.,
  .F.,(2,2),(-0.4,0.),.PIECEWISE_BEZIER_KNOTS.);
#2899 = CARTESIAN_POINT('',(0.4,1.875));
#2900 = CARTESIAN_POINT('',(0.,1.875));
#2901 = ( GEOMETRIC_REPRESENTATION_CONTEXT(2) 
PARAMETRIC_REPRESENTATION_CONTEXT() REPRESENTATION_CONTEXT('2D SPACE',''
  ) );
#2902 = PCURVE('',#424,#2903);
#2903 = DEFINITIONAL_REPRESENTATION('',(#2904),#2907);
#2904 = B_SPLINE_CURVE_WITH_KNOTS('',1,(#2905,#2906),.UNSPECIFIED.,.F.,
  .F.,(2,2),(-0.4,0.),.PIECEWISE_BEZIER_KNOTS.);
#2905 = CARTESIAN_POINT('',(2.E-02,0.4));
#2906 = CARTESIAN_POINT('',(2.E-02,0.));
#2907 = ( GEOMETRIC_REPRESENTATION_CONTEXT(2) 
PARAMETRIC_REPRESENTATION_CONTEXT() REPRESENTATION_CONTEXT('2D SPACE',''
  ) );
#2908 = ORIENTED_EDGE('',*,*,#2909,.F.);
#2909 = EDGE_CURVE('',#2910,#2889,#2912,.T.);
#2910 = VERTEX_POINT('',#2911);
#2911 = CARTESIAN_POINT('',(-1.35,-0.125,2.E-02));
#2912 = SURFACE_CURVE('',#2913,(#2917,#2923),.PCURVE_S1.);
#2913 = LINE('',#2914,#2915);
#2914 = CARTESIAN_POINT('',(-1.35,-0.9375,2.E-02));
#2915 = VECTOR('',#2916,1.);
#2916 = DIRECTION('',(-0.,1.,0.));
#2917 = PCURVE('',#126,#2918);
#2918 = DEFINITIONAL_REPRESENTATION('',(#2919),#2922);
#2919 = B_SPLINE_CURVE_WITH_KNOTS('',1,(#2920,#2921),.UNSPECIFIED.,.F.,
  .F.,(2,2),(0.8125,1.0625),.PIECEWISE_BEZIER_KNOTS.);
#2920 = CARTESIAN_POINT('',(0.4,1.625));
#2921 = CARTESIAN_POINT('',(0.4,1.875));
#2922 = ( GEOMETRIC_REPRESENTATION_CONTEXT(2) 
PARAMETRIC_REPRESENTATION_CONTEXT() REPRESENTATION_CONTEXT('2D SPACE',''
  ) );
#2923 = PCURVE('',#2924,#2929);
#2924 = PLANE('',#2925);
#2925 = AXIS2_PLACEMENT_3D('',#2926,#2927,#2928);
#2926 = CARTESIAN_POINT('',(-1.35,-0.125,0.));
#2927 = DIRECTION('',(1.,0.,-0.));
#2928 = DIRECTION('',(0.,0.,1.));
#2929 = DEFINITIONAL_REPRESENTATION('',(#2930),#2933);
#2930 = B_SPLINE_CURVE_WITH_KNOTS('',1,(#2931,#2932),.UNSPECIFIED.,.F.,
  .F.,(2,2),(0.8125,1.0625),.PIECEWISE_BEZIER_KNOTS.);
#2931 = CARTESIAN_POINT('',(2.E-02,0.));
#2932 = CARTESIAN_POINT('',(2.E-02,-0.25));
#2933 = ( GEOMETRIC_REPRESENTATION_CONTEXT(2) 
PARAMETRIC_REPRESENTATION_CONTEXT() REPRESENTATION_CONTEXT('2D SPACE',''
  ) );
#2934 = ORIENTED_EDGE('',*,*,#2935,.T.);
#2935 = EDGE_CURVE('',#2910,#330,#2936,.T.);
#2936 = SURFACE_CURVE('',#2937,(#2941,#2947),.PCURVE_S1.);
#2937 = LINE('',#2938,#2939);
#2938 = CARTESIAN_POINT('',(-1.75,-0.125,2.E-02));
#2939 = VECTOR('',#2940,1.);
#2940 = DIRECTION('',(-1.,-0.,0.));
#2941 = PCURVE('',#126,#2942);
#2942 = DEFINITIONAL_REPRESENTATION('',(#2943),#2946);
#2943 = B_SPLINE_CURVE_WITH_KNOTS('',1,(#2944,#2945),.UNSPECIFIED.,.F.,
  .F.,(2,2),(-0.4,0.),.PIECEWISE_BEZIER_KNOTS.);
#2944 = CARTESIAN_POINT('',(0.4,1.625));
#2945 = CARTESIAN_POINT('',(0.,1.625));
#2946 = ( GEOMETRIC_REPRESENTATION_CONTEXT(2) 
PARAMETRIC_REPRESENTATION_CONTEXT() REPRESENTATION_CONTEXT('2D SPACE',''
  ) );
#2947 = PCURVE('',#368,#2948);
#2948 = DEFINITIONAL_REPRESENTATION('',(#2949),#2952);
#2949 = B_SPLINE_CURVE_WITH_KNOTS('',1,(#2950,#2951),.UNSPECIFIED.,.F.,
  .F.,(2,2),(-0.4,0.),.PIECEWISE_BEZIER_KNOTS.);
#2950 = CARTESIAN_POINT('',(2.E-02,0.4));
#2951 = CARTESIAN_POINT('',(2.E-02,0.));
#2952 = ( GEOMETRIC_REPRESENTATION_CONTEXT(2) 
PARAMETRIC_REPRESENTATION_CONTEXT() REPRESENTATION_CONTEXT('2D SPACE',''
  ) );
#2953 = ORIENTED_EDGE('',*,*,#329,.F.);
#2954 = ORIENTED_EDGE('',*,*,#2955,.F.);
#2955 = EDGE_CURVE('',#2956,#302,#2958,.T.);
#2956 = VERTEX_POINT('',#2957);
#2957 = CARTESIAN_POINT('',(-1.35,-0.375,2.E-02));
#2958 = SURFACE_CURVE('',#2959,(#2963,#2969),.PCURVE_S1.);
#2959 = LINE('',#2960,#2961);
#2960 = CARTESIAN_POINT('',(-1.75,-0.375,2.E-02));
#2961 = VECTOR('',#2962,1.);
#2962 = DIRECTION('',(-1.,-0.,0.));
#2963 = PCURVE('',#126,#2964);
#2964 = DEFINITIONAL_REPRESENTATION('',(#2965),#2968);
#2965 = B_SPLINE_CURVE_WITH_KNOTS('',1,(#2966,#2967),.UNSPECIFIED.,.F.,
  .F.,(2,2),(-0.4,0.),.PIECEWISE_BEZIER_KNOTS.);
#2966 = CARTESIAN_POINT('',(0.4,1.375));
#2967 = CARTESIAN_POINT('',(0.,1.375));
#2968 = ( GEOMETRIC_REPRESENTATION_CONTEXT(2) 
PARAMETRIC_REPRESENTATION_CONTEXT() REPRESENTATION_CONTEXT('2D SPACE',''
  ) );
#2969 = PCURVE('',#317,#2970);
#2970 = DEFINITIONAL_REPRESENTATION('',(#2971),#2974);
#2971 = B_SPLINE_CURVE_WITH_KNOTS('',1,(#2972,#2973),.UNSPECIFIED.,.F.,
  .F.,(2,2),(-0.4,0.),.PIECEWISE_BEZIER_KNOTS.);
#2972 = CARTESIAN_POINT('',(2.E-02,0.4));
#2973 = CARTESIAN_POINT('',(2.E-02,0.));
#2974 = ( GEOMETRIC_REPRESENTATION_CONTEXT(2) 
PARAMETRIC_REPRESENTATION_CONTEXT() REPRESENTATION_CONTEXT('2D SPACE',''
  ) );
#2975 = ORIENTED_EDGE('',*,*,#2976,.F.);
#2976 = EDGE_CURVE('',#2977,#2956,#2979,.T.);
#2977 = VERTEX_POINT('',#2978);
#2978 = CARTESIAN_POINT('',(-1.35,-0.625,2.E-02));
#2979 = SURFACE_CURVE('',#2980,(#2984,#2990),.PCURVE_S1.);
#2980 = LINE('',#2981,#2982);
#2981 = CARTESIAN_POINT('',(-1.35,-1.1875,2.E-02));
#2982 = VECTOR('',#2983,1.);
#2983 = DIRECTION('',(-0.,1.,0.));
#2984 = PCURVE('',#126,#2985);
#2985 = DEFINITIONAL_REPRESENTATION('',(#2986),#2989);
#2986 = B_SPLINE_CURVE_WITH_KNOTS('',1,(#2987,#2988),.UNSPECIFIED.,.F.,
  .F.,(2,2),(0.5625,0.8125),.PIECEWISE_BEZIER_KNOTS.);
#2987 = CARTESIAN_POINT('',(0.4,1.125));
#2988 = CARTESIAN_POINT('',(0.4,1.375));
#2989 = ( GEOMETRIC_REPRESENTATION_CONTEXT(2) 
PARAMETRIC_REPRESENTATION_CONTEXT() REPRESENTATION_CONTEXT('2D SPACE',''
  ) );
#2990 = PCURVE('',#2991,#2996);
#2991 = PLANE('',#2992);
#2992 = AXIS2_PLACEMENT_3D('',#2993,#2994,#2995);
#2993 = CARTESIAN_POINT('',(-1.35,-0.625,0.));
#2994 = DIRECTION('',(1.,0.,-0.));
#2995 = DIRECTION('',(0.,0.,1.));
#2996 = DEFINITIONAL_REPRESENTATION('',(#2997),#3000);
#2997 = B_SPLINE_CURVE_WITH_KNOTS('',1,(#2998,#2999),.UNSPECIFIED.,.F.,
  .F.,(2,2),(0.5625,0.8125),.PIECEWISE_BEZIER_KNOTS.);
#2998 = CARTESIAN_POINT('',(2.E-02,0.));
#2999 = CARTESIAN_POINT('',(2.E-02,-0.25));
#3000 = ( GEOMETRIC_REPRESENTATION_CONTEXT(2) 
PARAMETRIC_REPRESENTATION_CONTEXT() REPRESENTATION_CONTEXT('2D SPACE',''
  ) );
#3001 = ORIENTED_EDGE('',*,*,#3002,.T.);
#3002 = EDGE_CURVE('',#2977,#223,#3003,.T.);
#3003 = SURFACE_CURVE('',#3004,(#3008,#3014),.PCURVE_S1.);
#3004 = LINE('',#3005,#3006);
#3005 = CARTESIAN_POINT('',(-1.75,-0.625,2.E-02));
#3006 = VECTOR('',#3007,1.);
#3007 = DIRECTION('',(-1.,-0.,0.));
#3008 = PCURVE('',#126,#3009);
#3009 = DEFINITIONAL_REPRESENTATION('',(#3010),#3013);
#3010 = B_SPLINE_CURVE_WITH_KNOTS('',1,(#3011,#3012),.UNSPECIFIED.,.F.,
  .F.,(2,2),(-0.4,0.),.PIECEWISE_BEZIER_KNOTS.);
#3011 = CARTESIAN_POINT('',(0.4,1.125));
#3012 = CARTESIAN_POINT('',(0.,1.125));
#3013 = ( GEOMETRIC_REPRESENTATION_CONTEXT(2) 
PARAMETRIC_REPRESENTATION_CONTEXT() REPRESENTATION_CONTEXT('2D SPACE',''
  ) );
#3014 = PCURVE('',#261,#3015);
#3015 = DEFINITIONAL_REPRESENTATION('',(#3016),#3019);
#3016 = B_SPLINE_CURVE_WITH_KNOTS('',1,(#3017,#3018),.UNSPECIFIED.,.F.,
  .F.,(2,2),(-0.4,0.),.PIECEWISE_BEZIER_KNOTS.);
#3017 = CARTESIAN_POINT('',(2.E-02,0.4));
#3018 = CARTESIAN_POINT('',(2.E-02,0.));
#3019 = ( GEOMETRIC_REPRESENTATION_CONTEXT(2) 
PARAMETRIC_REPRESENTATION_CONTEXT() REPRESENTATION_CONTEXT('2D SPACE',''
  ) );
#3020 = ORIENTED_EDGE('',*,*,#222,.F.);
#3021 = ORIENTED_EDGE('',*,*,#3022,.F.);
#3022 = EDGE_CURVE('',#3023,#195,#3025,.T.);
#3023 = VERTEX_POINT('',#3024);
#3024 = CARTESIAN_POINT('',(-1.35,-0.875,2.E-02));
#3025 = SURFACE_CURVE('',#3026,(#3030,#3036),.PCURVE_S1.);
#3026 = LINE('',#3027,#3028);
#3027 = CARTESIAN_POINT('',(-1.75,-0.875,2.E-02));
#3028 = VECTOR('',#3029,1.);
#3029 = DIRECTION('',(-1.,-0.,0.));
#3030 = PCURVE('',#126,#3031);
#3031 = DEFINITIONAL_REPRESENTATION('',(#3032),#3035);
#3032 = B_SPLINE_CURVE_WITH_KNOTS('',1,(#3033,#3034),.UNSPECIFIED.,.F.,
  .F.,(2,2),(-0.4,0.),.PIECEWISE_BEZIER_KNOTS.);
#3033 = CARTESIAN_POINT('',(0.4,0.875));
#3034 = CARTESIAN_POINT('',(0.,0.875));
#3035 = ( GEOMETRIC_REPRESENTATION_CONTEXT(2) 
PARAMETRIC_REPRESENTATION_CONTEXT() REPRESENTATION_CONTEXT('2D SPACE',''
  ) );
#3036 = PCURVE('',#210,#3037);
#3037 = DEFINITIONAL_REPRESENTATION('',(#3038),#3041);
#3038 = B_SPLINE_CURVE_WITH_KNOTS('',1,(#3039,#3040),.UNSPECIFIED.,.F.,
  .F.,(2,2),(-0.4,0.),.PIECEWISE_BEZIER_KNOTS.);
#3039 = CARTESIAN_POINT('',(2.E-02,0.4));
#3040 = CARTESIAN_POINT('',(2.E-02,0.));
#3041 = ( GEOMETRIC_REPRESENTATION_CONTEXT(2) 
PARAMETRIC_REPRESENTATION_CONTEXT() REPRESENTATION_CONTEXT('2D SPACE',''
  ) );
#3042 = ORIENTED_EDGE('',*,*,#3043,.F.);
#3043 = EDGE_CURVE('',#3044,#3023,#3046,.T.);
#3044 = VERTEX_POINT('',#3045);
#3045 = CARTESIAN_POINT('',(-1.35,-1.125,2.E-02));
#3046 = SURFACE_CURVE('',#3047,(#3051,#3057),.PCURVE_S1.);
#3047 = LINE('',#3048,#3049);
#3048 = CARTESIAN_POINT('',(-1.35,-1.4375,2.E-02));
#3049 = VECTOR('',#3050,1.);
#3050 = DIRECTION('',(-0.,1.,0.));
#3051 = PCURVE('',#126,#3052);
#3052 = DEFINITIONAL_REPRESENTATION('',(#3053),#3056);
#3053 = B_SPLINE_CURVE_WITH_KNOTS('',1,(#3054,#3055),.UNSPECIFIED.,.F.,
  .F.,(2,2),(0.3125,0.5625),.PIECEWISE_BEZIER_KNOTS.);
#3054 = CARTESIAN_POINT('',(0.4,0.625));
#3055 = CARTESIAN_POINT('',(0.4,0.875));
#3056 = ( GEOMETRIC_REPRESENTATION_CONTEXT(2) 
PARAMETRIC_REPRESENTATION_CONTEXT() REPRESENTATION_CONTEXT('2D SPACE',''
  ) );
#3057 = PCURVE('',#3058,#3063);
#3058 = PLANE('',#3059);
#3059 = AXIS2_PLACEMENT_3D('',#3060,#3061,#3062);
#3060 = CARTESIAN_POINT('',(-1.35,-1.125,0.));
#3061 = DIRECTION('',(1.,0.,-0.));
#3062 = DIRECTION('',(0.,0.,1.));
#3063 = DEFINITIONAL_REPRESENTATION('',(#3064),#3067);
#3064 = B_SPLINE_CURVE_WITH_KNOTS('',1,(#3065,#3066),.UNSPECIFIED.,.F.,
  .F.,(2,2),(0.3125,0.5625),.PIECEWISE_BEZIER_KNOTS.);
#3065 = CARTESIAN_POINT('',(2.E-02,0.));
#3066 = CARTESIAN_POINT('',(2.E-02,-0.25));
#3067 = ( GEOMETRIC_REPRESENTATION_CONTEXT(2) 
PARAMETRIC_REPRESENTATION_CONTEXT() REPRESENTATION_CONTEXT('2D SPACE',''
  ) );
#3068 = ORIENTED_EDGE('',*,*,#3069,.T.);
#3069 = EDGE_CURVE('',#3044,#111,#3070,.T.);
#3070 = SURFACE_CURVE('',#3071,(#3075,#3081),.PCURVE_S1.);
#3071 = LINE('',#3072,#3073);
#3072 = CARTESIAN_POINT('',(-1.75,-1.125,2.E-02));
#3073 = VECTOR('',#3074,1.);
#3074 = DIRECTION('',(-1.,-0.,0.));
#3075 = PCURVE('',#126,#3076);
#3076 = DEFINITIONAL_REPRESENTATION('',(#3077),#3080);
#3077 = B_SPLINE_CURVE_WITH_KNOTS('',1,(#3078,#3079),.UNSPECIFIED.,.F.,
  .F.,(2,2),(-0.4,0.),.PIECEWISE_BEZIER_KNOTS.);
#3078 = CARTESIAN_POINT('',(0.4,0.625));
#3079 = CARTESIAN_POINT('',(0.,0.625));
#3080 = ( GEOMETRIC_REPRESENTATION_CONTEXT(2) 
PARAMETRIC_REPRESENTATION_CONTEXT() REPRESENTATION_CONTEXT('2D SPACE',''
  ) );
#3081 = PCURVE('',#154,#3082);
#3082 = DEFINITIONAL_REPRESENTATION('',(#3083),#3086);
#3083 = B_SPLINE_CURVE_WITH_KNOTS('',1,(#3084,#3085),.UNSPECIFIED.,.F.,
  .F.,(2,2),(-0.4,0.),.PIECEWISE_BEZIER_KNOTS.);
#3084 = CARTESIAN_POINT('',(2.E-02,0.4));
#3085 = CARTESIAN_POINT('',(2.E-02,0.));
#3086 = ( GEOMETRIC_REPRESENTATION_CONTEXT(2) 
PARAMETRIC_REPRESENTATION_CONTEXT() REPRESENTATION_CONTEXT('2D SPACE',''
  ) );
#3087 = FACE_BOUND('',#3088,.F.);
#3088 = EDGE_LOOP('',(#3089,#3117,#3143,#3169));
#3089 = ORIENTED_EDGE('',*,*,#3090,.T.);
#3090 = EDGE_CURVE('',#3091,#3093,#3095,.T.);
#3091 = VERTEX_POINT('',#3092);
#3092 = CARTESIAN_POINT('',(1.025,-1.025,2.E-02));
#3093 = VERTEX_POINT('',#3094);
#3094 = CARTESIAN_POINT('',(-1.025,-1.025,2.E-02));
#3095 = SURFACE_CURVE('',#3096,(#3100,#3106),.PCURVE_S1.);
#3096 = LINE('',#3097,#3098);
#3097 = CARTESIAN_POINT('',(-1.3875,-1.025,2.E-02));
#3098 = VECTOR('',#3099,1.);
#3099 = DIRECTION('',(-1.,-0.,0.));
#3100 = PCURVE('',#126,#3101);
#3101 = DEFINITIONAL_REPRESENTATION('',(#3102),#3105);
#3102 = B_SPLINE_CURVE_WITH_KNOTS('',1,(#3103,#3104),.UNSPECIFIED.,.F.,
  .F.,(2,2),(-2.4125,-0.3625),.PIECEWISE_BEZIER_KNOTS.);
#3103 = CARTESIAN_POINT('',(2.775,0.725));
#3104 = CARTESIAN_POINT('',(0.725,0.725));
#3105 = ( GEOMETRIC_REPRESENTATION_CONTEXT(2) 
PARAMETRIC_REPRESENTATION_CONTEXT() REPRESENTATION_CONTEXT('2D SPACE',''
  ) );
#3106 = PCURVE('',#3107,#3112);
#3107 = PLANE('',#3108);
#3108 = AXIS2_PLACEMENT_3D('',#3109,#3110,#3111);
#3109 = CARTESIAN_POINT('',(-1.025,-1.025,0.));
#3110 = DIRECTION('',(-0.,1.,0.));
#3111 = DIRECTION('',(0.,0.,1.));
#3112 = DEFINITIONAL_REPRESENTATION('',(#3113),#3116);
#3113 = B_SPLINE_CURVE_WITH_KNOTS('',1,(#3114,#3115),.UNSPECIFIED.,.F.,
  .F.,(2,2),(-2.4125,-0.3625),.PIECEWISE_BEZIER_KNOTS.);
#3114 = CARTESIAN_POINT('',(2.E-02,2.05));
#3115 = CARTESIAN_POINT('',(2.E-02,0.));
#3116 = ( GEOMETRIC_REPRESENTATION_CONTEXT(2) 
PARAMETRIC_REPRESENTATION_CONTEXT() REPRESENTATION_CONTEXT('2D SPACE',''
  ) );
#3117 = ORIENTED_EDGE('',*,*,#3118,.T.);
#3118 = EDGE_CURVE('',#3093,#3119,#3121,.T.);
#3119 = VERTEX_POINT('',#3120);
#3120 = CARTESIAN_POINT('',(-1.025,1.025,2.E-02));
#3121 = SURFACE_CURVE('',#3122,(#3126,#3132),.PCURVE_S1.);
#3122 = LINE('',#3123,#3124);
#3123 = CARTESIAN_POINT('',(-1.025,-1.3875,2.E-02));
#3124 = VECTOR('',#3125,1.);
#3125 = DIRECTION('',(-0.,1.,0.));
#3126 = PCURVE('',#126,#3127);
#3127 = DEFINITIONAL_REPRESENTATION('',(#3128),#3131);
#3128 = B_SPLINE_CURVE_WITH_KNOTS('',1,(#3129,#3130),.UNSPECIFIED.,.F.,
  .F.,(2,2),(0.3625,2.4125),.PIECEWISE_BEZIER_KNOTS.);
#3129 = CARTESIAN_POINT('',(0.725,0.725));
#3130 = CARTESIAN_POINT('',(0.725,2.775));
#3131 = ( GEOMETRIC_REPRESENTATION_CONTEXT(2) 
PARAMETRIC_REPRESENTATION_CONTEXT() REPRESENTATION_CONTEXT('2D SPACE',''
  ) );
#3132 = PCURVE('',#3133,#3138);
#3133 = PLANE('',#3134);
#3134 = AXIS2_PLACEMENT_3D('',#3135,#3136,#3137);
#3135 = CARTESIAN_POINT('',(-1.025,-1.025,0.));
#3136 = DIRECTION('',(1.,0.,-0.));
#3137 = DIRECTION('',(0.,0.,1.));
#3138 = DEFINITIONAL_REPRESENTATION('',(#3139),#3142);
#3139 = B_SPLINE_CURVE_WITH_KNOTS('',1,(#3140,#3141),.UNSPECIFIED.,.F.,
  .F.,(2,2),(0.3625,2.4125),.PIECEWISE_BEZIER_KNOTS.);
#3140 = CARTESIAN_POINT('',(2.E-02,0.));
#3141 = CARTESIAN_POINT('',(2.E-02,-2.05));
#3142 = ( GEOMETRIC_REPRESENTATION_CONTEXT(2) 
PARAMETRIC_REPRESENTATION_CONTEXT() REPRESENTATION_CONTEXT('2D SPACE',''
  ) );
#3143 = ORIENTED_EDGE('',*,*,#3144,.F.);
#3144 = EDGE_CURVE('',#3145,#3119,#3147,.T.);
#3145 = VERTEX_POINT('',#3146);
#3146 = CARTESIAN_POINT('',(1.025,1.025,2.E-02));
#3147 = SURFACE_CURVE('',#3148,(#3152,#3158),.PCURVE_S1.);
#3148 = LINE('',#3149,#3150);
#3149 = CARTESIAN_POINT('',(-1.3875,1.025,2.E-02));
#3150 = VECTOR('',#3151,1.);
#3151 = DIRECTION('',(-1.,-0.,0.));
#3152 = PCURVE('',#126,#3153);
#3153 = DEFINITIONAL_REPRESENTATION('',(#3154),#3157);
#3154 = B_SPLINE_CURVE_WITH_KNOTS('',1,(#3155,#3156),.UNSPECIFIED.,.F.,
  .F.,(2,2),(-2.4125,-0.3625),.PIECEWISE_BEZIER_KNOTS.);
#3155 = CARTESIAN_POINT('',(2.775,2.775));
#3156 = CARTESIAN_POINT('',(0.725,2.775));
#3157 = ( GEOMETRIC_REPRESENTATION_CONTEXT(2) 
PARAMETRIC_REPRESENTATION_CONTEXT() REPRESENTATION_CONTEXT('2D SPACE',''
  ) );
#3158 = PCURVE('',#3159,#3164);
#3159 = PLANE('',#3160);
#3160 = AXIS2_PLACEMENT_3D('',#3161,#3162,#3163);
#3161 = CARTESIAN_POINT('',(-1.025,1.025,0.));
#3162 = DIRECTION('',(-0.,1.,0.));
#3163 = DIRECTION('',(0.,0.,1.));
#3164 = DEFINITIONAL_REPRESENTATION('',(#3165),#3168);
#3165 = B_SPLINE_CURVE_WITH_KNOTS('',1,(#3166,#3167),.UNSPECIFIED.,.F.,
  .F.,(2,2),(-2.4125,-0.3625),.PIECEWISE_BEZIER_KNOTS.);
#3166 = CARTESIAN_POINT('',(2.E-02,2.05));
#3167 = CARTESIAN_POINT('',(2.E-02,0.));
#3168 = ( GEOMETRIC_REPRESENTATION_CONTEXT(2) 
PARAMETRIC_REPRESENTATION_CONTEXT() REPRESENTATION_CONTEXT('2D SPACE',''
  ) );
#3169 = ORIENTED_EDGE('',*,*,#3170,.F.);
#3170 = EDGE_CURVE('',#3091,#3145,#3171,.T.);
#3171 = SURFACE_CURVE('',#3172,(#3176,#3182),.PCURVE_S1.);
#3172 = LINE('',#3173,#3174);
#3173 = CARTESIAN_POINT('',(1.025,-1.3875,2.E-02));
#3174 = VECTOR('',#3175,1.);
#3175 = DIRECTION('',(-0.,1.,0.));
#3176 = PCURVE('',#126,#3177);
#3177 = DEFINITIONAL_REPRESENTATION('',(#3178),#3181);
#3178 = B_SPLINE_CURVE_WITH_KNOTS('',1,(#3179,#3180),.UNSPECIFIED.,.F.,
  .F.,(2,2),(0.3625,2.4125),.PIECEWISE_BEZIER_KNOTS.);
#3179 = CARTESIAN_POINT('',(2.775,0.725));
#3180 = CARTESIAN_POINT('',(2.775,2.775));
#3181 = ( GEOMETRIC_REPRESENTATION_CONTEXT(2) 
PARAMETRIC_REPRESENTATION_CONTEXT() REPRESENTATION_CONTEXT('2D SPACE',''
  ) );
#3182 = PCURVE('',#3183,#3188);
#3183 = PLANE('',#3184);
#3184 = AXIS2_PLACEMENT_3D('',#3185,#3186,#3187);
#3185 = CARTESIAN_POINT('',(1.025,-1.025,0.));
#3186 = DIRECTION('',(1.,0.,-0.));
#3187 = DIRECTION('',(0.,0.,1.));
#3188 = DEFINITIONAL_REPRESENTATION('',(#3189),#3192);
#3189 = B_SPLINE_CURVE_WITH_KNOTS('',1,(#3190,#3191),.UNSPECIFIED.,.F.,
  .F.,(2,2),(0.3625,2.4125),.PIECEWISE_BEZIER_KNOTS.);
#3190 = CARTESIAN_POINT('',(2.E-02,0.));
#3191 = CARTESIAN_POINT('',(2.E-02,-2.05));
#3192 = ( GEOMETRIC_REPRESENTATION_CONTEXT(2) 
PARAMETRIC_REPRESENTATION_CONTEXT() REPRESENTATION_CONTEXT('2D SPACE',''
  ) );
#3193 = ADVANCED_FACE('',(#3194),#638,.F.);
#3194 = FACE_BOUND('',#3195,.F.);
#3195 = EDGE_LOOP('',(#3196,#3219,#3220,#3221));
#3196 = ORIENTED_EDGE('',*,*,#3197,.F.);
#3197 = EDGE_CURVE('',#2755,#3198,#3200,.T.);
#3198 = VERTEX_POINT('',#3199);
#3199 = CARTESIAN_POINT('',(-1.35,1.125,0.2));
#3200 = SURFACE_CURVE('',#3201,(#3205,#3212),.PCURVE_S1.);
#3201 = LINE('',#3202,#3203);
#3202 = CARTESIAN_POINT('',(-1.35,1.125,0.));
#3203 = VECTOR('',#3204,1.);
#3204 = DIRECTION('',(0.,0.,1.));
#3205 = PCURVE('',#638,#3206);
#3206 = DEFINITIONAL_REPRESENTATION('',(#3207),#3211);
#3207 = LINE('',#3208,#3209);
#3208 = CARTESIAN_POINT('',(0.,0.4));
#3209 = VECTOR('',#3210,1.);
#3210 = DIRECTION('',(1.,0.));
#3211 = ( GEOMETRIC_REPRESENTATION_CONTEXT(2) 
PARAMETRIC_REPRESENTATION_CONTEXT() REPRESENTATION_CONTEXT('2D SPACE',''
  ) );
#3212 = PCURVE('',#2790,#3213);
#3213 = DEFINITIONAL_REPRESENTATION('',(#3214),#3218);
#3214 = LINE('',#3215,#3216);
#3215 = CARTESIAN_POINT('',(0.,-0.25));
#3216 = VECTOR('',#3217,1.);
#3217 = DIRECTION('',(1.,0.));
#3218 = ( GEOMETRIC_REPRESENTATION_CONTEXT(2) 
PARAMETRIC_REPRESENTATION_CONTEXT() REPRESENTATION_CONTEXT('2D SPACE',''
  ) );
#3219 = ORIENTED_EDGE('',*,*,#2754,.T.);
#3220 = ORIENTED_EDGE('',*,*,#622,.T.);
#3221 = ORIENTED_EDGE('',*,*,#3222,.T.);
#3222 = EDGE_CURVE('',#595,#3198,#3223,.T.);
#3223 = SURFACE_CURVE('',#3224,(#3228,#3235),.PCURVE_S1.);
#3224 = LINE('',#3225,#3226);
#3225 = CARTESIAN_POINT('',(-1.75,1.125,0.2));
#3226 = VECTOR('',#3227,1.);
#3227 = DIRECTION('',(1.,0.,-0.));
#3228 = PCURVE('',#638,#3229);
#3229 = DEFINITIONAL_REPRESENTATION('',(#3230),#3234);
#3230 = LINE('',#3231,#3232);
#3231 = CARTESIAN_POINT('',(0.2,0.));
#3232 = VECTOR('',#3233,1.);
#3233 = DIRECTION('',(0.,1.));
#3234 = ( GEOMETRIC_REPRESENTATION_CONTEXT(2) 
PARAMETRIC_REPRESENTATION_CONTEXT() REPRESENTATION_CONTEXT('2D SPACE',''
  ) );
#3235 = PCURVE('',#610,#3236);
#3236 = DEFINITIONAL_REPRESENTATION('',(#3237),#3241);
#3237 = LINE('',#3238,#3239);
#3238 = CARTESIAN_POINT('',(0.,0.25));
#3239 = VECTOR('',#3240,1.);
#3240 = DIRECTION('',(1.,0.));
#3241 = ( GEOMETRIC_REPRESENTATION_CONTEXT(2) 
PARAMETRIC_REPRESENTATION_CONTEXT() REPRESENTATION_CONTEXT('2D SPACE',''
  ) );
#3242 = ADVANCED_FACE('',(#3243),#610,.F.);
#3243 = FACE_BOUND('',#3244,.F.);
#3244 = EDGE_LOOP('',(#3245,#3246,#3269,#3290));
#3245 = ORIENTED_EDGE('',*,*,#594,.F.);
#3246 = ORIENTED_EDGE('',*,*,#3247,.T.);
#3247 = EDGE_CURVE('',#567,#3248,#3250,.T.);
#3248 = VERTEX_POINT('',#3249);
#3249 = CARTESIAN_POINT('',(-1.35,0.875,0.2));
#3250 = SURFACE_CURVE('',#3251,(#3255,#3262),.PCURVE_S1.);
#3251 = LINE('',#3252,#3253);
#3252 = CARTESIAN_POINT('',(-1.75,0.875,0.2));
#3253 = VECTOR('',#3254,1.);
#3254 = DIRECTION('',(1.,0.,-0.));
#3255 = PCURVE('',#610,#3256);
#3256 = DEFINITIONAL_REPRESENTATION('',(#3257),#3261);
#3257 = LINE('',#3258,#3259);
#3258 = CARTESIAN_POINT('',(0.,0.));
#3259 = VECTOR('',#3260,1.);
#3260 = DIRECTION('',(1.,0.));
#3261 = ( GEOMETRIC_REPRESENTATION_CONTEXT(2) 
PARAMETRIC_REPRESENTATION_CONTEXT() REPRESENTATION_CONTEXT('2D SPACE',''
  ) );
#3262 = PCURVE('',#582,#3263);
#3263 = DEFINITIONAL_REPRESENTATION('',(#3264),#3268);
#3264 = LINE('',#3265,#3266);
#3265 = CARTESIAN_POINT('',(0.2,0.));
#3266 = VECTOR('',#3267,1.);
#3267 = DIRECTION('',(0.,1.));
#3268 = ( GEOMETRIC_REPRESENTATION_CONTEXT(2) 
PARAMETRIC_REPRESENTATION_CONTEXT() REPRESENTATION_CONTEXT('2D SPACE',''
  ) );
#3269 = ORIENTED_EDGE('',*,*,#3270,.T.);
#3270 = EDGE_CURVE('',#3248,#3198,#3271,.T.);
#3271 = SURFACE_CURVE('',#3272,(#3276,#3283),.PCURVE_S1.);
#3272 = LINE('',#3273,#3274);
#3273 = CARTESIAN_POINT('',(-1.35,0.875,0.2));
#3274 = VECTOR('',#3275,1.);
#3275 = DIRECTION('',(-0.,1.,0.));
#3276 = PCURVE('',#610,#3277);
#3277 = DEFINITIONAL_REPRESENTATION('',(#3278),#3282);
#3278 = LINE('',#3279,#3280);
#3279 = CARTESIAN_POINT('',(0.4,0.));
#3280 = VECTOR('',#3281,1.);
#3281 = DIRECTION('',(0.,1.));
#3282 = ( GEOMETRIC_REPRESENTATION_CONTEXT(2) 
PARAMETRIC_REPRESENTATION_CONTEXT() REPRESENTATION_CONTEXT('2D SPACE',''
  ) );
#3283 = PCURVE('',#2790,#3284);
#3284 = DEFINITIONAL_REPRESENTATION('',(#3285),#3289);
#3285 = LINE('',#3286,#3287);
#3286 = CARTESIAN_POINT('',(0.2,0.));
#3287 = VECTOR('',#3288,1.);
#3288 = DIRECTION('',(0.,-1.));
#3289 = ( GEOMETRIC_REPRESENTATION_CONTEXT(2) 
PARAMETRIC_REPRESENTATION_CONTEXT() REPRESENTATION_CONTEXT('2D SPACE',''
  ) );
#3290 = ORIENTED_EDGE('',*,*,#3222,.F.);
#3291 = ADVANCED_FACE('',(#3292),#582,.T.);
#3292 = FACE_BOUND('',#3293,.T.);
#3293 = EDGE_LOOP('',(#3294,#3315,#3316,#3317));
#3294 = ORIENTED_EDGE('',*,*,#3295,.F.);
#3295 = EDGE_CURVE('',#2776,#3248,#3296,.T.);
#3296 = SURFACE_CURVE('',#3297,(#3301,#3308),.PCURVE_S1.);
#3297 = LINE('',#3298,#3299);
#3298 = CARTESIAN_POINT('',(-1.35,0.875,0.));
#3299 = VECTOR('',#3300,1.);
#3300 = DIRECTION('',(0.,0.,1.));
#3301 = PCURVE('',#582,#3302);
#3302 = DEFINITIONAL_REPRESENTATION('',(#3303),#3307);
#3303 = LINE('',#3304,#3305);
#3304 = CARTESIAN_POINT('',(0.,0.4));
#3305 = VECTOR('',#3306,1.);
#3306 = DIRECTION('',(1.,0.));
#3307 = ( GEOMETRIC_REPRESENTATION_CONTEXT(2) 
PARAMETRIC_REPRESENTATION_CONTEXT() REPRESENTATION_CONTEXT('2D SPACE',''
  ) );
#3308 = PCURVE('',#2790,#3309);
#3309 = DEFINITIONAL_REPRESENTATION('',(#3310),#3314);
#3310 = LINE('',#3311,#3312);
#3311 = CARTESIAN_POINT('',(0.,0.));
#3312 = VECTOR('',#3313,1.);
#3313 = DIRECTION('',(1.,0.));
#3314 = ( GEOMETRIC_REPRESENTATION_CONTEXT(2) 
PARAMETRIC_REPRESENTATION_CONTEXT() REPRESENTATION_CONTEXT('2D SPACE',''
  ) );
#3315 = ORIENTED_EDGE('',*,*,#2801,.T.);
#3316 = ORIENTED_EDGE('',*,*,#566,.T.);
#3317 = ORIENTED_EDGE('',*,*,#3247,.T.);
#3318 = ADVANCED_FACE('',(#3319),#531,.F.);
#3319 = FACE_BOUND('',#3320,.F.);
#3320 = EDGE_LOOP('',(#3321,#3344,#3345,#3346));
#3321 = ORIENTED_EDGE('',*,*,#3322,.F.);
#3322 = EDGE_CURVE('',#2822,#3323,#3325,.T.);
#3323 = VERTEX_POINT('',#3324);
#3324 = CARTESIAN_POINT('',(-1.35,0.625,0.2));
#3325 = SURFACE_CURVE('',#3326,(#3330,#3337),.PCURVE_S1.);
#3326 = LINE('',#3327,#3328);
#3327 = CARTESIAN_POINT('',(-1.35,0.625,0.));
#3328 = VECTOR('',#3329,1.);
#3329 = DIRECTION('',(0.,0.,1.));
#3330 = PCURVE('',#531,#3331);
#3331 = DEFINITIONAL_REPRESENTATION('',(#3332),#3336);
#3332 = LINE('',#3333,#3334);
#3333 = CARTESIAN_POINT('',(0.,0.4));
#3334 = VECTOR('',#3335,1.);
#3335 = DIRECTION('',(1.,0.));
#3336 = ( GEOMETRIC_REPRESENTATION_CONTEXT(2) 
PARAMETRIC_REPRESENTATION_CONTEXT() REPRESENTATION_CONTEXT('2D SPACE',''
  ) );
#3337 = PCURVE('',#2857,#3338);
#3338 = DEFINITIONAL_REPRESENTATION('',(#3339),#3343);
#3339 = LINE('',#3340,#3341);
#3340 = CARTESIAN_POINT('',(0.,-0.25));
#3341 = VECTOR('',#3342,1.);
#3342 = DIRECTION('',(1.,0.));
#3343 = ( GEOMETRIC_REPRESENTATION_CONTEXT(2) 
PARAMETRIC_REPRESENTATION_CONTEXT() REPRESENTATION_CONTEXT('2D SPACE',''
  ) );
#3344 = ORIENTED_EDGE('',*,*,#2821,.T.);
#3345 = ORIENTED_EDGE('',*,*,#515,.T.);
#3346 = ORIENTED_EDGE('',*,*,#3347,.T.);
#3347 = EDGE_CURVE('',#488,#3323,#3348,.T.);
#3348 = SURFACE_CURVE('',#3349,(#3353,#3360),.PCURVE_S1.);
#3349 = LINE('',#3350,#3351);
#3350 = CARTESIAN_POINT('',(-1.75,0.625,0.2));
#3351 = VECTOR('',#3352,1.);
#3352 = DIRECTION('',(1.,0.,-0.));
#3353 = PCURVE('',#531,#3354);
#3354 = DEFINITIONAL_REPRESENTATION('',(#3355),#3359);
#3355 = LINE('',#3356,#3357);
#3356 = CARTESIAN_POINT('',(0.2,0.));
#3357 = VECTOR('',#3358,1.);
#3358 = DIRECTION('',(0.,1.));
#3359 = ( GEOMETRIC_REPRESENTATION_CONTEXT(2) 
PARAMETRIC_REPRESENTATION_CONTEXT() REPRESENTATION_CONTEXT('2D SPACE',''
  ) );
#3360 = PCURVE('',#503,#3361);
#3361 = DEFINITIONAL_REPRESENTATION('',(#3362),#3366);
#3362 = LINE('',#3363,#3364);
#3363 = CARTESIAN_POINT('',(0.,0.25));
#3364 = VECTOR('',#3365,1.);
#3365 = DIRECTION('',(1.,0.));
#3366 = ( GEOMETRIC_REPRESENTATION_CONTEXT(2) 
PARAMETRIC_REPRESENTATION_CONTEXT() REPRESENTATION_CONTEXT('2D SPACE',''
  ) );
#3367 = ADVANCED_FACE('',(#3368),#503,.F.);
#3368 = FACE_BOUND('',#3369,.F.);
#3369 = EDGE_LOOP('',(#3370,#3371,#3394,#3415));
#3370 = ORIENTED_EDGE('',*,*,#487,.F.);
#3371 = ORIENTED_EDGE('',*,*,#3372,.T.);
#3372 = EDGE_CURVE('',#460,#3373,#3375,.T.);
#3373 = VERTEX_POINT('',#3374);
#3374 = CARTESIAN_POINT('',(-1.35,0.375,0.2));
#3375 = SURFACE_CURVE('',#3376,(#3380,#3387),.PCURVE_S1.);
#3376 = LINE('',#3377,#3378);
#3377 = CARTESIAN_POINT('',(-1.75,0.375,0.2));
#3378 = VECTOR('',#3379,1.);
#3379 = DIRECTION('',(1.,0.,-0.));
#3380 = PCURVE('',#503,#3381);
#3381 = DEFINITIONAL_REPRESENTATION('',(#3382),#3386);
#3382 = LINE('',#3383,#3384);
#3383 = CARTESIAN_POINT('',(0.,0.));
#3384 = VECTOR('',#3385,1.);
#3385 = DIRECTION('',(1.,0.));
#3386 = ( GEOMETRIC_REPRESENTATION_CONTEXT(2) 
PARAMETRIC_REPRESENTATION_CONTEXT() REPRESENTATION_CONTEXT('2D SPACE',''
  ) );
#3387 = PCURVE('',#475,#3388);
#3388 = DEFINITIONAL_REPRESENTATION('',(#3389),#3393);
#3389 = LINE('',#3390,#3391);
#3390 = CARTESIAN_POINT('',(0.2,0.));
#3391 = VECTOR('',#3392,1.);
#3392 = DIRECTION('',(0.,1.));
#3393 = ( GEOMETRIC_REPRESENTATION_CONTEXT(2) 
PARAMETRIC_REPRESENTATION_CONTEXT() REPRESENTATION_CONTEXT('2D SPACE',''
  ) );
#3394 = ORIENTED_EDGE('',*,*,#3395,.T.);
#3395 = EDGE_CURVE('',#3373,#3323,#3396,.T.);
#3396 = SURFACE_CURVE('',#3397,(#3401,#3408),.PCURVE_S1.);
#3397 = LINE('',#3398,#3399);
#3398 = CARTESIAN_POINT('',(-1.35,0.375,0.2));
#3399 = VECTOR('',#3400,1.);
#3400 = DIRECTION('',(-0.,1.,0.));
#3401 = PCURVE('',#503,#3402);
#3402 = DEFINITIONAL_REPRESENTATION('',(#3403),#3407);
#3403 = LINE('',#3404,#3405);
#3404 = CARTESIAN_POINT('',(0.4,0.));
#3405 = VECTOR('',#3406,1.);
#3406 = DIRECTION('',(0.,1.));
#3407 = ( GEOMETRIC_REPRESENTATION_CONTEXT(2) 
PARAMETRIC_REPRESENTATION_CONTEXT() REPRESENTATION_CONTEXT('2D SPACE',''
  ) );
#3408 = PCURVE('',#2857,#3409);
#3409 = DEFINITIONAL_REPRESENTATION('',(#3410),#3414);
#3410 = LINE('',#3411,#3412);
#3411 = CARTESIAN_POINT('',(0.2,0.));
#3412 = VECTOR('',#3413,1.);
#3413 = DIRECTION('',(0.,-1.));
#3414 = ( GEOMETRIC_REPRESENTATION_CONTEXT(2) 
PARAMETRIC_REPRESENTATION_CONTEXT() REPRESENTATION_CONTEXT('2D SPACE',''
  ) );
#3415 = ORIENTED_EDGE('',*,*,#3347,.F.);
#3416 = ADVANCED_FACE('',(#3417),#475,.T.);
#3417 = FACE_BOUND('',#3418,.T.);
#3418 = EDGE_LOOP('',(#3419,#3440,#3441,#3442));
#3419 = ORIENTED_EDGE('',*,*,#3420,.F.);
#3420 = EDGE_CURVE('',#2843,#3373,#3421,.T.);
#3421 = SURFACE_CURVE('',#3422,(#3426,#3433),.PCURVE_S1.);
#3422 = LINE('',#3423,#3424);
#3423 = CARTESIAN_POINT('',(-1.35,0.375,0.));
#3424 = VECTOR('',#3425,1.);
#3425 = DIRECTION('',(0.,0.,1.));
#3426 = PCURVE('',#475,#3427);
#3427 = DEFINITIONAL_REPRESENTATION('',(#3428),#3432);
#3428 = LINE('',#3429,#3430);
#3429 = CARTESIAN_POINT('',(0.,0.4));
#3430 = VECTOR('',#3431,1.);
#3431 = DIRECTION('',(1.,0.));
#3432 = ( GEOMETRIC_REPRESENTATION_CONTEXT(2) 
PARAMETRIC_REPRESENTATION_CONTEXT() REPRESENTATION_CONTEXT('2D SPACE',''
  ) );
#3433 = PCURVE('',#2857,#3434);
#3434 = DEFINITIONAL_REPRESENTATION('',(#3435),#3439);
#3435 = LINE('',#3436,#3437);
#3436 = CARTESIAN_POINT('',(0.,0.));
#3437 = VECTOR('',#3438,1.);
#3438 = DIRECTION('',(1.,0.));
#3439 = ( GEOMETRIC_REPRESENTATION_CONTEXT(2) 
PARAMETRIC_REPRESENTATION_CONTEXT() REPRESENTATION_CONTEXT('2D SPACE',''
  ) );
#3440 = ORIENTED_EDGE('',*,*,#2868,.T.);
#3441 = ORIENTED_EDGE('',*,*,#459,.T.);
#3442 = ORIENTED_EDGE('',*,*,#3372,.T.);
#3443 = ADVANCED_FACE('',(#3444),#424,.F.);
#3444 = FACE_BOUND('',#3445,.F.);
#3445 = EDGE_LOOP('',(#3446,#3469,#3470,#3471));
#3446 = ORIENTED_EDGE('',*,*,#3447,.F.);
#3447 = EDGE_CURVE('',#2889,#3448,#3450,.T.);
#3448 = VERTEX_POINT('',#3449);
#3449 = CARTESIAN_POINT('',(-1.35,0.125,0.2));
#3450 = SURFACE_CURVE('',#3451,(#3455,#3462),.PCURVE_S1.);
#3451 = LINE('',#3452,#3453);
#3452 = CARTESIAN_POINT('',(-1.35,0.125,0.));
#3453 = VECTOR('',#3454,1.);
#3454 = DIRECTION('',(0.,0.,1.));
#3455 = PCURVE('',#424,#3456);
#3456 = DEFINITIONAL_REPRESENTATION('',(#3457),#3461);
#3457 = LINE('',#3458,#3459);
#3458 = CARTESIAN_POINT('',(0.,0.4));
#3459 = VECTOR('',#3460,1.);
#3460 = DIRECTION('',(1.,0.));
#3461 = ( GEOMETRIC_REPRESENTATION_CONTEXT(2) 
PARAMETRIC_REPRESENTATION_CONTEXT() REPRESENTATION_CONTEXT('2D SPACE',''
  ) );
#3462 = PCURVE('',#2924,#3463);
#3463 = DEFINITIONAL_REPRESENTATION('',(#3464),#3468);
#3464 = LINE('',#3465,#3466);
#3465 = CARTESIAN_POINT('',(0.,-0.25));
#3466 = VECTOR('',#3467,1.);
#3467 = DIRECTION('',(1.,0.));
#3468 = ( GEOMETRIC_REPRESENTATION_CONTEXT(2) 
PARAMETRIC_REPRESENTATION_CONTEXT() REPRESENTATION_CONTEXT('2D SPACE',''
  ) );
#3469 = ORIENTED_EDGE('',*,*,#2888,.T.);
#3470 = ORIENTED_EDGE('',*,*,#408,.T.);
#3471 = ORIENTED_EDGE('',*,*,#3472,.T.);
#3472 = EDGE_CURVE('',#381,#3448,#3473,.T.);
#3473 = SURFACE_CURVE('',#3474,(#3478,#3485),.PCURVE_S1.);
#3474 = LINE('',#3475,#3476);
#3475 = CARTESIAN_POINT('',(-1.75,0.125,0.2));
#3476 = VECTOR('',#3477,1.);
#3477 = DIRECTION('',(1.,0.,-0.));
#3478 = PCURVE('',#424,#3479);
#3479 = DEFINITIONAL_REPRESENTATION('',(#3480),#3484);
#3480 = LINE('',#3481,#3482);
#3481 = CARTESIAN_POINT('',(0.2,0.));
#3482 = VECTOR('',#3483,1.);
#3483 = DIRECTION('',(0.,1.));
#3484 = ( GEOMETRIC_REPRESENTATION_CONTEXT(2) 
PARAMETRIC_REPRESENTATION_CONTEXT() REPRESENTATION_CONTEXT('2D SPACE',''
  ) );
#3485 = PCURVE('',#396,#3486);
#3486 = DEFINITIONAL_REPRESENTATION('',(#3487),#3491);
#3487 = LINE('',#3488,#3489);
#3488 = CARTESIAN_POINT('',(0.,0.25));
#3489 = VECTOR('',#3490,1.);
#3490 = DIRECTION('',(1.,0.));
#3491 = ( GEOMETRIC_REPRESENTATION_CONTEXT(2) 
PARAMETRIC_REPRESENTATION_CONTEXT() REPRESENTATION_CONTEXT('2D SPACE',''
  ) );
#3492 = ADVANCED_FACE('',(#3493),#396,.F.);
#3493 = FACE_BOUND('',#3494,.F.);
#3494 = EDGE_LOOP('',(#3495,#3496,#3519,#3540));
#3495 = ORIENTED_EDGE('',*,*,#380,.F.);
#3496 = ORIENTED_EDGE('',*,*,#3497,.T.);
#3497 = EDGE_CURVE('',#353,#3498,#3500,.T.);
#3498 = VERTEX_POINT('',#3499);
#3499 = CARTESIAN_POINT('',(-1.35,-0.125,0.2));
#3500 = SURFACE_CURVE('',#3501,(#3505,#3512),.PCURVE_S1.);
#3501 = LINE('',#3502,#3503);
#3502 = CARTESIAN_POINT('',(-1.75,-0.125,0.2));
#3503 = VECTOR('',#3504,1.);
#3504 = DIRECTION('',(1.,0.,-0.));
#3505 = PCURVE('',#396,#3506);
#3506 = DEFINITIONAL_REPRESENTATION('',(#3507),#3511);
#3507 = LINE('',#3508,#3509);
#3508 = CARTESIAN_POINT('',(0.,0.));
#3509 = VECTOR('',#3510,1.);
#3510 = DIRECTION('',(1.,0.));
#3511 = ( GEOMETRIC_REPRESENTATION_CONTEXT(2) 
PARAMETRIC_REPRESENTATION_CONTEXT() REPRESENTATION_CONTEXT('2D SPACE',''
  ) );
#3512 = PCURVE('',#368,#3513);
#3513 = DEFINITIONAL_REPRESENTATION('',(#3514),#3518);
#3514 = LINE('',#3515,#3516);
#3515 = CARTESIAN_POINT('',(0.2,0.));
#3516 = VECTOR('',#3517,1.);
#3517 = DIRECTION('',(0.,1.));
#3518 = ( GEOMETRIC_REPRESENTATION_CONTEXT(2) 
PARAMETRIC_REPRESENTATION_CONTEXT() REPRESENTATION_CONTEXT('2D SPACE',''
  ) );
#3519 = ORIENTED_EDGE('',*,*,#3520,.T.);
#3520 = EDGE_CURVE('',#3498,#3448,#3521,.T.);
#3521 = SURFACE_CURVE('',#3522,(#3526,#3533),.PCURVE_S1.);
#3522 = LINE('',#3523,#3524);
#3523 = CARTESIAN_POINT('',(-1.35,-0.125,0.2));
#3524 = VECTOR('',#3525,1.);
#3525 = DIRECTION('',(-0.,1.,0.));
#3526 = PCURVE('',#396,#3527);
#3527 = DEFINITIONAL_REPRESENTATION('',(#3528),#3532);
#3528 = LINE('',#3529,#3530);
#3529 = CARTESIAN_POINT('',(0.4,0.));
#3530 = VECTOR('',#3531,1.);
#3531 = DIRECTION('',(0.,1.));
#3532 = ( GEOMETRIC_REPRESENTATION_CONTEXT(2) 
PARAMETRIC_REPRESENTATION_CONTEXT() REPRESENTATION_CONTEXT('2D SPACE',''
  ) );
#3533 = PCURVE('',#2924,#3534);
#3534 = DEFINITIONAL_REPRESENTATION('',(#3535),#3539);
#3535 = LINE('',#3536,#3537);
#3536 = CARTESIAN_POINT('',(0.2,0.));
#3537 = VECTOR('',#3538,1.);
#3538 = DIRECTION('',(0.,-1.));
#3539 = ( GEOMETRIC_REPRESENTATION_CONTEXT(2) 
PARAMETRIC_REPRESENTATION_CONTEXT() REPRESENTATION_CONTEXT('2D SPACE',''
  ) );
#3540 = ORIENTED_EDGE('',*,*,#3472,.F.);
#3541 = ADVANCED_FACE('',(#3542),#368,.T.);
#3542 = FACE_BOUND('',#3543,.T.);
#3543 = EDGE_LOOP('',(#3544,#3565,#3566,#3567));
#3544 = ORIENTED_EDGE('',*,*,#3545,.F.);
#3545 = EDGE_CURVE('',#2910,#3498,#3546,.T.);
#3546 = SURFACE_CURVE('',#3547,(#3551,#3558),.PCURVE_S1.);
#3547 = LINE('',#3548,#3549);
#3548 = CARTESIAN_POINT('',(-1.35,-0.125,0.));
#3549 = VECTOR('',#3550,1.);
#3550 = DIRECTION('',(0.,0.,1.));
#3551 = PCURVE('',#368,#3552);
#3552 = DEFINITIONAL_REPRESENTATION('',(#3553),#3557);
#3553 = LINE('',#3554,#3555);
#3554 = CARTESIAN_POINT('',(0.,0.4));
#3555 = VECTOR('',#3556,1.);
#3556 = DIRECTION('',(1.,0.));
#3557 = ( GEOMETRIC_REPRESENTATION_CONTEXT(2) 
PARAMETRIC_REPRESENTATION_CONTEXT() REPRESENTATION_CONTEXT('2D SPACE',''
  ) );
#3558 = PCURVE('',#2924,#3559);
#3559 = DEFINITIONAL_REPRESENTATION('',(#3560),#3564);
#3560 = LINE('',#3561,#3562);
#3561 = CARTESIAN_POINT('',(0.,0.));
#3562 = VECTOR('',#3563,1.);
#3563 = DIRECTION('',(1.,0.));
#3564 = ( GEOMETRIC_REPRESENTATION_CONTEXT(2) 
PARAMETRIC_REPRESENTATION_CONTEXT() REPRESENTATION_CONTEXT('2D SPACE',''
  ) );
#3565 = ORIENTED_EDGE('',*,*,#2935,.T.);
#3566 = ORIENTED_EDGE('',*,*,#352,.T.);
#3567 = ORIENTED_EDGE('',*,*,#3497,.T.);
#3568 = ADVANCED_FACE('',(#3569),#317,.F.);
#3569 = FACE_BOUND('',#3570,.F.);
#3570 = EDGE_LOOP('',(#3571,#3594,#3595,#3596));
#3571 = ORIENTED_EDGE('',*,*,#3572,.F.);
#3572 = EDGE_CURVE('',#2956,#3573,#3575,.T.);
#3573 = VERTEX_POINT('',#3574);
#3574 = CARTESIAN_POINT('',(-1.35,-0.375,0.2));
#3575 = SURFACE_CURVE('',#3576,(#3580,#3587),.PCURVE_S1.);
#3576 = LINE('',#3577,#3578);
#3577 = CARTESIAN_POINT('',(-1.35,-0.375,0.));
#3578 = VECTOR('',#3579,1.);
#3579 = DIRECTION('',(0.,0.,1.));
#3580 = PCURVE('',#317,#3581);
#3581 = DEFINITIONAL_REPRESENTATION('',(#3582),#3586);
#3582 = LINE('',#3583,#3584);
#3583 = CARTESIAN_POINT('',(0.,0.4));
#3584 = VECTOR('',#3585,1.);
#3585 = DIRECTION('',(1.,0.));
#3586 = ( GEOMETRIC_REPRESENTATION_CONTEXT(2) 
PARAMETRIC_REPRESENTATION_CONTEXT() REPRESENTATION_CONTEXT('2D SPACE',''
  ) );
#3587 = PCURVE('',#2991,#3588);
#3588 = DEFINITIONAL_REPRESENTATION('',(#3589),#3593);
#3589 = LINE('',#3590,#3591);
#3590 = CARTESIAN_POINT('',(0.,-0.25));
#3591 = VECTOR('',#3592,1.);
#3592 = DIRECTION('',(1.,0.));
#3593 = ( GEOMETRIC_REPRESENTATION_CONTEXT(2) 
PARAMETRIC_REPRESENTATION_CONTEXT() REPRESENTATION_CONTEXT('2D SPACE',''
  ) );
#3594 = ORIENTED_EDGE('',*,*,#2955,.T.);
#3595 = ORIENTED_EDGE('',*,*,#301,.T.);
#3596 = ORIENTED_EDGE('',*,*,#3597,.T.);
#3597 = EDGE_CURVE('',#274,#3573,#3598,.T.);
#3598 = SURFACE_CURVE('',#3599,(#3603,#3610),.PCURVE_S1.);
#3599 = LINE('',#3600,#3601);
#3600 = CARTESIAN_POINT('',(-1.75,-0.375,0.2));
#3601 = VECTOR('',#3602,1.);
#3602 = DIRECTION('',(1.,0.,-0.));
#3603 = PCURVE('',#317,#3604);
#3604 = DEFINITIONAL_REPRESENTATION('',(#3605),#3609);
#3605 = LINE('',#3606,#3607);
#3606 = CARTESIAN_POINT('',(0.2,0.));
#3607 = VECTOR('',#3608,1.);
#3608 = DIRECTION('',(0.,1.));
#3609 = ( GEOMETRIC_REPRESENTATION_CONTEXT(2) 
PARAMETRIC_REPRESENTATION_CONTEXT() REPRESENTATION_CONTEXT('2D SPACE',''
  ) );
#3610 = PCURVE('',#289,#3611);
#3611 = DEFINITIONAL_REPRESENTATION('',(#3612),#3616);
#3612 = LINE('',#3613,#3614);
#3613 = CARTESIAN_POINT('',(0.,0.25));
#3614 = VECTOR('',#3615,1.);
#3615 = DIRECTION('',(1.,0.));
#3616 = ( GEOMETRIC_REPRESENTATION_CONTEXT(2) 
PARAMETRIC_REPRESENTATION_CONTEXT() REPRESENTATION_CONTEXT('2D SPACE',''
  ) );
#3617 = ADVANCED_FACE('',(#3618),#289,.F.);
#3618 = FACE_BOUND('',#3619,.F.);
#3619 = EDGE_LOOP('',(#3620,#3621,#3644,#3665));
#3620 = ORIENTED_EDGE('',*,*,#273,.F.);
#3621 = ORIENTED_EDGE('',*,*,#3622,.T.);
#3622 = EDGE_CURVE('',#246,#3623,#3625,.T.);
#3623 = VERTEX_POINT('',#3624);
#3624 = CARTESIAN_POINT('',(-1.35,-0.625,0.2));
#3625 = SURFACE_CURVE('',#3626,(#3630,#3637),.PCURVE_S1.);
#3626 = LINE('',#3627,#3628);
#3627 = CARTESIAN_POINT('',(-1.75,-0.625,0.2));
#3628 = VECTOR('',#3629,1.);
#3629 = DIRECTION('',(1.,0.,-0.));
#3630 = PCURVE('',#289,#3631);
#3631 = DEFINITIONAL_REPRESENTATION('',(#3632),#3636);
#3632 = LINE('',#3633,#3634);
#3633 = CARTESIAN_POINT('',(0.,0.));
#3634 = VECTOR('',#3635,1.);
#3635 = DIRECTION('',(1.,0.));
#3636 = ( GEOMETRIC_REPRESENTATION_CONTEXT(2) 
PARAMETRIC_REPRESENTATION_CONTEXT() REPRESENTATION_CONTEXT('2D SPACE',''
  ) );
#3637 = PCURVE('',#261,#3638);
#3638 = DEFINITIONAL_REPRESENTATION('',(#3639),#3643);
#3639 = LINE('',#3640,#3641);
#3640 = CARTESIAN_POINT('',(0.2,0.));
#3641 = VECTOR('',#3642,1.);
#3642 = DIRECTION('',(0.,1.));
#3643 = ( GEOMETRIC_REPRESENTATION_CONTEXT(2) 
PARAMETRIC_REPRESENTATION_CONTEXT() REPRESENTATION_CONTEXT('2D SPACE',''
  ) );
#3644 = ORIENTED_EDGE('',*,*,#3645,.T.);
#3645 = EDGE_CURVE('',#3623,#3573,#3646,.T.);
#3646 = SURFACE_CURVE('',#3647,(#3651,#3658),.PCURVE_S1.);
#3647 = LINE('',#3648,#3649);
#3648 = CARTESIAN_POINT('',(-1.35,-0.625,0.2));
#3649 = VECTOR('',#3650,1.);
#3650 = DIRECTION('',(-0.,1.,0.));
#3651 = PCURVE('',#289,#3652);
#3652 = DEFINITIONAL_REPRESENTATION('',(#3653),#3657);
#3653 = LINE('',#3654,#3655);
#3654 = CARTESIAN_POINT('',(0.4,0.));
#3655 = VECTOR('',#3656,1.);
#3656 = DIRECTION('',(0.,1.));
#3657 = ( GEOMETRIC_REPRESENTATION_CONTEXT(2) 
PARAMETRIC_REPRESENTATION_CONTEXT() REPRESENTATION_CONTEXT('2D SPACE',''
  ) );
#3658 = PCURVE('',#2991,#3659);
#3659 = DEFINITIONAL_REPRESENTATION('',(#3660),#3664);
#3660 = LINE('',#3661,#3662);
#3661 = CARTESIAN_POINT('',(0.2,0.));
#3662 = VECTOR('',#3663,1.);
#3663 = DIRECTION('',(0.,-1.));
#3664 = ( GEOMETRIC_REPRESENTATION_CONTEXT(2) 
PARAMETRIC_REPRESENTATION_CONTEXT() REPRESENTATION_CONTEXT('2D SPACE',''
  ) );
#3665 = ORIENTED_EDGE('',*,*,#3597,.F.);
#3666 = ADVANCED_FACE('',(#3667),#261,.T.);
#3667 = FACE_BOUND('',#3668,.T.);
#3668 = EDGE_LOOP('',(#3669,#3690,#3691,#3692));
#3669 = ORIENTED_EDGE('',*,*,#3670,.F.);
#3670 = EDGE_CURVE('',#2977,#3623,#3671,.T.);
#3671 = SURFACE_CURVE('',#3672,(#3676,#3683),.PCURVE_S1.);
#3672 = LINE('',#3673,#3674);
#3673 = CARTESIAN_POINT('',(-1.35,-0.625,0.));
#3674 = VECTOR('',#3675,1.);
#3675 = DIRECTION('',(0.,0.,1.));
#3676 = PCURVE('',#261,#3677);
#3677 = DEFINITIONAL_REPRESENTATION('',(#3678),#3682);
#3678 = LINE('',#3679,#3680);
#3679 = CARTESIAN_POINT('',(0.,0.4));
#3680 = VECTOR('',#3681,1.);
#3681 = DIRECTION('',(1.,0.));
#3682 = ( GEOMETRIC_REPRESENTATION_CONTEXT(2) 
PARAMETRIC_REPRESENTATION_CONTEXT() REPRESENTATION_CONTEXT('2D SPACE',''
  ) );
#3683 = PCURVE('',#2991,#3684);
#3684 = DEFINITIONAL_REPRESENTATION('',(#3685),#3689);
#3685 = LINE('',#3686,#3687);
#3686 = CARTESIAN_POINT('',(0.,0.));
#3687 = VECTOR('',#3688,1.);
#3688 = DIRECTION('',(1.,0.));
#3689 = ( GEOMETRIC_REPRESENTATION_CONTEXT(2) 
PARAMETRIC_REPRESENTATION_CONTEXT() REPRESENTATION_CONTEXT('2D SPACE',''
  ) );
#3690 = ORIENTED_EDGE('',*,*,#3002,.T.);
#3691 = ORIENTED_EDGE('',*,*,#245,.T.);
#3692 = ORIENTED_EDGE('',*,*,#3622,.T.);
#3693 = ADVANCED_FACE('',(#3694),#210,.F.);
#3694 = FACE_BOUND('',#3695,.F.);
#3695 = EDGE_LOOP('',(#3696,#3719,#3720,#3721));
#3696 = ORIENTED_EDGE('',*,*,#3697,.F.);
#3697 = EDGE_CURVE('',#3023,#3698,#3700,.T.);
#3698 = VERTEX_POINT('',#3699);
#3699 = CARTESIAN_POINT('',(-1.35,-0.875,0.2));
#3700 = SURFACE_CURVE('',#3701,(#3705,#3712),.PCURVE_S1.);
#3701 = LINE('',#3702,#3703);
#3702 = CARTESIAN_POINT('',(-1.35,-0.875,0.));
#3703 = VECTOR('',#3704,1.);
#3704 = DIRECTION('',(0.,0.,1.));
#3705 = PCURVE('',#210,#3706);
#3706 = DEFINITIONAL_REPRESENTATION('',(#3707),#3711);
#3707 = LINE('',#3708,#3709);
#3708 = CARTESIAN_POINT('',(0.,0.4));
#3709 = VECTOR('',#3710,1.);
#3710 = DIRECTION('',(1.,0.));
#3711 = ( GEOMETRIC_REPRESENTATION_CONTEXT(2) 
PARAMETRIC_REPRESENTATION_CONTEXT() REPRESENTATION_CONTEXT('2D SPACE',''
  ) );
#3712 = PCURVE('',#3058,#3713);
#3713 = DEFINITIONAL_REPRESENTATION('',(#3714),#3718);
#3714 = LINE('',#3715,#3716);
#3715 = CARTESIAN_POINT('',(0.,-0.25));
#3716 = VECTOR('',#3717,1.);
#3717 = DIRECTION('',(1.,0.));
#3718 = ( GEOMETRIC_REPRESENTATION_CONTEXT(2) 
PARAMETRIC_REPRESENTATION_CONTEXT() REPRESENTATION_CONTEXT('2D SPACE',''
  ) );
#3719 = ORIENTED_EDGE('',*,*,#3022,.T.);
#3720 = ORIENTED_EDGE('',*,*,#194,.T.);
#3721 = ORIENTED_EDGE('',*,*,#3722,.T.);
#3722 = EDGE_CURVE('',#167,#3698,#3723,.T.);
#3723 = SURFACE_CURVE('',#3724,(#3728,#3735),.PCURVE_S1.);
#3724 = LINE('',#3725,#3726);
#3725 = CARTESIAN_POINT('',(-1.75,-0.875,0.2));
#3726 = VECTOR('',#3727,1.);
#3727 = DIRECTION('',(1.,0.,-0.));
#3728 = PCURVE('',#210,#3729);
#3729 = DEFINITIONAL_REPRESENTATION('',(#3730),#3734);
#3730 = LINE('',#3731,#3732);
#3731 = CARTESIAN_POINT('',(0.2,0.));
#3732 = VECTOR('',#3733,1.);
#3733 = DIRECTION('',(0.,1.));
#3734 = ( GEOMETRIC_REPRESENTATION_CONTEXT(2) 
PARAMETRIC_REPRESENTATION_CONTEXT() REPRESENTATION_CONTEXT('2D SPACE',''
  ) );
#3735 = PCURVE('',#182,#3736);
#3736 = DEFINITIONAL_REPRESENTATION('',(#3737),#3741);
#3737 = LINE('',#3738,#3739);
#3738 = CARTESIAN_POINT('',(0.,0.25));
#3739 = VECTOR('',#3740,1.);
#3740 = DIRECTION('',(1.,0.));
#3741 = ( GEOMETRIC_REPRESENTATION_CONTEXT(2) 
PARAMETRIC_REPRESENTATION_CONTEXT() REPRESENTATION_CONTEXT('2D SPACE',''
  ) );
#3742 = ADVANCED_FACE('',(#3743),#182,.F.);
#3743 = FACE_BOUND('',#3744,.F.);
#3744 = EDGE_LOOP('',(#3745,#3746,#3769,#3790));
#3745 = ORIENTED_EDGE('',*,*,#166,.F.);
#3746 = ORIENTED_EDGE('',*,*,#3747,.T.);
#3747 = EDGE_CURVE('',#139,#3748,#3750,.T.);
#3748 = VERTEX_POINT('',#3749);
#3749 = CARTESIAN_POINT('',(-1.35,-1.125,0.2));
#3750 = SURFACE_CURVE('',#3751,(#3755,#3762),.PCURVE_S1.);
#3751 = LINE('',#3752,#3753);
#3752 = CARTESIAN_POINT('',(-1.75,-1.125,0.2));
#3753 = VECTOR('',#3754,1.);
#3754 = DIRECTION('',(1.,0.,-0.));
#3755 = PCURVE('',#182,#3756);
#3756 = DEFINITIONAL_REPRESENTATION('',(#3757),#3761);
#3757 = LINE('',#3758,#3759);
#3758 = CARTESIAN_POINT('',(0.,0.));
#3759 = VECTOR('',#3760,1.);
#3760 = DIRECTION('',(1.,0.));
#3761 = ( GEOMETRIC_REPRESENTATION_CONTEXT(2) 
PARAMETRIC_REPRESENTATION_CONTEXT() REPRESENTATION_CONTEXT('2D SPACE',''
  ) );
#3762 = PCURVE('',#154,#3763);
#3763 = DEFINITIONAL_REPRESENTATION('',(#3764),#3768);
#3764 = LINE('',#3765,#3766);
#3765 = CARTESIAN_POINT('',(0.2,0.));
#3766 = VECTOR('',#3767,1.);
#3767 = DIRECTION('',(0.,1.));
#3768 = ( GEOMETRIC_REPRESENTATION_CONTEXT(2) 
PARAMETRIC_REPRESENTATION_CONTEXT() REPRESENTATION_CONTEXT('2D SPACE',''
  ) );
#3769 = ORIENTED_EDGE('',*,*,#3770,.T.);
#3770 = EDGE_CURVE('',#3748,#3698,#3771,.T.);
#3771 = SURFACE_CURVE('',#3772,(#3776,#3783),.PCURVE_S1.);
#3772 = LINE('',#3773,#3774);
#3773 = CARTESIAN_POINT('',(-1.35,-1.125,0.2));
#3774 = VECTOR('',#3775,1.);
#3775 = DIRECTION('',(-0.,1.,0.));
#3776 = PCURVE('',#182,#3777);
#3777 = DEFINITIONAL_REPRESENTATION('',(#3778),#3782);
#3778 = LINE('',#3779,#3780);
#3779 = CARTESIAN_POINT('',(0.4,0.));
#3780 = VECTOR('',#3781,1.);
#3781 = DIRECTION('',(0.,1.));
#3782 = ( GEOMETRIC_REPRESENTATION_CONTEXT(2) 
PARAMETRIC_REPRESENTATION_CONTEXT() REPRESENTATION_CONTEXT('2D SPACE',''
  ) );
#3783 = PCURVE('',#3058,#3784);
#3784 = DEFINITIONAL_REPRESENTATION('',(#3785),#3789);
#3785 = LINE('',#3786,#3787);
#3786 = CARTESIAN_POINT('',(0.2,0.));
#3787 = VECTOR('',#3788,1.);
#3788 = DIRECTION('',(0.,-1.));
#3789 = ( GEOMETRIC_REPRESENTATION_CONTEXT(2) 
PARAMETRIC_REPRESENTATION_CONTEXT() REPRESENTATION_CONTEXT('2D SPACE',''
  ) );
#3790 = ORIENTED_EDGE('',*,*,#3722,.F.);
#3791 = ADVANCED_FACE('',(#3792),#154,.T.);
#3792 = FACE_BOUND('',#3793,.T.);
#3793 = EDGE_LOOP('',(#3794,#3815,#3816,#3817));
#3794 = ORIENTED_EDGE('',*,*,#3795,.F.);
#3795 = EDGE_CURVE('',#3044,#3748,#3796,.T.);
#3796 = SURFACE_CURVE('',#3797,(#3801,#3808),.PCURVE_S1.);
#3797 = LINE('',#3798,#3799);
#3798 = CARTESIAN_POINT('',(-1.35,-1.125,0.));
#3799 = VECTOR('',#3800,1.);
#3800 = DIRECTION('',(0.,0.,1.));
#3801 = PCURVE('',#154,#3802);
#3802 = DEFINITIONAL_REPRESENTATION('',(#3803),#3807);
#3803 = LINE('',#3804,#3805);
#3804 = CARTESIAN_POINT('',(0.,0.4));
#3805 = VECTOR('',#3806,1.);
#3806 = DIRECTION('',(1.,0.));
#3807 = ( GEOMETRIC_REPRESENTATION_CONTEXT(2) 
PARAMETRIC_REPRESENTATION_CONTEXT() REPRESENTATION_CONTEXT('2D SPACE',''
  ) );
#3808 = PCURVE('',#3058,#3809);
#3809 = DEFINITIONAL_REPRESENTATION('',(#3810),#3814);
#3810 = LINE('',#3811,#3812);
#3811 = CARTESIAN_POINT('',(0.,0.));
#3812 = VECTOR('',#3813,1.);
#3813 = DIRECTION('',(1.,0.));
#3814 = ( GEOMETRIC_REPRESENTATION_CONTEXT(2) 
PARAMETRIC_REPRESENTATION_CONTEXT() REPRESENTATION_CONTEXT('2D SPACE',''
  ) );
#3815 = ORIENTED_EDGE('',*,*,#3069,.T.);
#3816 = ORIENTED_EDGE('',*,*,#138,.T.);
#3817 = ORIENTED_EDGE('',*,*,#3747,.T.);
#3818 = ADVANCED_FACE('',(#3819),#98,.F.);
#3819 = FACE_BOUND('',#3820,.F.);
#3820 = EDGE_LOOP('',(#3821,#3822,#3823,#3824,#3845,#3846,#3869,#3897,
    #3918,#3919,#3942,#3970,#3991,#3992,#4015,#4043,#4064,#4065,#4088,
    #4116,#4137,#4138,#4161,#4189));
#3821 = ORIENTED_EDGE('',*,*,#1363,.F.);
#3822 = ORIENTED_EDGE('',*,*,#82,.T.);
#3823 = ORIENTED_EDGE('',*,*,#703,.T.);
#3824 = ORIENTED_EDGE('',*,*,#3825,.F.);
#3825 = EDGE_CURVE('',#1869,#704,#3826,.T.);
#3826 = SURFACE_CURVE('',#3827,(#3831,#3838),.PCURVE_S1.);
#3827 = LINE('',#3828,#3829);
#3828 = CARTESIAN_POINT('',(1.75,-1.75,2.E-02));
#3829 = VECTOR('',#3830,1.);
#3830 = DIRECTION('',(0.,0.,1.));
#3831 = PCURVE('',#98,#3832);
#3832 = DEFINITIONAL_REPRESENTATION('',(#3833),#3837);
#3833 = LINE('',#3834,#3835);
#3834 = CARTESIAN_POINT('',(0.,3.5));
#3835 = VECTOR('',#3836,1.);
#3836 = DIRECTION('',(1.,0.));
#3837 = ( GEOMETRIC_REPRESENTATION_CONTEXT(2) 
PARAMETRIC_REPRESENTATION_CONTEXT() REPRESENTATION_CONTEXT('2D SPACE',''
  ) );
#3838 = PCURVE('',#742,#3839);
#3839 = DEFINITIONAL_REPRESENTATION('',(#3840),#3844);
#3840 = LINE('',#3841,#3842);
#3841 = CARTESIAN_POINT('',(0.,0.));
#3842 = VECTOR('',#3843,1.);
#3843 = DIRECTION('',(1.,0.));
#3844 = ( GEOMETRIC_REPRESENTATION_CONTEXT(2) 
PARAMETRIC_REPRESENTATION_CONTEXT() REPRESENTATION_CONTEXT('2D SPACE',''
  ) );
#3845 = ORIENTED_EDGE('',*,*,#1868,.F.);
#3846 = ORIENTED_EDGE('',*,*,#3847,.T.);
#3847 = EDGE_CURVE('',#1843,#3848,#3850,.T.);
#3848 = VERTEX_POINT('',#3849);
#3849 = CARTESIAN_POINT('',(1.125,-1.75,0.2));
#3850 = SURFACE_CURVE('',#3851,(#3855,#3862),.PCURVE_S1.);
#3851 = LINE('',#3852,#3853);
#3852 = CARTESIAN_POINT('',(1.125,-1.75,0.));
#3853 = VECTOR('',#3854,1.);
#3854 = DIRECTION('',(0.,0.,1.));
#3855 = PCURVE('',#98,#3856);
#3856 = DEFINITIONAL_REPRESENTATION('',(#3857),#3861);
#3857 = LINE('',#3858,#3859);
#3858 = CARTESIAN_POINT('',(-2.E-02,2.875));
#3859 = VECTOR('',#3860,1.);
#3860 = DIRECTION('',(1.,0.));
#3861 = ( GEOMETRIC_REPRESENTATION_CONTEXT(2) 
PARAMETRIC_REPRESENTATION_CONTEXT() REPRESENTATION_CONTEXT('2D SPACE',''
  ) );
#3862 = PCURVE('',#1857,#3863);
#3863 = DEFINITIONAL_REPRESENTATION('',(#3864),#3868);
#3864 = LINE('',#3865,#3866);
#3865 = CARTESIAN_POINT('',(0.,0.));
#3866 = VECTOR('',#3867,1.);
#3867 = DIRECTION('',(1.,0.));
#3868 = ( GEOMETRIC_REPRESENTATION_CONTEXT(2) 
PARAMETRIC_REPRESENTATION_CONTEXT() REPRESENTATION_CONTEXT('2D SPACE',''
  ) );
#3869 = ORIENTED_EDGE('',*,*,#3870,.F.);
#3870 = EDGE_CURVE('',#3871,#3848,#3873,.T.);
#3871 = VERTEX_POINT('',#3872);
#3872 = CARTESIAN_POINT('',(0.875,-1.75,0.2));
#3873 = SURFACE_CURVE('',#3874,(#3878,#3885),.PCURVE_S1.);
#3874 = LINE('',#3875,#3876);
#3875 = CARTESIAN_POINT('',(0.875,-1.75,0.2));
#3876 = VECTOR('',#3877,1.);
#3877 = DIRECTION('',(1.,0.,-0.));
#3878 = PCURVE('',#98,#3879);
#3879 = DEFINITIONAL_REPRESENTATION('',(#3880),#3884);
#3880 = LINE('',#3881,#3882);
#3881 = CARTESIAN_POINT('',(0.18,2.625));
#3882 = VECTOR('',#3883,1.);
#3883 = DIRECTION('',(0.,1.));
#3884 = ( GEOMETRIC_REPRESENTATION_CONTEXT(2) 
PARAMETRIC_REPRESENTATION_CONTEXT() REPRESENTATION_CONTEXT('2D SPACE',''
  ) );
#3885 = PCURVE('',#3886,#3891);
#3886 = PLANE('',#3887);
#3887 = AXIS2_PLACEMENT_3D('',#3888,#3889,#3890);
#3888 = CARTESIAN_POINT('',(0.875,-1.75,0.2));
#3889 = DIRECTION('',(0.,0.,1.));
#3890 = DIRECTION('',(1.,0.,-0.));
#3891 = DEFINITIONAL_REPRESENTATION('',(#3892),#3896);
#3892 = LINE('',#3893,#3894);
#3893 = CARTESIAN_POINT('',(0.,0.));
#3894 = VECTOR('',#3895,1.);
#3895 = DIRECTION('',(1.,0.));
#3896 = ( GEOMETRIC_REPRESENTATION_CONTEXT(2) 
PARAMETRIC_REPRESENTATION_CONTEXT() REPRESENTATION_CONTEXT('2D SPACE',''
  ) );
#3897 = ORIENTED_EDGE('',*,*,#3898,.F.);
#3898 = EDGE_CURVE('',#1768,#3871,#3899,.T.);
#3899 = SURFACE_CURVE('',#3900,(#3904,#3911),.PCURVE_S1.);
#3900 = LINE('',#3901,#3902);
#3901 = CARTESIAN_POINT('',(0.875,-1.75,0.));
#3902 = VECTOR('',#3903,1.);
#3903 = DIRECTION('',(0.,0.,1.));
#3904 = PCURVE('',#98,#3905);
#3905 = DEFINITIONAL_REPRESENTATION('',(#3906),#3910);
#3906 = LINE('',#3907,#3908);
#3907 = CARTESIAN_POINT('',(-2.E-02,2.625));
#3908 = VECTOR('',#3909,1.);
#3909 = DIRECTION('',(1.,0.));
#3910 = ( GEOMETRIC_REPRESENTATION_CONTEXT(2) 
PARAMETRIC_REPRESENTATION_CONTEXT() REPRESENTATION_CONTEXT('2D SPACE',''
  ) );
#3911 = PCURVE('',#1805,#3912);
#3912 = DEFINITIONAL_REPRESENTATION('',(#3913),#3917);
#3913 = LINE('',#3914,#3915);
#3914 = CARTESIAN_POINT('',(0.,0.));
#3915 = VECTOR('',#3916,1.);
#3916 = DIRECTION('',(1.,0.));
#3917 = ( GEOMETRIC_REPRESENTATION_CONTEXT(2) 
PARAMETRIC_REPRESENTATION_CONTEXT() REPRESENTATION_CONTEXT('2D SPACE',''
  ) );
#3918 = ORIENTED_EDGE('',*,*,#1767,.F.);
#3919 = ORIENTED_EDGE('',*,*,#3920,.T.);
#3920 = EDGE_CURVE('',#1742,#3921,#3923,.T.);
#3921 = VERTEX_POINT('',#3922);
#3922 = CARTESIAN_POINT('',(0.625,-1.75,0.2));
#3923 = SURFACE_CURVE('',#3924,(#3928,#3935),.PCURVE_S1.);
#3924 = LINE('',#3925,#3926);
#3925 = CARTESIAN_POINT('',(0.625,-1.75,0.));
#3926 = VECTOR('',#3927,1.);
#3927 = DIRECTION('',(0.,0.,1.));
#3928 = PCURVE('',#98,#3929);
#3929 = DEFINITIONAL_REPRESENTATION('',(#3930),#3934);
#3930 = LINE('',#3931,#3932);
#3931 = CARTESIAN_POINT('',(-2.E-02,2.375));
#3932 = VECTOR('',#3933,1.);
#3933 = DIRECTION('',(1.,0.));
#3934 = ( GEOMETRIC_REPRESENTATION_CONTEXT(2) 
PARAMETRIC_REPRESENTATION_CONTEXT() REPRESENTATION_CONTEXT('2D SPACE',''
  ) );
#3935 = PCURVE('',#1756,#3936);
#3936 = DEFINITIONAL_REPRESENTATION('',(#3937),#3941);
#3937 = LINE('',#3938,#3939);
#3938 = CARTESIAN_POINT('',(0.,0.));
#3939 = VECTOR('',#3940,1.);
#3940 = DIRECTION('',(1.,0.));
#3941 = ( GEOMETRIC_REPRESENTATION_CONTEXT(2) 
PARAMETRIC_REPRESENTATION_CONTEXT() REPRESENTATION_CONTEXT('2D SPACE',''
  ) );
#3942 = ORIENTED_EDGE('',*,*,#3943,.F.);
#3943 = EDGE_CURVE('',#3944,#3921,#3946,.T.);
#3944 = VERTEX_POINT('',#3945);
#3945 = CARTESIAN_POINT('',(0.375,-1.75,0.2));
#3946 = SURFACE_CURVE('',#3947,(#3951,#3958),.PCURVE_S1.);
#3947 = LINE('',#3948,#3949);
#3948 = CARTESIAN_POINT('',(0.375,-1.75,0.2));
#3949 = VECTOR('',#3950,1.);
#3950 = DIRECTION('',(1.,0.,-0.));
#3951 = PCURVE('',#98,#3952);
#3952 = DEFINITIONAL_REPRESENTATION('',(#3953),#3957);
#3953 = LINE('',#3954,#3955);
#3954 = CARTESIAN_POINT('',(0.18,2.125));
#3955 = VECTOR('',#3956,1.);
#3956 = DIRECTION('',(0.,1.));
#3957 = ( GEOMETRIC_REPRESENTATION_CONTEXT(2) 
PARAMETRIC_REPRESENTATION_CONTEXT() REPRESENTATION_CONTEXT('2D SPACE',''
  ) );
#3958 = PCURVE('',#3959,#3964);
#3959 = PLANE('',#3960);
#3960 = AXIS2_PLACEMENT_3D('',#3961,#3962,#3963);
#3961 = CARTESIAN_POINT('',(0.375,-1.75,0.2));
#3962 = DIRECTION('',(0.,0.,1.));
#3963 = DIRECTION('',(1.,0.,-0.));
#3964 = DEFINITIONAL_REPRESENTATION('',(#3965),#3969);
#3965 = LINE('',#3966,#3967);
#3966 = CARTESIAN_POINT('',(0.,0.));
#3967 = VECTOR('',#3968,1.);
#3968 = DIRECTION('',(1.,0.));
#3969 = ( GEOMETRIC_REPRESENTATION_CONTEXT(2) 
PARAMETRIC_REPRESENTATION_CONTEXT() REPRESENTATION_CONTEXT('2D SPACE',''
  ) );
#3970 = ORIENTED_EDGE('',*,*,#3971,.F.);
#3971 = EDGE_CURVE('',#1667,#3944,#3972,.T.);
#3972 = SURFACE_CURVE('',#3973,(#3977,#3984),.PCURVE_S1.);
#3973 = LINE('',#3974,#3975);
#3974 = CARTESIAN_POINT('',(0.375,-1.75,0.));
#3975 = VECTOR('',#3976,1.);
#3976 = DIRECTION('',(0.,0.,1.));
#3977 = PCURVE('',#98,#3978);
#3978 = DEFINITIONAL_REPRESENTATION('',(#3979),#3983);
#3979 = LINE('',#3980,#3981);
#3980 = CARTESIAN_POINT('',(-2.E-02,2.125));
#3981 = VECTOR('',#3982,1.);
#3982 = DIRECTION('',(1.,0.));
#3983 = ( GEOMETRIC_REPRESENTATION_CONTEXT(2) 
PARAMETRIC_REPRESENTATION_CONTEXT() REPRESENTATION_CONTEXT('2D SPACE',''
  ) );
#3984 = PCURVE('',#1704,#3985);
#3985 = DEFINITIONAL_REPRESENTATION('',(#3986),#3990);
#3986 = LINE('',#3987,#3988);
#3987 = CARTESIAN_POINT('',(0.,0.));
#3988 = VECTOR('',#3989,1.);
#3989 = DIRECTION('',(1.,0.));
#3990 = ( GEOMETRIC_REPRESENTATION_CONTEXT(2) 
PARAMETRIC_REPRESENTATION_CONTEXT() REPRESENTATION_CONTEXT('2D SPACE',''
  ) );
#3991 = ORIENTED_EDGE('',*,*,#1666,.F.);
#3992 = ORIENTED_EDGE('',*,*,#3993,.T.);
#3993 = EDGE_CURVE('',#1641,#3994,#3996,.T.);
#3994 = VERTEX_POINT('',#3995);
#3995 = CARTESIAN_POINT('',(0.125,-1.75,0.2));
#3996 = SURFACE_CURVE('',#3997,(#4001,#4008),.PCURVE_S1.);
#3997 = LINE('',#3998,#3999);
#3998 = CARTESIAN_POINT('',(0.125,-1.75,0.));
#3999 = VECTOR('',#4000,1.);
#4000 = DIRECTION('',(0.,0.,1.));
#4001 = PCURVE('',#98,#4002);
#4002 = DEFINITIONAL_REPRESENTATION('',(#4003),#4007);
#4003 = LINE('',#4004,#4005);
#4004 = CARTESIAN_POINT('',(-2.E-02,1.875));
#4005 = VECTOR('',#4006,1.);
#4006 = DIRECTION('',(1.,0.));
#4007 = ( GEOMETRIC_REPRESENTATION_CONTEXT(2) 
PARAMETRIC_REPRESENTATION_CONTEXT() REPRESENTATION_CONTEXT('2D SPACE',''
  ) );
#4008 = PCURVE('',#1655,#4009);
#4009 = DEFINITIONAL_REPRESENTATION('',(#4010),#4014);
#4010 = LINE('',#4011,#4012);
#4011 = CARTESIAN_POINT('',(0.,0.));
#4012 = VECTOR('',#4013,1.);
#4013 = DIRECTION('',(1.,0.));
#4014 = ( GEOMETRIC_REPRESENTATION_CONTEXT(2) 
PARAMETRIC_REPRESENTATION_CONTEXT() REPRESENTATION_CONTEXT('2D SPACE',''
  ) );
#4015 = ORIENTED_EDGE('',*,*,#4016,.F.);
#4016 = EDGE_CURVE('',#4017,#3994,#4019,.T.);
#4017 = VERTEX_POINT('',#4018);
#4018 = CARTESIAN_POINT('',(-0.125,-1.75,0.2));
#4019 = SURFACE_CURVE('',#4020,(#4024,#4031),.PCURVE_S1.);
#4020 = LINE('',#4021,#4022);
#4021 = CARTESIAN_POINT('',(-0.125,-1.75,0.2));
#4022 = VECTOR('',#4023,1.);
#4023 = DIRECTION('',(1.,0.,-0.));
#4024 = PCURVE('',#98,#4025);
#4025 = DEFINITIONAL_REPRESENTATION('',(#4026),#4030);
#4026 = LINE('',#4027,#4028);
#4027 = CARTESIAN_POINT('',(0.18,1.625));
#4028 = VECTOR('',#4029,1.);
#4029 = DIRECTION('',(0.,1.));
#4030 = ( GEOMETRIC_REPRESENTATION_CONTEXT(2) 
PARAMETRIC_REPRESENTATION_CONTEXT() REPRESENTATION_CONTEXT('2D SPACE',''
  ) );
#4031 = PCURVE('',#4032,#4037);
#4032 = PLANE('',#4033);
#4033 = AXIS2_PLACEMENT_3D('',#4034,#4035,#4036);
#4034 = CARTESIAN_POINT('',(-0.125,-1.75,0.2));
#4035 = DIRECTION('',(0.,0.,1.));
#4036 = DIRECTION('',(1.,0.,-0.));
#4037 = DEFINITIONAL_REPRESENTATION('',(#4038),#4042);
#4038 = LINE('',#4039,#4040);
#4039 = CARTESIAN_POINT('',(0.,0.));
#4040 = VECTOR('',#4041,1.);
#4041 = DIRECTION('',(1.,0.));
#4042 = ( GEOMETRIC_REPRESENTATION_CONTEXT(2) 
PARAMETRIC_REPRESENTATION_CONTEXT() REPRESENTATION_CONTEXT('2D SPACE',''
  ) );
#4043 = ORIENTED_EDGE('',*,*,#4044,.F.);
#4044 = EDGE_CURVE('',#1566,#4017,#4045,.T.);
#4045 = SURFACE_CURVE('',#4046,(#4050,#4057),.PCURVE_S1.);
#4046 = LINE('',#4047,#4048);
#4047 = CARTESIAN_POINT('',(-0.125,-1.75,0.));
#4048 = VECTOR('',#4049,1.);
#4049 = DIRECTION('',(0.,0.,1.));
#4050 = PCURVE('',#98,#4051);
#4051 = DEFINITIONAL_REPRESENTATION('',(#4052),#4056);
#4052 = LINE('',#4053,#4054);
#4053 = CARTESIAN_POINT('',(-2.E-02,1.625));
#4054 = VECTOR('',#4055,1.);
#4055 = DIRECTION('',(1.,0.));
#4056 = ( GEOMETRIC_REPRESENTATION_CONTEXT(2) 
PARAMETRIC_REPRESENTATION_CONTEXT() REPRESENTATION_CONTEXT('2D SPACE',''
  ) );
#4057 = PCURVE('',#1603,#4058);
#4058 = DEFINITIONAL_REPRESENTATION('',(#4059),#4063);
#4059 = LINE('',#4060,#4061);
#4060 = CARTESIAN_POINT('',(0.,0.));
#4061 = VECTOR('',#4062,1.);
#4062 = DIRECTION('',(1.,0.));
#4063 = ( GEOMETRIC_REPRESENTATION_CONTEXT(2) 
PARAMETRIC_REPRESENTATION_CONTEXT() REPRESENTATION_CONTEXT('2D SPACE',''
  ) );
#4064 = ORIENTED_EDGE('',*,*,#1565,.F.);
#4065 = ORIENTED_EDGE('',*,*,#4066,.T.);
#4066 = EDGE_CURVE('',#1540,#4067,#4069,.T.);
#4067 = VERTEX_POINT('',#4068);
#4068 = CARTESIAN_POINT('',(-0.375,-1.75,0.2));
#4069 = SURFACE_CURVE('',#4070,(#4074,#4081),.PCURVE_S1.);
#4070 = LINE('',#4071,#4072);
#4071 = CARTESIAN_POINT('',(-0.375,-1.75,0.));
#4072 = VECTOR('',#4073,1.);
#4073 = DIRECTION('',(0.,0.,1.));
#4074 = PCURVE('',#98,#4075);
#4075 = DEFINITIONAL_REPRESENTATION('',(#4076),#4080);
#4076 = LINE('',#4077,#4078);
#4077 = CARTESIAN_POINT('',(-2.E-02,1.375));
#4078 = VECTOR('',#4079,1.);
#4079 = DIRECTION('',(1.,0.));
#4080 = ( GEOMETRIC_REPRESENTATION_CONTEXT(2) 
PARAMETRIC_REPRESENTATION_CONTEXT() REPRESENTATION_CONTEXT('2D SPACE',''
  ) );
#4081 = PCURVE('',#1554,#4082);
#4082 = DEFINITIONAL_REPRESENTATION('',(#4083),#4087);
#4083 = LINE('',#4084,#4085);
#4084 = CARTESIAN_POINT('',(0.,0.));
#4085 = VECTOR('',#4086,1.);
#4086 = DIRECTION('',(1.,0.));
#4087 = ( GEOMETRIC_REPRESENTATION_CONTEXT(2) 
PARAMETRIC_REPRESENTATION_CONTEXT() REPRESENTATION_CONTEXT('2D SPACE',''
  ) );
#4088 = ORIENTED_EDGE('',*,*,#4089,.F.);
#4089 = EDGE_CURVE('',#4090,#4067,#4092,.T.);
#4090 = VERTEX_POINT('',#4091);
#4091 = CARTESIAN_POINT('',(-0.625,-1.75,0.2));
#4092 = SURFACE_CURVE('',#4093,(#4097,#4104),.PCURVE_S1.);
#4093 = LINE('',#4094,#4095);
#4094 = CARTESIAN_POINT('',(-0.625,-1.75,0.2));
#4095 = VECTOR('',#4096,1.);
#4096 = DIRECTION('',(1.,0.,-0.));
#4097 = PCURVE('',#98,#4098);
#4098 = DEFINITIONAL_REPRESENTATION('',(#4099),#4103);
#4099 = LINE('',#4100,#4101);
#4100 = CARTESIAN_POINT('',(0.18,1.125));
#4101 = VECTOR('',#4102,1.);
#4102 = DIRECTION('',(0.,1.));
#4103 = ( GEOMETRIC_REPRESENTATION_CONTEXT(2) 
PARAMETRIC_REPRESENTATION_CONTEXT() REPRESENTATION_CONTEXT('2D SPACE',''
  ) );
#4104 = PCURVE('',#4105,#4110);
#4105 = PLANE('',#4106);
#4106 = AXIS2_PLACEMENT_3D('',#4107,#4108,#4109);
#4107 = CARTESIAN_POINT('',(-0.625,-1.75,0.2));
#4108 = DIRECTION('',(0.,0.,1.));
#4109 = DIRECTION('',(1.,0.,-0.));
#4110 = DEFINITIONAL_REPRESENTATION('',(#4111),#4115);
#4111 = LINE('',#4112,#4113);
#4112 = CARTESIAN_POINT('',(0.,0.));
#4113 = VECTOR('',#4114,1.);
#4114 = DIRECTION('',(1.,0.));
#4115 = ( GEOMETRIC_REPRESENTATION_CONTEXT(2) 
PARAMETRIC_REPRESENTATION_CONTEXT() REPRESENTATION_CONTEXT('2D SPACE',''
  ) );
#4116 = ORIENTED_EDGE('',*,*,#4117,.F.);
#4117 = EDGE_CURVE('',#1465,#4090,#4118,.T.);
#4118 = SURFACE_CURVE('',#4119,(#4123,#4130),.PCURVE_S1.);
#4119 = LINE('',#4120,#4121);
#4120 = CARTESIAN_POINT('',(-0.625,-1.75,0.));
#4121 = VECTOR('',#4122,1.);
#4122 = DIRECTION('',(0.,0.,1.));
#4123 = PCURVE('',#98,#4124);
#4124 = DEFINITIONAL_REPRESENTATION('',(#4125),#4129);
#4125 = LINE('',#4126,#4127);
#4126 = CARTESIAN_POINT('',(-2.E-02,1.125));
#4127 = VECTOR('',#4128,1.);
#4128 = DIRECTION('',(1.,0.));
#4129 = ( GEOMETRIC_REPRESENTATION_CONTEXT(2) 
PARAMETRIC_REPRESENTATION_CONTEXT() REPRESENTATION_CONTEXT('2D SPACE',''
  ) );
#4130 = PCURVE('',#1502,#4131);
#4131 = DEFINITIONAL_REPRESENTATION('',(#4132),#4136);
#4132 = LINE('',#4133,#4134);
#4133 = CARTESIAN_POINT('',(0.,0.));
#4134 = VECTOR('',#4135,1.);
#4135 = DIRECTION('',(1.,0.));
#4136 = ( GEOMETRIC_REPRESENTATION_CONTEXT(2) 
PARAMETRIC_REPRESENTATION_CONTEXT() REPRESENTATION_CONTEXT('2D SPACE',''
  ) );
#4137 = ORIENTED_EDGE('',*,*,#1464,.F.);
#4138 = ORIENTED_EDGE('',*,*,#4139,.T.);
#4139 = EDGE_CURVE('',#1439,#4140,#4142,.T.);
#4140 = VERTEX_POINT('',#4141);
#4141 = CARTESIAN_POINT('',(-0.875,-1.75,0.2));
#4142 = SURFACE_CURVE('',#4143,(#4147,#4154),.PCURVE_S1.);
#4143 = LINE('',#4144,#4145);
#4144 = CARTESIAN_POINT('',(-0.875,-1.75,0.));
#4145 = VECTOR('',#4146,1.);
#4146 = DIRECTION('',(0.,0.,1.));
#4147 = PCURVE('',#98,#4148);
#4148 = DEFINITIONAL_REPRESENTATION('',(#4149),#4153);
#4149 = LINE('',#4150,#4151);
#4150 = CARTESIAN_POINT('',(-2.E-02,0.875));
#4151 = VECTOR('',#4152,1.);
#4152 = DIRECTION('',(1.,0.));
#4153 = ( GEOMETRIC_REPRESENTATION_CONTEXT(2) 
PARAMETRIC_REPRESENTATION_CONTEXT() REPRESENTATION_CONTEXT('2D SPACE',''
  ) );
#4154 = PCURVE('',#1453,#4155);
#4155 = DEFINITIONAL_REPRESENTATION('',(#4156),#4160);
#4156 = LINE('',#4157,#4158);
#4157 = CARTESIAN_POINT('',(0.,0.));
#4158 = VECTOR('',#4159,1.);
#4159 = DIRECTION('',(1.,0.));
#4160 = ( GEOMETRIC_REPRESENTATION_CONTEXT(2) 
PARAMETRIC_REPRESENTATION_CONTEXT() REPRESENTATION_CONTEXT('2D SPACE',''
  ) );
#4161 = ORIENTED_EDGE('',*,*,#4162,.F.);
#4162 = EDGE_CURVE('',#4163,#4140,#4165,.T.);
#4163 = VERTEX_POINT('',#4164);
#4164 = CARTESIAN_POINT('',(-1.125,-1.75,0.2));
#4165 = SURFACE_CURVE('',#4166,(#4170,#4177),.PCURVE_S1.);
#4166 = LINE('',#4167,#4168);
#4167 = CARTESIAN_POINT('',(-1.125,-1.75,0.2));
#4168 = VECTOR('',#4169,1.);
#4169 = DIRECTION('',(1.,0.,-0.));
#4170 = PCURVE('',#98,#4171);
#4171 = DEFINITIONAL_REPRESENTATION('',(#4172),#4176);
#4172 = LINE('',#4173,#4174);
#4173 = CARTESIAN_POINT('',(0.18,0.625));
#4174 = VECTOR('',#4175,1.);
#4175 = DIRECTION('',(0.,1.));
#4176 = ( GEOMETRIC_REPRESENTATION_CONTEXT(2) 
PARAMETRIC_REPRESENTATION_CONTEXT() REPRESENTATION_CONTEXT('2D SPACE',''
  ) );
#4177 = PCURVE('',#4178,#4183);
#4178 = PLANE('',#4179);
#4179 = AXIS2_PLACEMENT_3D('',#4180,#4181,#4182);
#4180 = CARTESIAN_POINT('',(-1.125,-1.75,0.2));
#4181 = DIRECTION('',(0.,0.,1.));
#4182 = DIRECTION('',(1.,0.,-0.));
#4183 = DEFINITIONAL_REPRESENTATION('',(#4184),#4188);
#4184 = LINE('',#4185,#4186);
#4185 = CARTESIAN_POINT('',(0.,0.));
#4186 = VECTOR('',#4187,1.);
#4187 = DIRECTION('',(1.,0.));
#4188 = ( GEOMETRIC_REPRESENTATION_CONTEXT(2) 
PARAMETRIC_REPRESENTATION_CONTEXT() REPRESENTATION_CONTEXT('2D SPACE',''
  ) );
#4189 = ORIENTED_EDGE('',*,*,#4190,.F.);
#4190 = EDGE_CURVE('',#1364,#4163,#4191,.T.);
#4191 = SURFACE_CURVE('',#4192,(#4196,#4203),.PCURVE_S1.);
#4192 = LINE('',#4193,#4194);
#4193 = CARTESIAN_POINT('',(-1.125,-1.75,0.));
#4194 = VECTOR('',#4195,1.);
#4195 = DIRECTION('',(0.,0.,1.));
#4196 = PCURVE('',#98,#4197);
#4197 = DEFINITIONAL_REPRESENTATION('',(#4198),#4202);
#4198 = LINE('',#4199,#4200);
#4199 = CARTESIAN_POINT('',(-2.E-02,0.625));
#4200 = VECTOR('',#4201,1.);
#4201 = DIRECTION('',(1.,0.));
#4202 = ( GEOMETRIC_REPRESENTATION_CONTEXT(2) 
PARAMETRIC_REPRESENTATION_CONTEXT() REPRESENTATION_CONTEXT('2D SPACE',''
  ) );
#4203 = PCURVE('',#1401,#4204);
#4204 = DEFINITIONAL_REPRESENTATION('',(#4205),#4209);
#4205 = LINE('',#4206,#4207);
#4206 = CARTESIAN_POINT('',(0.,0.));
#4207 = VECTOR('',#4208,1.);
#4208 = DIRECTION('',(1.,0.));
#4209 = ( GEOMETRIC_REPRESENTATION_CONTEXT(2) 
PARAMETRIC_REPRESENTATION_CONTEXT() REPRESENTATION_CONTEXT('2D SPACE',''
  ) );
#4210 = ADVANCED_FACE('',(#4211),#742,.T.);
#4211 = FACE_BOUND('',#4212,.T.);
#4212 = EDGE_LOOP('',(#4213,#4214,#4215,#4216,#4239,#4267,#4288,#4289,
    #4312,#4340,#4361,#4362,#4385,#4413,#4434,#4435,#4458,#4486,#4507,
    #4508,#4531,#4559,#4580,#4581));
#4213 = ORIENTED_EDGE('',*,*,#726,.F.);
#4214 = ORIENTED_EDGE('',*,*,#3825,.F.);
#4215 = ORIENTED_EDGE('',*,*,#1891,.T.);
#4216 = ORIENTED_EDGE('',*,*,#4217,.T.);
#4217 = EDGE_CURVE('',#1892,#4218,#4220,.T.);
#4218 = VERTEX_POINT('',#4219);
#4219 = CARTESIAN_POINT('',(1.75,-1.125,0.2));
#4220 = SURFACE_CURVE('',#4221,(#4225,#4232),.PCURVE_S1.);
#4221 = LINE('',#4222,#4223);
#4222 = CARTESIAN_POINT('',(1.75,-1.125,0.));
#4223 = VECTOR('',#4224,1.);
#4224 = DIRECTION('',(0.,0.,1.));
#4225 = PCURVE('',#742,#4226);
#4226 = DEFINITIONAL_REPRESENTATION('',(#4227),#4231);
#4227 = LINE('',#4228,#4229);
#4228 = CARTESIAN_POINT('',(-2.E-02,-0.625));
#4229 = VECTOR('',#4230,1.);
#4230 = DIRECTION('',(1.,0.));
#4231 = ( GEOMETRIC_REPRESENTATION_CONTEXT(2) 
PARAMETRIC_REPRESENTATION_CONTEXT() REPRESENTATION_CONTEXT('2D SPACE',''
  ) );
#4232 = PCURVE('',#1929,#4233);
#4233 = DEFINITIONAL_REPRESENTATION('',(#4234),#4238);
#4234 = LINE('',#4235,#4236);
#4235 = CARTESIAN_POINT('',(0.,0.4));
#4236 = VECTOR('',#4237,1.);
#4237 = DIRECTION('',(1.,0.));
#4238 = ( GEOMETRIC_REPRESENTATION_CONTEXT(2) 
PARAMETRIC_REPRESENTATION_CONTEXT() REPRESENTATION_CONTEXT('2D SPACE',''
  ) );
#4239 = ORIENTED_EDGE('',*,*,#4240,.T.);
#4240 = EDGE_CURVE('',#4218,#4241,#4243,.T.);
#4241 = VERTEX_POINT('',#4242);
#4242 = CARTESIAN_POINT('',(1.75,-0.875,0.2));
#4243 = SURFACE_CURVE('',#4244,(#4248,#4255),.PCURVE_S1.);
#4244 = LINE('',#4245,#4246);
#4245 = CARTESIAN_POINT('',(1.75,-1.125,0.2));
#4246 = VECTOR('',#4247,1.);
#4247 = DIRECTION('',(-0.,1.,0.));
#4248 = PCURVE('',#742,#4249);
#4249 = DEFINITIONAL_REPRESENTATION('',(#4250),#4254);
#4250 = LINE('',#4251,#4252);
#4251 = CARTESIAN_POINT('',(0.18,-0.625));
#4252 = VECTOR('',#4253,1.);
#4253 = DIRECTION('',(0.,-1.));
#4254 = ( GEOMETRIC_REPRESENTATION_CONTEXT(2) 
PARAMETRIC_REPRESENTATION_CONTEXT() REPRESENTATION_CONTEXT('2D SPACE',''
  ) );
#4255 = PCURVE('',#4256,#4261);
#4256 = PLANE('',#4257);
#4257 = AXIS2_PLACEMENT_3D('',#4258,#4259,#4260);
#4258 = CARTESIAN_POINT('',(1.35,-1.125,0.2));
#4259 = DIRECTION('',(0.,0.,1.));
#4260 = DIRECTION('',(1.,0.,-0.));
#4261 = DEFINITIONAL_REPRESENTATION('',(#4262),#4266);
#4262 = LINE('',#4263,#4264);
#4263 = CARTESIAN_POINT('',(0.4,0.));
#4264 = VECTOR('',#4265,1.);
#4265 = DIRECTION('',(0.,1.));
#4266 = ( GEOMETRIC_REPRESENTATION_CONTEXT(2) 
PARAMETRIC_REPRESENTATION_CONTEXT() REPRESENTATION_CONTEXT('2D SPACE',''
  ) );
#4267 = ORIENTED_EDGE('',*,*,#4268,.F.);
#4268 = EDGE_CURVE('',#1967,#4241,#4269,.T.);
#4269 = SURFACE_CURVE('',#4270,(#4274,#4281),.PCURVE_S1.);
#4270 = LINE('',#4271,#4272);
#4271 = CARTESIAN_POINT('',(1.75,-0.875,0.));
#4272 = VECTOR('',#4273,1.);
#4273 = DIRECTION('',(0.,0.,1.));
#4274 = PCURVE('',#742,#4275);
#4275 = DEFINITIONAL_REPRESENTATION('',(#4276),#4280);
#4276 = LINE('',#4277,#4278);
#4277 = CARTESIAN_POINT('',(-2.E-02,-0.875));
#4278 = VECTOR('',#4279,1.);
#4279 = DIRECTION('',(1.,0.));
#4280 = ( GEOMETRIC_REPRESENTATION_CONTEXT(2) 
PARAMETRIC_REPRESENTATION_CONTEXT() REPRESENTATION_CONTEXT('2D SPACE',''
  ) );
#4281 = PCURVE('',#1981,#4282);
#4282 = DEFINITIONAL_REPRESENTATION('',(#4283),#4287);
#4283 = LINE('',#4284,#4285);
#4284 = CARTESIAN_POINT('',(0.,0.4));
#4285 = VECTOR('',#4286,1.);
#4286 = DIRECTION('',(1.,0.));
#4287 = ( GEOMETRIC_REPRESENTATION_CONTEXT(2) 
PARAMETRIC_REPRESENTATION_CONTEXT() REPRESENTATION_CONTEXT('2D SPACE',''
  ) );
#4288 = ORIENTED_EDGE('',*,*,#1992,.T.);
#4289 = ORIENTED_EDGE('',*,*,#4290,.T.);
#4290 = EDGE_CURVE('',#1993,#4291,#4293,.T.);
#4291 = VERTEX_POINT('',#4292);
#4292 = CARTESIAN_POINT('',(1.75,-0.625,0.2));
#4293 = SURFACE_CURVE('',#4294,(#4298,#4305),.PCURVE_S1.);
#4294 = LINE('',#4295,#4296);
#4295 = CARTESIAN_POINT('',(1.75,-0.625,0.));
#4296 = VECTOR('',#4297,1.);
#4297 = DIRECTION('',(0.,0.,1.));
#4298 = PCURVE('',#742,#4299);
#4299 = DEFINITIONAL_REPRESENTATION('',(#4300),#4304);
#4300 = LINE('',#4301,#4302);
#4301 = CARTESIAN_POINT('',(-2.E-02,-1.125));
#4302 = VECTOR('',#4303,1.);
#4303 = DIRECTION('',(1.,0.));
#4304 = ( GEOMETRIC_REPRESENTATION_CONTEXT(2) 
PARAMETRIC_REPRESENTATION_CONTEXT() REPRESENTATION_CONTEXT('2D SPACE',''
  ) );
#4305 = PCURVE('',#2030,#4306);
#4306 = DEFINITIONAL_REPRESENTATION('',(#4307),#4311);
#4307 = LINE('',#4308,#4309);
#4308 = CARTESIAN_POINT('',(0.,0.4));
#4309 = VECTOR('',#4310,1.);
#4310 = DIRECTION('',(1.,0.));
#4311 = ( GEOMETRIC_REPRESENTATION_CONTEXT(2) 
PARAMETRIC_REPRESENTATION_CONTEXT() REPRESENTATION_CONTEXT('2D SPACE',''
  ) );
#4312 = ORIENTED_EDGE('',*,*,#4313,.T.);
#4313 = EDGE_CURVE('',#4291,#4314,#4316,.T.);
#4314 = VERTEX_POINT('',#4315);
#4315 = CARTESIAN_POINT('',(1.75,-0.375,0.2));
#4316 = SURFACE_CURVE('',#4317,(#4321,#4328),.PCURVE_S1.);
#4317 = LINE('',#4318,#4319);
#4318 = CARTESIAN_POINT('',(1.75,-0.625,0.2));
#4319 = VECTOR('',#4320,1.);
#4320 = DIRECTION('',(-0.,1.,0.));
#4321 = PCURVE('',#742,#4322);
#4322 = DEFINITIONAL_REPRESENTATION('',(#4323),#4327);
#4323 = LINE('',#4324,#4325);
#4324 = CARTESIAN_POINT('',(0.18,-1.125));
#4325 = VECTOR('',#4326,1.);
#4326 = DIRECTION('',(0.,-1.));
#4327 = ( GEOMETRIC_REPRESENTATION_CONTEXT(2) 
PARAMETRIC_REPRESENTATION_CONTEXT() REPRESENTATION_CONTEXT('2D SPACE',''
  ) );
#4328 = PCURVE('',#4329,#4334);
#4329 = PLANE('',#4330);
#4330 = AXIS2_PLACEMENT_3D('',#4331,#4332,#4333);
#4331 = CARTESIAN_POINT('',(1.35,-0.625,0.2));
#4332 = DIRECTION('',(0.,0.,1.));
#4333 = DIRECTION('',(1.,0.,-0.));
#4334 = DEFINITIONAL_REPRESENTATION('',(#4335),#4339);
#4335 = LINE('',#4336,#4337);
#4336 = CARTESIAN_POINT('',(0.4,0.));
#4337 = VECTOR('',#4338,1.);
#4338 = DIRECTION('',(0.,1.));
#4339 = ( GEOMETRIC_REPRESENTATION_CONTEXT(2) 
PARAMETRIC_REPRESENTATION_CONTEXT() REPRESENTATION_CONTEXT('2D SPACE',''
  ) );
#4340 = ORIENTED_EDGE('',*,*,#4341,.F.);
#4341 = EDGE_CURVE('',#2068,#4314,#4342,.T.);
#4342 = SURFACE_CURVE('',#4343,(#4347,#4354),.PCURVE_S1.);
#4343 = LINE('',#4344,#4345);
#4344 = CARTESIAN_POINT('',(1.75,-0.375,0.));
#4345 = VECTOR('',#4346,1.);
#4346 = DIRECTION('',(0.,0.,1.));
#4347 = PCURVE('',#742,#4348);
#4348 = DEFINITIONAL_REPRESENTATION('',(#4349),#4353);
#4349 = LINE('',#4350,#4351);
#4350 = CARTESIAN_POINT('',(-2.E-02,-1.375));
#4351 = VECTOR('',#4352,1.);
#4352 = DIRECTION('',(1.,0.));
#4353 = ( GEOMETRIC_REPRESENTATION_CONTEXT(2) 
PARAMETRIC_REPRESENTATION_CONTEXT() REPRESENTATION_CONTEXT('2D SPACE',''
  ) );
#4354 = PCURVE('',#2082,#4355);
#4355 = DEFINITIONAL_REPRESENTATION('',(#4356),#4360);
#4356 = LINE('',#4357,#4358);
#4357 = CARTESIAN_POINT('',(0.,0.4));
#4358 = VECTOR('',#4359,1.);
#4359 = DIRECTION('',(1.,0.));
#4360 = ( GEOMETRIC_REPRESENTATION_CONTEXT(2) 
PARAMETRIC_REPRESENTATION_CONTEXT() REPRESENTATION_CONTEXT('2D SPACE',''
  ) );
#4361 = ORIENTED_EDGE('',*,*,#2093,.T.);
#4362 = ORIENTED_EDGE('',*,*,#4363,.T.);
#4363 = EDGE_CURVE('',#2094,#4364,#4366,.T.);
#4364 = VERTEX_POINT('',#4365);
#4365 = CARTESIAN_POINT('',(1.75,-0.125,0.2));
#4366 = SURFACE_CURVE('',#4367,(#4371,#4378),.PCURVE_S1.);
#4367 = LINE('',#4368,#4369);
#4368 = CARTESIAN_POINT('',(1.75,-0.125,0.));
#4369 = VECTOR('',#4370,1.);
#4370 = DIRECTION('',(0.,0.,1.));
#4371 = PCURVE('',#742,#4372);
#4372 = DEFINITIONAL_REPRESENTATION('',(#4373),#4377);
#4373 = LINE('',#4374,#4375);
#4374 = CARTESIAN_POINT('',(-2.E-02,-1.625));
#4375 = VECTOR('',#4376,1.);
#4376 = DIRECTION('',(1.,0.));
#4377 = ( GEOMETRIC_REPRESENTATION_CONTEXT(2) 
PARAMETRIC_REPRESENTATION_CONTEXT() REPRESENTATION_CONTEXT('2D SPACE',''
  ) );
#4378 = PCURVE('',#2131,#4379);
#4379 = DEFINITIONAL_REPRESENTATION('',(#4380),#4384);
#4380 = LINE('',#4381,#4382);
#4381 = CARTESIAN_POINT('',(0.,0.4));
#4382 = VECTOR('',#4383,1.);
#4383 = DIRECTION('',(1.,0.));
#4384 = ( GEOMETRIC_REPRESENTATION_CONTEXT(2) 
PARAMETRIC_REPRESENTATION_CONTEXT() REPRESENTATION_CONTEXT('2D SPACE',''
  ) );
#4385 = ORIENTED_EDGE('',*,*,#4386,.T.);
#4386 = EDGE_CURVE('',#4364,#4387,#4389,.T.);
#4387 = VERTEX_POINT('',#4388);
#4388 = CARTESIAN_POINT('',(1.75,0.125,0.2));
#4389 = SURFACE_CURVE('',#4390,(#4394,#4401),.PCURVE_S1.);
#4390 = LINE('',#4391,#4392);
#4391 = CARTESIAN_POINT('',(1.75,-0.125,0.2));
#4392 = VECTOR('',#4393,1.);
#4393 = DIRECTION('',(-0.,1.,0.));
#4394 = PCURVE('',#742,#4395);
#4395 = DEFINITIONAL_REPRESENTATION('',(#4396),#4400);
#4396 = LINE('',#4397,#4398);
#4397 = CARTESIAN_POINT('',(0.18,-1.625));
#4398 = VECTOR('',#4399,1.);
#4399 = DIRECTION('',(0.,-1.));
#4400 = ( GEOMETRIC_REPRESENTATION_CONTEXT(2) 
PARAMETRIC_REPRESENTATION_CONTEXT() REPRESENTATION_CONTEXT('2D SPACE',''
  ) );
#4401 = PCURVE('',#4402,#4407);
#4402 = PLANE('',#4403);
#4403 = AXIS2_PLACEMENT_3D('',#4404,#4405,#4406);
#4404 = CARTESIAN_POINT('',(1.35,-0.125,0.2));
#4405 = DIRECTION('',(0.,0.,1.));
#4406 = DIRECTION('',(1.,0.,-0.));
#4407 = DEFINITIONAL_REPRESENTATION('',(#4408),#4412);
#4408 = LINE('',#4409,#4410);
#4409 = CARTESIAN_POINT('',(0.4,0.));
#4410 = VECTOR('',#4411,1.);
#4411 = DIRECTION('',(0.,1.));
#4412 = ( GEOMETRIC_REPRESENTATION_CONTEXT(2) 
PARAMETRIC_REPRESENTATION_CONTEXT() REPRESENTATION_CONTEXT('2D SPACE',''
  ) );
#4413 = ORIENTED_EDGE('',*,*,#4414,.F.);
#4414 = EDGE_CURVE('',#2169,#4387,#4415,.T.);
#4415 = SURFACE_CURVE('',#4416,(#4420,#4427),.PCURVE_S1.);
#4416 = LINE('',#4417,#4418);
#4417 = CARTESIAN_POINT('',(1.75,0.125,0.));
#4418 = VECTOR('',#4419,1.);
#4419 = DIRECTION('',(0.,0.,1.));
#4420 = PCURVE('',#742,#4421);
#4421 = DEFINITIONAL_REPRESENTATION('',(#4422),#4426);
#4422 = LINE('',#4423,#4424);
#4423 = CARTESIAN_POINT('',(-2.E-02,-1.875));
#4424 = VECTOR('',#4425,1.);
#4425 = DIRECTION('',(1.,0.));
#4426 = ( GEOMETRIC_REPRESENTATION_CONTEXT(2) 
PARAMETRIC_REPRESENTATION_CONTEXT() REPRESENTATION_CONTEXT('2D SPACE',''
  ) );
#4427 = PCURVE('',#2183,#4428);
#4428 = DEFINITIONAL_REPRESENTATION('',(#4429),#4433);
#4429 = LINE('',#4430,#4431);
#4430 = CARTESIAN_POINT('',(0.,0.4));
#4431 = VECTOR('',#4432,1.);
#4432 = DIRECTION('',(1.,0.));
#4433 = ( GEOMETRIC_REPRESENTATION_CONTEXT(2) 
PARAMETRIC_REPRESENTATION_CONTEXT() REPRESENTATION_CONTEXT('2D SPACE',''
  ) );
#4434 = ORIENTED_EDGE('',*,*,#2194,.T.);
#4435 = ORIENTED_EDGE('',*,*,#4436,.T.);
#4436 = EDGE_CURVE('',#2195,#4437,#4439,.T.);
#4437 = VERTEX_POINT('',#4438);
#4438 = CARTESIAN_POINT('',(1.75,0.375,0.2));
#4439 = SURFACE_CURVE('',#4440,(#4444,#4451),.PCURVE_S1.);
#4440 = LINE('',#4441,#4442);
#4441 = CARTESIAN_POINT('',(1.75,0.375,0.));
#4442 = VECTOR('',#4443,1.);
#4443 = DIRECTION('',(0.,0.,1.));
#4444 = PCURVE('',#742,#4445);
#4445 = DEFINITIONAL_REPRESENTATION('',(#4446),#4450);
#4446 = LINE('',#4447,#4448);
#4447 = CARTESIAN_POINT('',(-2.E-02,-2.125));
#4448 = VECTOR('',#4449,1.);
#4449 = DIRECTION('',(1.,0.));
#4450 = ( GEOMETRIC_REPRESENTATION_CONTEXT(2) 
PARAMETRIC_REPRESENTATION_CONTEXT() REPRESENTATION_CONTEXT('2D SPACE',''
  ) );
#4451 = PCURVE('',#2232,#4452);
#4452 = DEFINITIONAL_REPRESENTATION('',(#4453),#4457);
#4453 = LINE('',#4454,#4455);
#4454 = CARTESIAN_POINT('',(0.,0.4));
#4455 = VECTOR('',#4456,1.);
#4456 = DIRECTION('',(1.,0.));
#4457 = ( GEOMETRIC_REPRESENTATION_CONTEXT(2) 
PARAMETRIC_REPRESENTATION_CONTEXT() REPRESENTATION_CONTEXT('2D SPACE',''
  ) );
#4458 = ORIENTED_EDGE('',*,*,#4459,.T.);
#4459 = EDGE_CURVE('',#4437,#4460,#4462,.T.);
#4460 = VERTEX_POINT('',#4461);
#4461 = CARTESIAN_POINT('',(1.75,0.625,0.2));
#4462 = SURFACE_CURVE('',#4463,(#4467,#4474),.PCURVE_S1.);
#4463 = LINE('',#4464,#4465);
#4464 = CARTESIAN_POINT('',(1.75,0.375,0.2));
#4465 = VECTOR('',#4466,1.);
#4466 = DIRECTION('',(-0.,1.,0.));
#4467 = PCURVE('',#742,#4468);
#4468 = DEFINITIONAL_REPRESENTATION('',(#4469),#4473);
#4469 = LINE('',#4470,#4471);
#4470 = CARTESIAN_POINT('',(0.18,-2.125));
#4471 = VECTOR('',#4472,1.);
#4472 = DIRECTION('',(0.,-1.));
#4473 = ( GEOMETRIC_REPRESENTATION_CONTEXT(2) 
PARAMETRIC_REPRESENTATION_CONTEXT() REPRESENTATION_CONTEXT('2D SPACE',''
  ) );
#4474 = PCURVE('',#4475,#4480);
#4475 = PLANE('',#4476);
#4476 = AXIS2_PLACEMENT_3D('',#4477,#4478,#4479);
#4477 = CARTESIAN_POINT('',(1.35,0.375,0.2));
#4478 = DIRECTION('',(0.,0.,1.));
#4479 = DIRECTION('',(1.,0.,-0.));
#4480 = DEFINITIONAL_REPRESENTATION('',(#4481),#4485);
#4481 = LINE('',#4482,#4483);
#4482 = CARTESIAN_POINT('',(0.4,0.));
#4483 = VECTOR('',#4484,1.);
#4484 = DIRECTION('',(0.,1.));
#4485 = ( GEOMETRIC_REPRESENTATION_CONTEXT(2) 
PARAMETRIC_REPRESENTATION_CONTEXT() REPRESENTATION_CONTEXT('2D SPACE',''
  ) );
#4486 = ORIENTED_EDGE('',*,*,#4487,.F.);
#4487 = EDGE_CURVE('',#2270,#4460,#4488,.T.);
#4488 = SURFACE_CURVE('',#4489,(#4493,#4500),.PCURVE_S1.);
#4489 = LINE('',#4490,#4491);
#4490 = CARTESIAN_POINT('',(1.75,0.625,0.));
#4491 = VECTOR('',#4492,1.);
#4492 = DIRECTION('',(0.,0.,1.));
#4493 = PCURVE('',#742,#4494);
#4494 = DEFINITIONAL_REPRESENTATION('',(#4495),#4499);
#4495 = LINE('',#4496,#4497);
#4496 = CARTESIAN_POINT('',(-2.E-02,-2.375));
#4497 = VECTOR('',#4498,1.);
#4498 = DIRECTION('',(1.,0.));
#4499 = ( GEOMETRIC_REPRESENTATION_CONTEXT(2) 
PARAMETRIC_REPRESENTATION_CONTEXT() REPRESENTATION_CONTEXT('2D SPACE',''
  ) );
#4500 = PCURVE('',#2284,#4501);
#4501 = DEFINITIONAL_REPRESENTATION('',(#4502),#4506);
#4502 = LINE('',#4503,#4504);
#4503 = CARTESIAN_POINT('',(0.,0.4));
#4504 = VECTOR('',#4505,1.);
#4505 = DIRECTION('',(1.,0.));
#4506 = ( GEOMETRIC_REPRESENTATION_CONTEXT(2) 
PARAMETRIC_REPRESENTATION_CONTEXT() REPRESENTATION_CONTEXT('2D SPACE',''
  ) );
#4507 = ORIENTED_EDGE('',*,*,#2295,.T.);
#4508 = ORIENTED_EDGE('',*,*,#4509,.T.);
#4509 = EDGE_CURVE('',#2296,#4510,#4512,.T.);
#4510 = VERTEX_POINT('',#4511);
#4511 = CARTESIAN_POINT('',(1.75,0.875,0.2));
#4512 = SURFACE_CURVE('',#4513,(#4517,#4524),.PCURVE_S1.);
#4513 = LINE('',#4514,#4515);
#4514 = CARTESIAN_POINT('',(1.75,0.875,0.));
#4515 = VECTOR('',#4516,1.);
#4516 = DIRECTION('',(0.,0.,1.));
#4517 = PCURVE('',#742,#4518);
#4518 = DEFINITIONAL_REPRESENTATION('',(#4519),#4523);
#4519 = LINE('',#4520,#4521);
#4520 = CARTESIAN_POINT('',(-2.E-02,-2.625));
#4521 = VECTOR('',#4522,1.);
#4522 = DIRECTION('',(1.,0.));
#4523 = ( GEOMETRIC_REPRESENTATION_CONTEXT(2) 
PARAMETRIC_REPRESENTATION_CONTEXT() REPRESENTATION_CONTEXT('2D SPACE',''
  ) );
#4524 = PCURVE('',#2333,#4525);
#4525 = DEFINITIONAL_REPRESENTATION('',(#4526),#4530);
#4526 = LINE('',#4527,#4528);
#4527 = CARTESIAN_POINT('',(0.,0.4));
#4528 = VECTOR('',#4529,1.);
#4529 = DIRECTION('',(1.,0.));
#4530 = ( GEOMETRIC_REPRESENTATION_CONTEXT(2) 
PARAMETRIC_REPRESENTATION_CONTEXT() REPRESENTATION_CONTEXT('2D SPACE',''
  ) );
#4531 = ORIENTED_EDGE('',*,*,#4532,.T.);
#4532 = EDGE_CURVE('',#4510,#4533,#4535,.T.);
#4533 = VERTEX_POINT('',#4534);
#4534 = CARTESIAN_POINT('',(1.75,1.125,0.2));
#4535 = SURFACE_CURVE('',#4536,(#4540,#4547),.PCURVE_S1.);
#4536 = LINE('',#4537,#4538);
#4537 = CARTESIAN_POINT('',(1.75,0.875,0.2));
#4538 = VECTOR('',#4539,1.);
#4539 = DIRECTION('',(-0.,1.,0.));
#4540 = PCURVE('',#742,#4541);
#4541 = DEFINITIONAL_REPRESENTATION('',(#4542),#4546);
#4542 = LINE('',#4543,#4544);
#4543 = CARTESIAN_POINT('',(0.18,-2.625));
#4544 = VECTOR('',#4545,1.);
#4545 = DIRECTION('',(0.,-1.));
#4546 = ( GEOMETRIC_REPRESENTATION_CONTEXT(2) 
PARAMETRIC_REPRESENTATION_CONTEXT() REPRESENTATION_CONTEXT('2D SPACE',''
  ) );
#4547 = PCURVE('',#4548,#4553);
#4548 = PLANE('',#4549);
#4549 = AXIS2_PLACEMENT_3D('',#4550,#4551,#4552);
#4550 = CARTESIAN_POINT('',(1.35,0.875,0.2));
#4551 = DIRECTION('',(0.,0.,1.));
#4552 = DIRECTION('',(1.,0.,-0.));
#4553 = DEFINITIONAL_REPRESENTATION('',(#4554),#4558);
#4554 = LINE('',#4555,#4556);
#4555 = CARTESIAN_POINT('',(0.4,0.));
#4556 = VECTOR('',#4557,1.);
#4557 = DIRECTION('',(0.,1.));
#4558 = ( GEOMETRIC_REPRESENTATION_CONTEXT(2) 
PARAMETRIC_REPRESENTATION_CONTEXT() REPRESENTATION_CONTEXT('2D SPACE',''
  ) );
#4559 = ORIENTED_EDGE('',*,*,#4560,.F.);
#4560 = EDGE_CURVE('',#2371,#4533,#4561,.T.);
#4561 = SURFACE_CURVE('',#4562,(#4566,#4573),.PCURVE_S1.);
#4562 = LINE('',#4563,#4564);
#4563 = CARTESIAN_POINT('',(1.75,1.125,0.));
#4564 = VECTOR('',#4565,1.);
#4565 = DIRECTION('',(0.,0.,1.));
#4566 = PCURVE('',#742,#4567);
#4567 = DEFINITIONAL_REPRESENTATION('',(#4568),#4572);
#4568 = LINE('',#4569,#4570);
#4569 = CARTESIAN_POINT('',(-2.E-02,-2.875));
#4570 = VECTOR('',#4571,1.);
#4571 = DIRECTION('',(1.,0.));
#4572 = ( GEOMETRIC_REPRESENTATION_CONTEXT(2) 
PARAMETRIC_REPRESENTATION_CONTEXT() REPRESENTATION_CONTEXT('2D SPACE',''
  ) );
#4573 = PCURVE('',#2385,#4574);
#4574 = DEFINITIONAL_REPRESENTATION('',(#4575),#4579);
#4575 = LINE('',#4576,#4577);
#4576 = CARTESIAN_POINT('',(0.,0.4));
#4577 = VECTOR('',#4578,1.);
#4578 = DIRECTION('',(1.,0.));
#4579 = ( GEOMETRIC_REPRESENTATION_CONTEXT(2) 
PARAMETRIC_REPRESENTATION_CONTEXT() REPRESENTATION_CONTEXT('2D SPACE',''
  ) );
#4580 = ORIENTED_EDGE('',*,*,#2396,.T.);
#4581 = ORIENTED_EDGE('',*,*,#803,.T.);
#4582 = ADVANCED_FACE('',(#4583),#1347,.T.);
#4583 = FACE_BOUND('',#4584,.T.);
#4584 = EDGE_LOOP('',(#4585,#4608,#4609,#4610));
#4585 = ORIENTED_EDGE('',*,*,#4586,.F.);
#4586 = EDGE_CURVE('',#2708,#4587,#4589,.T.);
#4587 = VERTEX_POINT('',#4588);
#4588 = CARTESIAN_POINT('',(-1.125,1.35,0.2));
#4589 = SURFACE_CURVE('',#4590,(#4594,#4601),.PCURVE_S1.);
#4590 = LINE('',#4591,#4592);
#4591 = CARTESIAN_POINT('',(-1.125,1.35,0.));
#4592 = VECTOR('',#4593,1.);
#4593 = DIRECTION('',(0.,0.,1.));
#4594 = PCURVE('',#1347,#4595);
#4595 = DEFINITIONAL_REPRESENTATION('',(#4596),#4600);
#4596 = LINE('',#4597,#4598);
#4597 = CARTESIAN_POINT('',(0.,0.));
#4598 = VECTOR('',#4599,1.);
#4599 = DIRECTION('',(1.,0.));
#4600 = ( GEOMETRIC_REPRESENTATION_CONTEXT(2) 
PARAMETRIC_REPRESENTATION_CONTEXT() REPRESENTATION_CONTEXT('2D SPACE',''
  ) );
#4601 = PCURVE('',#2722,#4602);
#4602 = DEFINITIONAL_REPRESENTATION('',(#4603),#4607);
#4603 = LINE('',#4604,#4605);
#4604 = CARTESIAN_POINT('',(0.,0.));
#4605 = VECTOR('',#4606,1.);
#4606 = DIRECTION('',(1.,0.));
#4607 = ( GEOMETRIC_REPRESENTATION_CONTEXT(2) 
PARAMETRIC_REPRESENTATION_CONTEXT() REPRESENTATION_CONTEXT('2D SPACE',''
  ) );
#4608 = ORIENTED_EDGE('',*,*,#2733,.T.);
#4609 = ORIENTED_EDGE('',*,*,#1333,.T.);
#4610 = ORIENTED_EDGE('',*,*,#4611,.F.);
#4611 = EDGE_CURVE('',#4587,#1306,#4612,.T.);
#4612 = SURFACE_CURVE('',#4613,(#4617,#4624),.PCURVE_S1.);
#4613 = LINE('',#4614,#4615);
#4614 = CARTESIAN_POINT('',(-1.125,1.35,0.2));
#4615 = VECTOR('',#4616,1.);
#4616 = DIRECTION('',(-0.,1.,0.));
#4617 = PCURVE('',#1347,#4618);
#4618 = DEFINITIONAL_REPRESENTATION('',(#4619),#4623);
#4619 = LINE('',#4620,#4621);
#4620 = CARTESIAN_POINT('',(0.2,0.));
#4621 = VECTOR('',#4622,1.);
#4622 = DIRECTION('',(0.,-1.));
#4623 = ( GEOMETRIC_REPRESENTATION_CONTEXT(2) 
PARAMETRIC_REPRESENTATION_CONTEXT() REPRESENTATION_CONTEXT('2D SPACE',''
  ) );
#4624 = PCURVE('',#1321,#4625);
#4625 = DEFINITIONAL_REPRESENTATION('',(#4626),#4630);
#4626 = LINE('',#4627,#4628);
#4627 = CARTESIAN_POINT('',(0.,0.));
#4628 = VECTOR('',#4629,1.);
#4629 = DIRECTION('',(0.,1.));
#4630 = ( GEOMETRIC_REPRESENTATION_CONTEXT(2) 
PARAMETRIC_REPRESENTATION_CONTEXT() REPRESENTATION_CONTEXT('2D SPACE',''
  ) );
#4631 = ADVANCED_FACE('',(#4632),#1321,.F.);
#4632 = FACE_BOUND('',#4633,.F.);
#4633 = EDGE_LOOP('',(#4634,#4635,#4658,#4679));
#4634 = ORIENTED_EDGE('',*,*,#4611,.F.);
#4635 = ORIENTED_EDGE('',*,*,#4636,.T.);
#4636 = EDGE_CURVE('',#4587,#4637,#4639,.T.);
#4637 = VERTEX_POINT('',#4638);
#4638 = CARTESIAN_POINT('',(-0.875,1.35,0.2));
#4639 = SURFACE_CURVE('',#4640,(#4644,#4651),.PCURVE_S1.);
#4640 = LINE('',#4641,#4642);
#4641 = CARTESIAN_POINT('',(-1.125,1.35,0.2));
#4642 = VECTOR('',#4643,1.);
#4643 = DIRECTION('',(1.,0.,-0.));
#4644 = PCURVE('',#1321,#4645);
#4645 = DEFINITIONAL_REPRESENTATION('',(#4646),#4650);
#4646 = LINE('',#4647,#4648);
#4647 = CARTESIAN_POINT('',(0.,0.));
#4648 = VECTOR('',#4649,1.);
#4649 = DIRECTION('',(1.,0.));
#4650 = ( GEOMETRIC_REPRESENTATION_CONTEXT(2) 
PARAMETRIC_REPRESENTATION_CONTEXT() REPRESENTATION_CONTEXT('2D SPACE',''
  ) );
#4651 = PCURVE('',#2722,#4652);
#4652 = DEFINITIONAL_REPRESENTATION('',(#4653),#4657);
#4653 = LINE('',#4654,#4655);
#4654 = CARTESIAN_POINT('',(0.2,0.));
#4655 = VECTOR('',#4656,1.);
#4656 = DIRECTION('',(0.,1.));
#4657 = ( GEOMETRIC_REPRESENTATION_CONTEXT(2) 
PARAMETRIC_REPRESENTATION_CONTEXT() REPRESENTATION_CONTEXT('2D SPACE',''
  ) );
#4658 = ORIENTED_EDGE('',*,*,#4659,.T.);
#4659 = EDGE_CURVE('',#4637,#1278,#4660,.T.);
#4660 = SURFACE_CURVE('',#4661,(#4665,#4672),.PCURVE_S1.);
#4661 = LINE('',#4662,#4663);
#4662 = CARTESIAN_POINT('',(-0.875,1.35,0.2));
#4663 = VECTOR('',#4664,1.);
#4664 = DIRECTION('',(-0.,1.,0.));
#4665 = PCURVE('',#1321,#4666);
#4666 = DEFINITIONAL_REPRESENTATION('',(#4667),#4671);
#4667 = LINE('',#4668,#4669);
#4668 = CARTESIAN_POINT('',(0.25,0.));
#4669 = VECTOR('',#4670,1.);
#4670 = DIRECTION('',(0.,1.));
#4671 = ( GEOMETRIC_REPRESENTATION_CONTEXT(2) 
PARAMETRIC_REPRESENTATION_CONTEXT() REPRESENTATION_CONTEXT('2D SPACE',''
  ) );
#4672 = PCURVE('',#1293,#4673);
#4673 = DEFINITIONAL_REPRESENTATION('',(#4674),#4678);
#4674 = LINE('',#4675,#4676);
#4675 = CARTESIAN_POINT('',(0.2,0.));
#4676 = VECTOR('',#4677,1.);
#4677 = DIRECTION('',(0.,-1.));
#4678 = ( GEOMETRIC_REPRESENTATION_CONTEXT(2) 
PARAMETRIC_REPRESENTATION_CONTEXT() REPRESENTATION_CONTEXT('2D SPACE',''
  ) );
#4679 = ORIENTED_EDGE('',*,*,#1305,.F.);
#4680 = ADVANCED_FACE('',(#4681),#1293,.F.);
#4681 = FACE_BOUND('',#4682,.F.);
#4682 = EDGE_LOOP('',(#4683,#4704,#4705,#4706));
#4683 = ORIENTED_EDGE('',*,*,#4684,.F.);
#4684 = EDGE_CURVE('',#2687,#4637,#4685,.T.);
#4685 = SURFACE_CURVE('',#4686,(#4690,#4697),.PCURVE_S1.);
#4686 = LINE('',#4687,#4688);
#4687 = CARTESIAN_POINT('',(-0.875,1.35,0.));
#4688 = VECTOR('',#4689,1.);
#4689 = DIRECTION('',(0.,0.,1.));
#4690 = PCURVE('',#1293,#4691);
#4691 = DEFINITIONAL_REPRESENTATION('',(#4692),#4696);
#4692 = LINE('',#4693,#4694);
#4693 = CARTESIAN_POINT('',(0.,0.));
#4694 = VECTOR('',#4695,1.);
#4695 = DIRECTION('',(1.,0.));
#4696 = ( GEOMETRIC_REPRESENTATION_CONTEXT(2) 
PARAMETRIC_REPRESENTATION_CONTEXT() REPRESENTATION_CONTEXT('2D SPACE',''
  ) );
#4697 = PCURVE('',#2722,#4698);
#4698 = DEFINITIONAL_REPRESENTATION('',(#4699),#4703);
#4699 = LINE('',#4700,#4701);
#4700 = CARTESIAN_POINT('',(0.,0.25));
#4701 = VECTOR('',#4702,1.);
#4702 = DIRECTION('',(1.,0.));
#4703 = ( GEOMETRIC_REPRESENTATION_CONTEXT(2) 
PARAMETRIC_REPRESENTATION_CONTEXT() REPRESENTATION_CONTEXT('2D SPACE',''
  ) );
#4704 = ORIENTED_EDGE('',*,*,#2686,.T.);
#4705 = ORIENTED_EDGE('',*,*,#1277,.T.);
#4706 = ORIENTED_EDGE('',*,*,#4659,.F.);
#4707 = ADVANCED_FACE('',(#4708),#1242,.T.);
#4708 = FACE_BOUND('',#4709,.T.);
#4709 = EDGE_LOOP('',(#4710,#4733,#4734,#4735));
#4710 = ORIENTED_EDGE('',*,*,#4711,.F.);
#4711 = EDGE_CURVE('',#2641,#4712,#4714,.T.);
#4712 = VERTEX_POINT('',#4713);
#4713 = CARTESIAN_POINT('',(-0.625,1.35,0.2));
#4714 = SURFACE_CURVE('',#4715,(#4719,#4726),.PCURVE_S1.);
#4715 = LINE('',#4716,#4717);
#4716 = CARTESIAN_POINT('',(-0.625,1.35,0.));
#4717 = VECTOR('',#4718,1.);
#4718 = DIRECTION('',(0.,0.,1.));
#4719 = PCURVE('',#1242,#4720);
#4720 = DEFINITIONAL_REPRESENTATION('',(#4721),#4725);
#4721 = LINE('',#4722,#4723);
#4722 = CARTESIAN_POINT('',(0.,0.));
#4723 = VECTOR('',#4724,1.);
#4724 = DIRECTION('',(1.,0.));
#4725 = ( GEOMETRIC_REPRESENTATION_CONTEXT(2) 
PARAMETRIC_REPRESENTATION_CONTEXT() REPRESENTATION_CONTEXT('2D SPACE',''
  ) );
#4726 = PCURVE('',#2655,#4727);
#4727 = DEFINITIONAL_REPRESENTATION('',(#4728),#4732);
#4728 = LINE('',#4729,#4730);
#4729 = CARTESIAN_POINT('',(0.,0.));
#4730 = VECTOR('',#4731,1.);
#4731 = DIRECTION('',(1.,0.));
#4732 = ( GEOMETRIC_REPRESENTATION_CONTEXT(2) 
PARAMETRIC_REPRESENTATION_CONTEXT() REPRESENTATION_CONTEXT('2D SPACE',''
  ) );
#4733 = ORIENTED_EDGE('',*,*,#2666,.T.);
#4734 = ORIENTED_EDGE('',*,*,#1226,.T.);
#4735 = ORIENTED_EDGE('',*,*,#4736,.F.);
#4736 = EDGE_CURVE('',#4712,#1199,#4737,.T.);
#4737 = SURFACE_CURVE('',#4738,(#4742,#4749),.PCURVE_S1.);
#4738 = LINE('',#4739,#4740);
#4739 = CARTESIAN_POINT('',(-0.625,1.35,0.2));
#4740 = VECTOR('',#4741,1.);
#4741 = DIRECTION('',(-0.,1.,0.));
#4742 = PCURVE('',#1242,#4743);
#4743 = DEFINITIONAL_REPRESENTATION('',(#4744),#4748);
#4744 = LINE('',#4745,#4746);
#4745 = CARTESIAN_POINT('',(0.2,0.));
#4746 = VECTOR('',#4747,1.);
#4747 = DIRECTION('',(0.,-1.));
#4748 = ( GEOMETRIC_REPRESENTATION_CONTEXT(2) 
PARAMETRIC_REPRESENTATION_CONTEXT() REPRESENTATION_CONTEXT('2D SPACE',''
  ) );
#4749 = PCURVE('',#1214,#4750);
#4750 = DEFINITIONAL_REPRESENTATION('',(#4751),#4755);
#4751 = LINE('',#4752,#4753);
#4752 = CARTESIAN_POINT('',(0.,0.));
#4753 = VECTOR('',#4754,1.);
#4754 = DIRECTION('',(0.,1.));
#4755 = ( GEOMETRIC_REPRESENTATION_CONTEXT(2) 
PARAMETRIC_REPRESENTATION_CONTEXT() REPRESENTATION_CONTEXT('2D SPACE',''
  ) );
#4756 = ADVANCED_FACE('',(#4757),#1214,.F.);
#4757 = FACE_BOUND('',#4758,.F.);
#4758 = EDGE_LOOP('',(#4759,#4760,#4783,#4804));
#4759 = ORIENTED_EDGE('',*,*,#4736,.F.);
#4760 = ORIENTED_EDGE('',*,*,#4761,.T.);
#4761 = EDGE_CURVE('',#4712,#4762,#4764,.T.);
#4762 = VERTEX_POINT('',#4763);
#4763 = CARTESIAN_POINT('',(-0.375,1.35,0.2));
#4764 = SURFACE_CURVE('',#4765,(#4769,#4776),.PCURVE_S1.);
#4765 = LINE('',#4766,#4767);
#4766 = CARTESIAN_POINT('',(-0.625,1.35,0.2));
#4767 = VECTOR('',#4768,1.);
#4768 = DIRECTION('',(1.,0.,-0.));
#4769 = PCURVE('',#1214,#4770);
#4770 = DEFINITIONAL_REPRESENTATION('',(#4771),#4775);
#4771 = LINE('',#4772,#4773);
#4772 = CARTESIAN_POINT('',(0.,0.));
#4773 = VECTOR('',#4774,1.);
#4774 = DIRECTION('',(1.,0.));
#4775 = ( GEOMETRIC_REPRESENTATION_CONTEXT(2) 
PARAMETRIC_REPRESENTATION_CONTEXT() REPRESENTATION_CONTEXT('2D SPACE',''
  ) );
#4776 = PCURVE('',#2655,#4777);
#4777 = DEFINITIONAL_REPRESENTATION('',(#4778),#4782);
#4778 = LINE('',#4779,#4780);
#4779 = CARTESIAN_POINT('',(0.2,0.));
#4780 = VECTOR('',#4781,1.);
#4781 = DIRECTION('',(0.,1.));
#4782 = ( GEOMETRIC_REPRESENTATION_CONTEXT(2) 
PARAMETRIC_REPRESENTATION_CONTEXT() REPRESENTATION_CONTEXT('2D SPACE',''
  ) );
#4783 = ORIENTED_EDGE('',*,*,#4784,.T.);
#4784 = EDGE_CURVE('',#4762,#1171,#4785,.T.);
#4785 = SURFACE_CURVE('',#4786,(#4790,#4797),.PCURVE_S1.);
#4786 = LINE('',#4787,#4788);
#4787 = CARTESIAN_POINT('',(-0.375,1.35,0.2));
#4788 = VECTOR('',#4789,1.);
#4789 = DIRECTION('',(-0.,1.,0.));
#4790 = PCURVE('',#1214,#4791);
#4791 = DEFINITIONAL_REPRESENTATION('',(#4792),#4796);
#4792 = LINE('',#4793,#4794);
#4793 = CARTESIAN_POINT('',(0.25,0.));
#4794 = VECTOR('',#4795,1.);
#4795 = DIRECTION('',(0.,1.));
#4796 = ( GEOMETRIC_REPRESENTATION_CONTEXT(2) 
PARAMETRIC_REPRESENTATION_CONTEXT() REPRESENTATION_CONTEXT('2D SPACE',''
  ) );
#4797 = PCURVE('',#1186,#4798);
#4798 = DEFINITIONAL_REPRESENTATION('',(#4799),#4803);
#4799 = LINE('',#4800,#4801);
#4800 = CARTESIAN_POINT('',(0.2,0.));
#4801 = VECTOR('',#4802,1.);
#4802 = DIRECTION('',(0.,-1.));
#4803 = ( GEOMETRIC_REPRESENTATION_CONTEXT(2) 
PARAMETRIC_REPRESENTATION_CONTEXT() REPRESENTATION_CONTEXT('2D SPACE',''
  ) );
#4804 = ORIENTED_EDGE('',*,*,#1198,.F.);
#4805 = ADVANCED_FACE('',(#4806),#1186,.F.);
#4806 = FACE_BOUND('',#4807,.F.);
#4807 = EDGE_LOOP('',(#4808,#4829,#4830,#4831));
#4808 = ORIENTED_EDGE('',*,*,#4809,.F.);
#4809 = EDGE_CURVE('',#2620,#4762,#4810,.T.);
#4810 = SURFACE_CURVE('',#4811,(#4815,#4822),.PCURVE_S1.);
#4811 = LINE('',#4812,#4813);
#4812 = CARTESIAN_POINT('',(-0.375,1.35,0.));
#4813 = VECTOR('',#4814,1.);
#4814 = DIRECTION('',(0.,0.,1.));
#4815 = PCURVE('',#1186,#4816);
#4816 = DEFINITIONAL_REPRESENTATION('',(#4817),#4821);
#4817 = LINE('',#4818,#4819);
#4818 = CARTESIAN_POINT('',(0.,0.));
#4819 = VECTOR('',#4820,1.);
#4820 = DIRECTION('',(1.,0.));
#4821 = ( GEOMETRIC_REPRESENTATION_CONTEXT(2) 
PARAMETRIC_REPRESENTATION_CONTEXT() REPRESENTATION_CONTEXT('2D SPACE',''
  ) );
#4822 = PCURVE('',#2655,#4823);
#4823 = DEFINITIONAL_REPRESENTATION('',(#4824),#4828);
#4824 = LINE('',#4825,#4826);
#4825 = CARTESIAN_POINT('',(0.,0.25));
#4826 = VECTOR('',#4827,1.);
#4827 = DIRECTION('',(1.,0.));
#4828 = ( GEOMETRIC_REPRESENTATION_CONTEXT(2) 
PARAMETRIC_REPRESENTATION_CONTEXT() REPRESENTATION_CONTEXT('2D SPACE',''
  ) );
#4829 = ORIENTED_EDGE('',*,*,#2619,.T.);
#4830 = ORIENTED_EDGE('',*,*,#1170,.T.);
#4831 = ORIENTED_EDGE('',*,*,#4784,.F.);
#4832 = ADVANCED_FACE('',(#4833),#1135,.T.);
#4833 = FACE_BOUND('',#4834,.T.);
#4834 = EDGE_LOOP('',(#4835,#4858,#4859,#4860));
#4835 = ORIENTED_EDGE('',*,*,#4836,.F.);
#4836 = EDGE_CURVE('',#2574,#4837,#4839,.T.);
#4837 = VERTEX_POINT('',#4838);
#4838 = CARTESIAN_POINT('',(-0.125,1.35,0.2));
#4839 = SURFACE_CURVE('',#4840,(#4844,#4851),.PCURVE_S1.);
#4840 = LINE('',#4841,#4842);
#4841 = CARTESIAN_POINT('',(-0.125,1.35,0.));
#4842 = VECTOR('',#4843,1.);
#4843 = DIRECTION('',(0.,0.,1.));
#4844 = PCURVE('',#1135,#4845);
#4845 = DEFINITIONAL_REPRESENTATION('',(#4846),#4850);
#4846 = LINE('',#4847,#4848);
#4847 = CARTESIAN_POINT('',(0.,0.));
#4848 = VECTOR('',#4849,1.);
#4849 = DIRECTION('',(1.,0.));
#4850 = ( GEOMETRIC_REPRESENTATION_CONTEXT(2) 
PARAMETRIC_REPRESENTATION_CONTEXT() REPRESENTATION_CONTEXT('2D SPACE',''
  ) );
#4851 = PCURVE('',#2588,#4852);
#4852 = DEFINITIONAL_REPRESENTATION('',(#4853),#4857);
#4853 = LINE('',#4854,#4855);
#4854 = CARTESIAN_POINT('',(0.,0.));
#4855 = VECTOR('',#4856,1.);
#4856 = DIRECTION('',(1.,0.));
#4857 = ( GEOMETRIC_REPRESENTATION_CONTEXT(2) 
PARAMETRIC_REPRESENTATION_CONTEXT() REPRESENTATION_CONTEXT('2D SPACE',''
  ) );
#4858 = ORIENTED_EDGE('',*,*,#2599,.T.);
#4859 = ORIENTED_EDGE('',*,*,#1119,.T.);
#4860 = ORIENTED_EDGE('',*,*,#4861,.F.);
#4861 = EDGE_CURVE('',#4837,#1092,#4862,.T.);
#4862 = SURFACE_CURVE('',#4863,(#4867,#4874),.PCURVE_S1.);
#4863 = LINE('',#4864,#4865);
#4864 = CARTESIAN_POINT('',(-0.125,1.35,0.2));
#4865 = VECTOR('',#4866,1.);
#4866 = DIRECTION('',(-0.,1.,0.));
#4867 = PCURVE('',#1135,#4868);
#4868 = DEFINITIONAL_REPRESENTATION('',(#4869),#4873);
#4869 = LINE('',#4870,#4871);
#4870 = CARTESIAN_POINT('',(0.2,0.));
#4871 = VECTOR('',#4872,1.);
#4872 = DIRECTION('',(0.,-1.));
#4873 = ( GEOMETRIC_REPRESENTATION_CONTEXT(2) 
PARAMETRIC_REPRESENTATION_CONTEXT() REPRESENTATION_CONTEXT('2D SPACE',''
  ) );
#4874 = PCURVE('',#1107,#4875);
#4875 = DEFINITIONAL_REPRESENTATION('',(#4876),#4880);
#4876 = LINE('',#4877,#4878);
#4877 = CARTESIAN_POINT('',(0.,0.));
#4878 = VECTOR('',#4879,1.);
#4879 = DIRECTION('',(0.,1.));
#4880 = ( GEOMETRIC_REPRESENTATION_CONTEXT(2) 
PARAMETRIC_REPRESENTATION_CONTEXT() REPRESENTATION_CONTEXT('2D SPACE',''
  ) );
#4881 = ADVANCED_FACE('',(#4882),#1107,.F.);
#4882 = FACE_BOUND('',#4883,.F.);
#4883 = EDGE_LOOP('',(#4884,#4885,#4908,#4929));
#4884 = ORIENTED_EDGE('',*,*,#4861,.F.);
#4885 = ORIENTED_EDGE('',*,*,#4886,.T.);
#4886 = EDGE_CURVE('',#4837,#4887,#4889,.T.);
#4887 = VERTEX_POINT('',#4888);
#4888 = CARTESIAN_POINT('',(0.125,1.35,0.2));
#4889 = SURFACE_CURVE('',#4890,(#4894,#4901),.PCURVE_S1.);
#4890 = LINE('',#4891,#4892);
#4891 = CARTESIAN_POINT('',(-0.125,1.35,0.2));
#4892 = VECTOR('',#4893,1.);
#4893 = DIRECTION('',(1.,0.,-0.));
#4894 = PCURVE('',#1107,#4895);
#4895 = DEFINITIONAL_REPRESENTATION('',(#4896),#4900);
#4896 = LINE('',#4897,#4898);
#4897 = CARTESIAN_POINT('',(0.,0.));
#4898 = VECTOR('',#4899,1.);
#4899 = DIRECTION('',(1.,0.));
#4900 = ( GEOMETRIC_REPRESENTATION_CONTEXT(2) 
PARAMETRIC_REPRESENTATION_CONTEXT() REPRESENTATION_CONTEXT('2D SPACE',''
  ) );
#4901 = PCURVE('',#2588,#4902);
#4902 = DEFINITIONAL_REPRESENTATION('',(#4903),#4907);
#4903 = LINE('',#4904,#4905);
#4904 = CARTESIAN_POINT('',(0.2,0.));
#4905 = VECTOR('',#4906,1.);
#4906 = DIRECTION('',(0.,1.));
#4907 = ( GEOMETRIC_REPRESENTATION_CONTEXT(2) 
PARAMETRIC_REPRESENTATION_CONTEXT() REPRESENTATION_CONTEXT('2D SPACE',''
  ) );
#4908 = ORIENTED_EDGE('',*,*,#4909,.T.);
#4909 = EDGE_CURVE('',#4887,#1064,#4910,.T.);
#4910 = SURFACE_CURVE('',#4911,(#4915,#4922),.PCURVE_S1.);
#4911 = LINE('',#4912,#4913);
#4912 = CARTESIAN_POINT('',(0.125,1.35,0.2));
#4913 = VECTOR('',#4914,1.);
#4914 = DIRECTION('',(-0.,1.,0.));
#4915 = PCURVE('',#1107,#4916);
#4916 = DEFINITIONAL_REPRESENTATION('',(#4917),#4921);
#4917 = LINE('',#4918,#4919);
#4918 = CARTESIAN_POINT('',(0.25,0.));
#4919 = VECTOR('',#4920,1.);
#4920 = DIRECTION('',(0.,1.));
#4921 = ( GEOMETRIC_REPRESENTATION_CONTEXT(2) 
PARAMETRIC_REPRESENTATION_CONTEXT() REPRESENTATION_CONTEXT('2D SPACE',''
  ) );
#4922 = PCURVE('',#1079,#4923);
#4923 = DEFINITIONAL_REPRESENTATION('',(#4924),#4928);
#4924 = LINE('',#4925,#4926);
#4925 = CARTESIAN_POINT('',(0.2,0.));
#4926 = VECTOR('',#4927,1.);
#4927 = DIRECTION('',(0.,-1.));
#4928 = ( GEOMETRIC_REPRESENTATION_CONTEXT(2) 
PARAMETRIC_REPRESENTATION_CONTEXT() REPRESENTATION_CONTEXT('2D SPACE',''
  ) );
#4929 = ORIENTED_EDGE('',*,*,#1091,.F.);
#4930 = ADVANCED_FACE('',(#4931),#1079,.F.);
#4931 = FACE_BOUND('',#4932,.F.);
#4932 = EDGE_LOOP('',(#4933,#4954,#4955,#4956));
#4933 = ORIENTED_EDGE('',*,*,#4934,.F.);
#4934 = EDGE_CURVE('',#2553,#4887,#4935,.T.);
#4935 = SURFACE_CURVE('',#4936,(#4940,#4947),.PCURVE_S1.);
#4936 = LINE('',#4937,#4938);
#4937 = CARTESIAN_POINT('',(0.125,1.35,0.));
#4938 = VECTOR('',#4939,1.);
#4939 = DIRECTION('',(0.,0.,1.));
#4940 = PCURVE('',#1079,#4941);
#4941 = DEFINITIONAL_REPRESENTATION('',(#4942),#4946);
#4942 = LINE('',#4943,#4944);
#4943 = CARTESIAN_POINT('',(0.,0.));
#4944 = VECTOR('',#4945,1.);
#4945 = DIRECTION('',(1.,0.));
#4946 = ( GEOMETRIC_REPRESENTATION_CONTEXT(2) 
PARAMETRIC_REPRESENTATION_CONTEXT() REPRESENTATION_CONTEXT('2D SPACE',''
  ) );
#4947 = PCURVE('',#2588,#4948);
#4948 = DEFINITIONAL_REPRESENTATION('',(#4949),#4953);
#4949 = LINE('',#4950,#4951);
#4950 = CARTESIAN_POINT('',(0.,0.25));
#4951 = VECTOR('',#4952,1.);
#4952 = DIRECTION('',(1.,0.));
#4953 = ( GEOMETRIC_REPRESENTATION_CONTEXT(2) 
PARAMETRIC_REPRESENTATION_CONTEXT() REPRESENTATION_CONTEXT('2D SPACE',''
  ) );
#4954 = ORIENTED_EDGE('',*,*,#2552,.T.);
#4955 = ORIENTED_EDGE('',*,*,#1063,.T.);
#4956 = ORIENTED_EDGE('',*,*,#4909,.F.);
#4957 = ADVANCED_FACE('',(#4958),#1028,.T.);
#4958 = FACE_BOUND('',#4959,.T.);
#4959 = EDGE_LOOP('',(#4960,#4983,#4984,#4985));
#4960 = ORIENTED_EDGE('',*,*,#4961,.F.);
#4961 = EDGE_CURVE('',#2507,#4962,#4964,.T.);
#4962 = VERTEX_POINT('',#4963);
#4963 = CARTESIAN_POINT('',(0.375,1.35,0.2));
#4964 = SURFACE_CURVE('',#4965,(#4969,#4976),.PCURVE_S1.);
#4965 = LINE('',#4966,#4967);
#4966 = CARTESIAN_POINT('',(0.375,1.35,0.));
#4967 = VECTOR('',#4968,1.);
#4968 = DIRECTION('',(0.,0.,1.));
#4969 = PCURVE('',#1028,#4970);
#4970 = DEFINITIONAL_REPRESENTATION('',(#4971),#4975);
#4971 = LINE('',#4972,#4973);
#4972 = CARTESIAN_POINT('',(0.,0.));
#4973 = VECTOR('',#4974,1.);
#4974 = DIRECTION('',(1.,0.));
#4975 = ( GEOMETRIC_REPRESENTATION_CONTEXT(2) 
PARAMETRIC_REPRESENTATION_CONTEXT() REPRESENTATION_CONTEXT('2D SPACE',''
  ) );
#4976 = PCURVE('',#2521,#4977);
#4977 = DEFINITIONAL_REPRESENTATION('',(#4978),#4982);
#4978 = LINE('',#4979,#4980);
#4979 = CARTESIAN_POINT('',(0.,0.));
#4980 = VECTOR('',#4981,1.);
#4981 = DIRECTION('',(1.,0.));
#4982 = ( GEOMETRIC_REPRESENTATION_CONTEXT(2) 
PARAMETRIC_REPRESENTATION_CONTEXT() REPRESENTATION_CONTEXT('2D SPACE',''
  ) );
#4983 = ORIENTED_EDGE('',*,*,#2532,.T.);
#4984 = ORIENTED_EDGE('',*,*,#1012,.T.);
#4985 = ORIENTED_EDGE('',*,*,#4986,.F.);
#4986 = EDGE_CURVE('',#4962,#985,#4987,.T.);
#4987 = SURFACE_CURVE('',#4988,(#4992,#4999),.PCURVE_S1.);
#4988 = LINE('',#4989,#4990);
#4989 = CARTESIAN_POINT('',(0.375,1.35,0.2));
#4990 = VECTOR('',#4991,1.);
#4991 = DIRECTION('',(-0.,1.,0.));
#4992 = PCURVE('',#1028,#4993);
#4993 = DEFINITIONAL_REPRESENTATION('',(#4994),#4998);
#4994 = LINE('',#4995,#4996);
#4995 = CARTESIAN_POINT('',(0.2,0.));
#4996 = VECTOR('',#4997,1.);
#4997 = DIRECTION('',(0.,-1.));
#4998 = ( GEOMETRIC_REPRESENTATION_CONTEXT(2) 
PARAMETRIC_REPRESENTATION_CONTEXT() REPRESENTATION_CONTEXT('2D SPACE',''
  ) );
#4999 = PCURVE('',#1000,#5000);
#5000 = DEFINITIONAL_REPRESENTATION('',(#5001),#5005);
#5001 = LINE('',#5002,#5003);
#5002 = CARTESIAN_POINT('',(0.,0.));
#5003 = VECTOR('',#5004,1.);
#5004 = DIRECTION('',(0.,1.));
#5005 = ( GEOMETRIC_REPRESENTATION_CONTEXT(2) 
PARAMETRIC_REPRESENTATION_CONTEXT() REPRESENTATION_CONTEXT('2D SPACE',''
  ) );
#5006 = ADVANCED_FACE('',(#5007),#1000,.F.);
#5007 = FACE_BOUND('',#5008,.F.);
#5008 = EDGE_LOOP('',(#5009,#5010,#5033,#5054));
#5009 = ORIENTED_EDGE('',*,*,#4986,.F.);
#5010 = ORIENTED_EDGE('',*,*,#5011,.T.);
#5011 = EDGE_CURVE('',#4962,#5012,#5014,.T.);
#5012 = VERTEX_POINT('',#5013);
#5013 = CARTESIAN_POINT('',(0.625,1.35,0.2));
#5014 = SURFACE_CURVE('',#5015,(#5019,#5026),.PCURVE_S1.);
#5015 = LINE('',#5016,#5017);
#5016 = CARTESIAN_POINT('',(0.375,1.35,0.2));
#5017 = VECTOR('',#5018,1.);
#5018 = DIRECTION('',(1.,0.,-0.));
#5019 = PCURVE('',#1000,#5020);
#5020 = DEFINITIONAL_REPRESENTATION('',(#5021),#5025);
#5021 = LINE('',#5022,#5023);
#5022 = CARTESIAN_POINT('',(0.,0.));
#5023 = VECTOR('',#5024,1.);
#5024 = DIRECTION('',(1.,0.));
#5025 = ( GEOMETRIC_REPRESENTATION_CONTEXT(2) 
PARAMETRIC_REPRESENTATION_CONTEXT() REPRESENTATION_CONTEXT('2D SPACE',''
  ) );
#5026 = PCURVE('',#2521,#5027);
#5027 = DEFINITIONAL_REPRESENTATION('',(#5028),#5032);
#5028 = LINE('',#5029,#5030);
#5029 = CARTESIAN_POINT('',(0.2,0.));
#5030 = VECTOR('',#5031,1.);
#5031 = DIRECTION('',(0.,1.));
#5032 = ( GEOMETRIC_REPRESENTATION_CONTEXT(2) 
PARAMETRIC_REPRESENTATION_CONTEXT() REPRESENTATION_CONTEXT('2D SPACE',''
  ) );
#5033 = ORIENTED_EDGE('',*,*,#5034,.T.);
#5034 = EDGE_CURVE('',#5012,#957,#5035,.T.);
#5035 = SURFACE_CURVE('',#5036,(#5040,#5047),.PCURVE_S1.);
#5036 = LINE('',#5037,#5038);
#5037 = CARTESIAN_POINT('',(0.625,1.35,0.2));
#5038 = VECTOR('',#5039,1.);
#5039 = DIRECTION('',(-0.,1.,0.));
#5040 = PCURVE('',#1000,#5041);
#5041 = DEFINITIONAL_REPRESENTATION('',(#5042),#5046);
#5042 = LINE('',#5043,#5044);
#5043 = CARTESIAN_POINT('',(0.25,0.));
#5044 = VECTOR('',#5045,1.);
#5045 = DIRECTION('',(0.,1.));
#5046 = ( GEOMETRIC_REPRESENTATION_CONTEXT(2) 
PARAMETRIC_REPRESENTATION_CONTEXT() REPRESENTATION_CONTEXT('2D SPACE',''
  ) );
#5047 = PCURVE('',#972,#5048);
#5048 = DEFINITIONAL_REPRESENTATION('',(#5049),#5053);
#5049 = LINE('',#5050,#5051);
#5050 = CARTESIAN_POINT('',(0.2,0.));
#5051 = VECTOR('',#5052,1.);
#5052 = DIRECTION('',(0.,-1.));
#5053 = ( GEOMETRIC_REPRESENTATION_CONTEXT(2) 
PARAMETRIC_REPRESENTATION_CONTEXT() REPRESENTATION_CONTEXT('2D SPACE',''
  ) );
#5054 = ORIENTED_EDGE('',*,*,#984,.F.);
#5055 = ADVANCED_FACE('',(#5056),#972,.F.);
#5056 = FACE_BOUND('',#5057,.F.);
#5057 = EDGE_LOOP('',(#5058,#5079,#5080,#5081));
#5058 = ORIENTED_EDGE('',*,*,#5059,.F.);
#5059 = EDGE_CURVE('',#2486,#5012,#5060,.T.);
#5060 = SURFACE_CURVE('',#5061,(#5065,#5072),.PCURVE_S1.);
#5061 = LINE('',#5062,#5063);
#5062 = CARTESIAN_POINT('',(0.625,1.35,0.));
#5063 = VECTOR('',#5064,1.);
#5064 = DIRECTION('',(0.,0.,1.));
#5065 = PCURVE('',#972,#5066);
#5066 = DEFINITIONAL_REPRESENTATION('',(#5067),#5071);
#5067 = LINE('',#5068,#5069);
#5068 = CARTESIAN_POINT('',(0.,0.));
#5069 = VECTOR('',#5070,1.);
#5070 = DIRECTION('',(1.,0.));
#5071 = ( GEOMETRIC_REPRESENTATION_CONTEXT(2) 
PARAMETRIC_REPRESENTATION_CONTEXT() REPRESENTATION_CONTEXT('2D SPACE',''
  ) );
#5072 = PCURVE('',#2521,#5073);
#5073 = DEFINITIONAL_REPRESENTATION('',(#5074),#5078);
#5074 = LINE('',#5075,#5076);
#5075 = CARTESIAN_POINT('',(0.,0.25));
#5076 = VECTOR('',#5077,1.);
#5077 = DIRECTION('',(1.,0.));
#5078 = ( GEOMETRIC_REPRESENTATION_CONTEXT(2) 
PARAMETRIC_REPRESENTATION_CONTEXT() REPRESENTATION_CONTEXT('2D SPACE',''
  ) );
#5079 = ORIENTED_EDGE('',*,*,#2485,.T.);
#5080 = ORIENTED_EDGE('',*,*,#956,.T.);
#5081 = ORIENTED_EDGE('',*,*,#5034,.F.);
#5082 = ADVANCED_FACE('',(#5083),#921,.T.);
#5083 = FACE_BOUND('',#5084,.T.);
#5084 = EDGE_LOOP('',(#5085,#5108,#5109,#5110));
#5085 = ORIENTED_EDGE('',*,*,#5086,.F.);
#5086 = EDGE_CURVE('',#2440,#5087,#5089,.T.);
#5087 = VERTEX_POINT('',#5088);
#5088 = CARTESIAN_POINT('',(0.875,1.35,0.2));
#5089 = SURFACE_CURVE('',#5090,(#5094,#5101),.PCURVE_S1.);
#5090 = LINE('',#5091,#5092);
#5091 = CARTESIAN_POINT('',(0.875,1.35,0.));
#5092 = VECTOR('',#5093,1.);
#5093 = DIRECTION('',(0.,0.,1.));
#5094 = PCURVE('',#921,#5095);
#5095 = DEFINITIONAL_REPRESENTATION('',(#5096),#5100);
#5096 = LINE('',#5097,#5098);
#5097 = CARTESIAN_POINT('',(0.,0.));
#5098 = VECTOR('',#5099,1.);
#5099 = DIRECTION('',(1.,0.));
#5100 = ( GEOMETRIC_REPRESENTATION_CONTEXT(2) 
PARAMETRIC_REPRESENTATION_CONTEXT() REPRESENTATION_CONTEXT('2D SPACE',''
  ) );
#5101 = PCURVE('',#2454,#5102);
#5102 = DEFINITIONAL_REPRESENTATION('',(#5103),#5107);
#5103 = LINE('',#5104,#5105);
#5104 = CARTESIAN_POINT('',(0.,0.));
#5105 = VECTOR('',#5106,1.);
#5106 = DIRECTION('',(1.,0.));
#5107 = ( GEOMETRIC_REPRESENTATION_CONTEXT(2) 
PARAMETRIC_REPRESENTATION_CONTEXT() REPRESENTATION_CONTEXT('2D SPACE',''
  ) );
#5108 = ORIENTED_EDGE('',*,*,#2465,.T.);
#5109 = ORIENTED_EDGE('',*,*,#905,.T.);
#5110 = ORIENTED_EDGE('',*,*,#5111,.F.);
#5111 = EDGE_CURVE('',#5087,#878,#5112,.T.);
#5112 = SURFACE_CURVE('',#5113,(#5117,#5124),.PCURVE_S1.);
#5113 = LINE('',#5114,#5115);
#5114 = CARTESIAN_POINT('',(0.875,1.35,0.2));
#5115 = VECTOR('',#5116,1.);
#5116 = DIRECTION('',(-0.,1.,0.));
#5117 = PCURVE('',#921,#5118);
#5118 = DEFINITIONAL_REPRESENTATION('',(#5119),#5123);
#5119 = LINE('',#5120,#5121);
#5120 = CARTESIAN_POINT('',(0.2,0.));
#5121 = VECTOR('',#5122,1.);
#5122 = DIRECTION('',(0.,-1.));
#5123 = ( GEOMETRIC_REPRESENTATION_CONTEXT(2) 
PARAMETRIC_REPRESENTATION_CONTEXT() REPRESENTATION_CONTEXT('2D SPACE',''
  ) );
#5124 = PCURVE('',#893,#5125);
#5125 = DEFINITIONAL_REPRESENTATION('',(#5126),#5130);
#5126 = LINE('',#5127,#5128);
#5127 = CARTESIAN_POINT('',(0.,0.));
#5128 = VECTOR('',#5129,1.);
#5129 = DIRECTION('',(0.,1.));
#5130 = ( GEOMETRIC_REPRESENTATION_CONTEXT(2) 
PARAMETRIC_REPRESENTATION_CONTEXT() REPRESENTATION_CONTEXT('2D SPACE',''
  ) );
#5131 = ADVANCED_FACE('',(#5132),#893,.F.);
#5132 = FACE_BOUND('',#5133,.F.);
#5133 = EDGE_LOOP('',(#5134,#5135,#5158,#5179));
#5134 = ORIENTED_EDGE('',*,*,#5111,.F.);
#5135 = ORIENTED_EDGE('',*,*,#5136,.T.);
#5136 = EDGE_CURVE('',#5087,#5137,#5139,.T.);
#5137 = VERTEX_POINT('',#5138);
#5138 = CARTESIAN_POINT('',(1.125,1.35,0.2));
#5139 = SURFACE_CURVE('',#5140,(#5144,#5151),.PCURVE_S1.);
#5140 = LINE('',#5141,#5142);
#5141 = CARTESIAN_POINT('',(0.875,1.35,0.2));
#5142 = VECTOR('',#5143,1.);
#5143 = DIRECTION('',(1.,0.,-0.));
#5144 = PCURVE('',#893,#5145);
#5145 = DEFINITIONAL_REPRESENTATION('',(#5146),#5150);
#5146 = LINE('',#5147,#5148);
#5147 = CARTESIAN_POINT('',(0.,0.));
#5148 = VECTOR('',#5149,1.);
#5149 = DIRECTION('',(1.,0.));
#5150 = ( GEOMETRIC_REPRESENTATION_CONTEXT(2) 
PARAMETRIC_REPRESENTATION_CONTEXT() REPRESENTATION_CONTEXT('2D SPACE',''
  ) );
#5151 = PCURVE('',#2454,#5152);
#5152 = DEFINITIONAL_REPRESENTATION('',(#5153),#5157);
#5153 = LINE('',#5154,#5155);
#5154 = CARTESIAN_POINT('',(0.2,0.));
#5155 = VECTOR('',#5156,1.);
#5156 = DIRECTION('',(0.,1.));
#5157 = ( GEOMETRIC_REPRESENTATION_CONTEXT(2) 
PARAMETRIC_REPRESENTATION_CONTEXT() REPRESENTATION_CONTEXT('2D SPACE',''
  ) );
#5158 = ORIENTED_EDGE('',*,*,#5159,.T.);
#5159 = EDGE_CURVE('',#5137,#850,#5160,.T.);
#5160 = SURFACE_CURVE('',#5161,(#5165,#5172),.PCURVE_S1.);
#5161 = LINE('',#5162,#5163);
#5162 = CARTESIAN_POINT('',(1.125,1.35,0.2));
#5163 = VECTOR('',#5164,1.);
#5164 = DIRECTION('',(-0.,1.,0.));
#5165 = PCURVE('',#893,#5166);
#5166 = DEFINITIONAL_REPRESENTATION('',(#5167),#5171);
#5167 = LINE('',#5168,#5169);
#5168 = CARTESIAN_POINT('',(0.25,0.));
#5169 = VECTOR('',#5170,1.);
#5170 = DIRECTION('',(0.,1.));
#5171 = ( GEOMETRIC_REPRESENTATION_CONTEXT(2) 
PARAMETRIC_REPRESENTATION_CONTEXT() REPRESENTATION_CONTEXT('2D SPACE',''
  ) );
#5172 = PCURVE('',#865,#5173);
#5173 = DEFINITIONAL_REPRESENTATION('',(#5174),#5178);
#5174 = LINE('',#5175,#5176);
#5175 = CARTESIAN_POINT('',(0.2,0.));
#5176 = VECTOR('',#5177,1.);
#5177 = DIRECTION('',(0.,-1.));
#5178 = ( GEOMETRIC_REPRESENTATION_CONTEXT(2) 
PARAMETRIC_REPRESENTATION_CONTEXT() REPRESENTATION_CONTEXT('2D SPACE',''
  ) );
#5179 = ORIENTED_EDGE('',*,*,#877,.F.);
#5180 = ADVANCED_FACE('',(#5181),#865,.F.);
#5181 = FACE_BOUND('',#5182,.F.);
#5182 = EDGE_LOOP('',(#5183,#5204,#5205,#5206));
#5183 = ORIENTED_EDGE('',*,*,#5184,.F.);
#5184 = EDGE_CURVE('',#2419,#5137,#5185,.T.);
#5185 = SURFACE_CURVE('',#5186,(#5190,#5197),.PCURVE_S1.);
#5186 = LINE('',#5187,#5188);
#5187 = CARTESIAN_POINT('',(1.125,1.35,0.));
#5188 = VECTOR('',#5189,1.);
#5189 = DIRECTION('',(0.,0.,1.));
#5190 = PCURVE('',#865,#5191);
#5191 = DEFINITIONAL_REPRESENTATION('',(#5192),#5196);
#5192 = LINE('',#5193,#5194);
#5193 = CARTESIAN_POINT('',(0.,0.));
#5194 = VECTOR('',#5195,1.);
#5195 = DIRECTION('',(1.,0.));
#5196 = ( GEOMETRIC_REPRESENTATION_CONTEXT(2) 
PARAMETRIC_REPRESENTATION_CONTEXT() REPRESENTATION_CONTEXT('2D SPACE',''
  ) );
#5197 = PCURVE('',#2454,#5198);
#5198 = DEFINITIONAL_REPRESENTATION('',(#5199),#5203);
#5199 = LINE('',#5200,#5201);
#5200 = CARTESIAN_POINT('',(0.,0.25));
#5201 = VECTOR('',#5202,1.);
#5202 = DIRECTION('',(1.,0.));
#5203 = ( GEOMETRIC_REPRESENTATION_CONTEXT(2) 
PARAMETRIC_REPRESENTATION_CONTEXT() REPRESENTATION_CONTEXT('2D SPACE',''
  ) );
#5204 = ORIENTED_EDGE('',*,*,#2418,.T.);
#5205 = ORIENTED_EDGE('',*,*,#849,.T.);
#5206 = ORIENTED_EDGE('',*,*,#5159,.F.);
#5207 = ADVANCED_FACE('',(#5208),#1401,.T.);
#5208 = FACE_BOUND('',#5209,.T.);
#5209 = EDGE_LOOP('',(#5210,#5211,#5212,#5235));
#5210 = ORIENTED_EDGE('',*,*,#4190,.F.);
#5211 = ORIENTED_EDGE('',*,*,#1386,.T.);
#5212 = ORIENTED_EDGE('',*,*,#5213,.T.);
#5213 = EDGE_CURVE('',#1387,#5214,#5216,.T.);
#5214 = VERTEX_POINT('',#5215);
#5215 = CARTESIAN_POINT('',(-1.125,-1.35,0.2));
#5216 = SURFACE_CURVE('',#5217,(#5221,#5228),.PCURVE_S1.);
#5217 = LINE('',#5218,#5219);
#5218 = CARTESIAN_POINT('',(-1.125,-1.35,0.));
#5219 = VECTOR('',#5220,1.);
#5220 = DIRECTION('',(0.,0.,1.));
#5221 = PCURVE('',#1401,#5222);
#5222 = DEFINITIONAL_REPRESENTATION('',(#5223),#5227);
#5223 = LINE('',#5224,#5225);
#5224 = CARTESIAN_POINT('',(0.,-0.4));
#5225 = VECTOR('',#5226,1.);
#5226 = DIRECTION('',(1.,0.));
#5227 = ( GEOMETRIC_REPRESENTATION_CONTEXT(2) 
PARAMETRIC_REPRESENTATION_CONTEXT() REPRESENTATION_CONTEXT('2D SPACE',''
  ) );
#5228 = PCURVE('',#1427,#5229);
#5229 = DEFINITIONAL_REPRESENTATION('',(#5230),#5234);
#5230 = LINE('',#5231,#5232);
#5231 = CARTESIAN_POINT('',(0.,0.));
#5232 = VECTOR('',#5233,1.);
#5233 = DIRECTION('',(1.,0.));
#5234 = ( GEOMETRIC_REPRESENTATION_CONTEXT(2) 
PARAMETRIC_REPRESENTATION_CONTEXT() REPRESENTATION_CONTEXT('2D SPACE',''
  ) );
#5235 = ORIENTED_EDGE('',*,*,#5236,.F.);
#5236 = EDGE_CURVE('',#4163,#5214,#5237,.T.);
#5237 = SURFACE_CURVE('',#5238,(#5242,#5249),.PCURVE_S1.);
#5238 = LINE('',#5239,#5240);
#5239 = CARTESIAN_POINT('',(-1.125,-1.75,0.2));
#5240 = VECTOR('',#5241,1.);
#5241 = DIRECTION('',(-0.,1.,0.));
#5242 = PCURVE('',#1401,#5243);
#5243 = DEFINITIONAL_REPRESENTATION('',(#5244),#5248);
#5244 = LINE('',#5245,#5246);
#5245 = CARTESIAN_POINT('',(0.2,0.));
#5246 = VECTOR('',#5247,1.);
#5247 = DIRECTION('',(0.,-1.));
#5248 = ( GEOMETRIC_REPRESENTATION_CONTEXT(2) 
PARAMETRIC_REPRESENTATION_CONTEXT() REPRESENTATION_CONTEXT('2D SPACE',''
  ) );
#5249 = PCURVE('',#4178,#5250);
#5250 = DEFINITIONAL_REPRESENTATION('',(#5251),#5255);
#5251 = LINE('',#5252,#5253);
#5252 = CARTESIAN_POINT('',(0.,0.));
#5253 = VECTOR('',#5254,1.);
#5254 = DIRECTION('',(0.,1.));
#5255 = ( GEOMETRIC_REPRESENTATION_CONTEXT(2) 
PARAMETRIC_REPRESENTATION_CONTEXT() REPRESENTATION_CONTEXT('2D SPACE',''
  ) );
#5256 = ADVANCED_FACE('',(#5257),#3058,.F.);
#5257 = FACE_BOUND('',#5258,.F.);
#5258 = EDGE_LOOP('',(#5259,#5260,#5261,#5262));
#5259 = ORIENTED_EDGE('',*,*,#3795,.F.);
#5260 = ORIENTED_EDGE('',*,*,#3043,.T.);
#5261 = ORIENTED_EDGE('',*,*,#3697,.T.);
#5262 = ORIENTED_EDGE('',*,*,#3770,.F.);
#5263 = ADVANCED_FACE('',(#5264),#1427,.F.);
#5264 = FACE_BOUND('',#5265,.F.);
#5265 = EDGE_LOOP('',(#5266,#5289,#5290,#5291));
#5266 = ORIENTED_EDGE('',*,*,#5267,.F.);
#5267 = EDGE_CURVE('',#1413,#5268,#5270,.T.);
#5268 = VERTEX_POINT('',#5269);
#5269 = CARTESIAN_POINT('',(-0.875,-1.35,0.2));
#5270 = SURFACE_CURVE('',#5271,(#5275,#5282),.PCURVE_S1.);
#5271 = LINE('',#5272,#5273);
#5272 = CARTESIAN_POINT('',(-0.875,-1.35,0.));
#5273 = VECTOR('',#5274,1.);
#5274 = DIRECTION('',(0.,0.,1.));
#5275 = PCURVE('',#1427,#5276);
#5276 = DEFINITIONAL_REPRESENTATION('',(#5277),#5281);
#5277 = LINE('',#5278,#5279);
#5278 = CARTESIAN_POINT('',(0.,0.25));
#5279 = VECTOR('',#5280,1.);
#5280 = DIRECTION('',(1.,0.));
#5281 = ( GEOMETRIC_REPRESENTATION_CONTEXT(2) 
PARAMETRIC_REPRESENTATION_CONTEXT() REPRESENTATION_CONTEXT('2D SPACE',''
  ) );
#5282 = PCURVE('',#1453,#5283);
#5283 = DEFINITIONAL_REPRESENTATION('',(#5284),#5288);
#5284 = LINE('',#5285,#5286);
#5285 = CARTESIAN_POINT('',(0.,-0.4));
#5286 = VECTOR('',#5287,1.);
#5287 = DIRECTION('',(1.,0.));
#5288 = ( GEOMETRIC_REPRESENTATION_CONTEXT(2) 
PARAMETRIC_REPRESENTATION_CONTEXT() REPRESENTATION_CONTEXT('2D SPACE',''
  ) );
#5289 = ORIENTED_EDGE('',*,*,#1412,.T.);
#5290 = ORIENTED_EDGE('',*,*,#5213,.T.);
#5291 = ORIENTED_EDGE('',*,*,#5292,.T.);
#5292 = EDGE_CURVE('',#5214,#5268,#5293,.T.);
#5293 = SURFACE_CURVE('',#5294,(#5298,#5305),.PCURVE_S1.);
#5294 = LINE('',#5295,#5296);
#5295 = CARTESIAN_POINT('',(-1.125,-1.35,0.2));
#5296 = VECTOR('',#5297,1.);
#5297 = DIRECTION('',(1.,0.,-0.));
#5298 = PCURVE('',#1427,#5299);
#5299 = DEFINITIONAL_REPRESENTATION('',(#5300),#5304);
#5300 = LINE('',#5301,#5302);
#5301 = CARTESIAN_POINT('',(0.2,0.));
#5302 = VECTOR('',#5303,1.);
#5303 = DIRECTION('',(0.,1.));
#5304 = ( GEOMETRIC_REPRESENTATION_CONTEXT(2) 
PARAMETRIC_REPRESENTATION_CONTEXT() REPRESENTATION_CONTEXT('2D SPACE',''
  ) );
#5305 = PCURVE('',#4178,#5306);
#5306 = DEFINITIONAL_REPRESENTATION('',(#5307),#5311);
#5307 = LINE('',#5308,#5309);
#5308 = CARTESIAN_POINT('',(0.,0.4));
#5309 = VECTOR('',#5310,1.);
#5310 = DIRECTION('',(1.,0.));
#5311 = ( GEOMETRIC_REPRESENTATION_CONTEXT(2) 
PARAMETRIC_REPRESENTATION_CONTEXT() REPRESENTATION_CONTEXT('2D SPACE',''
  ) );
#5312 = ADVANCED_FACE('',(#5313),#1453,.F.);
#5313 = FACE_BOUND('',#5314,.F.);
#5314 = EDGE_LOOP('',(#5315,#5316,#5317,#5318));
#5315 = ORIENTED_EDGE('',*,*,#4139,.F.);
#5316 = ORIENTED_EDGE('',*,*,#1438,.T.);
#5317 = ORIENTED_EDGE('',*,*,#5267,.T.);
#5318 = ORIENTED_EDGE('',*,*,#5319,.F.);
#5319 = EDGE_CURVE('',#4140,#5268,#5320,.T.);
#5320 = SURFACE_CURVE('',#5321,(#5325,#5332),.PCURVE_S1.);
#5321 = LINE('',#5322,#5323);
#5322 = CARTESIAN_POINT('',(-0.875,-1.75,0.2));
#5323 = VECTOR('',#5324,1.);
#5324 = DIRECTION('',(-0.,1.,0.));
#5325 = PCURVE('',#1453,#5326);
#5326 = DEFINITIONAL_REPRESENTATION('',(#5327),#5331);
#5327 = LINE('',#5328,#5329);
#5328 = CARTESIAN_POINT('',(0.2,0.));
#5329 = VECTOR('',#5330,1.);
#5330 = DIRECTION('',(0.,-1.));
#5331 = ( GEOMETRIC_REPRESENTATION_CONTEXT(2) 
PARAMETRIC_REPRESENTATION_CONTEXT() REPRESENTATION_CONTEXT('2D SPACE',''
  ) );
#5332 = PCURVE('',#4178,#5333);
#5333 = DEFINITIONAL_REPRESENTATION('',(#5334),#5338);
#5334 = LINE('',#5335,#5336);
#5335 = CARTESIAN_POINT('',(0.25,0.));
#5336 = VECTOR('',#5337,1.);
#5337 = DIRECTION('',(0.,1.));
#5338 = ( GEOMETRIC_REPRESENTATION_CONTEXT(2) 
PARAMETRIC_REPRESENTATION_CONTEXT() REPRESENTATION_CONTEXT('2D SPACE',''
  ) );
#5339 = ADVANCED_FACE('',(#5340),#1502,.T.);
#5340 = FACE_BOUND('',#5341,.T.);
#5341 = EDGE_LOOP('',(#5342,#5343,#5344,#5367));
#5342 = ORIENTED_EDGE('',*,*,#4117,.F.);
#5343 = ORIENTED_EDGE('',*,*,#1487,.T.);
#5344 = ORIENTED_EDGE('',*,*,#5345,.T.);
#5345 = EDGE_CURVE('',#1488,#5346,#5348,.T.);
#5346 = VERTEX_POINT('',#5347);
#5347 = CARTESIAN_POINT('',(-0.625,-1.35,0.2));
#5348 = SURFACE_CURVE('',#5349,(#5353,#5360),.PCURVE_S1.);
#5349 = LINE('',#5350,#5351);
#5350 = CARTESIAN_POINT('',(-0.625,-1.35,0.));
#5351 = VECTOR('',#5352,1.);
#5352 = DIRECTION('',(0.,0.,1.));
#5353 = PCURVE('',#1502,#5354);
#5354 = DEFINITIONAL_REPRESENTATION('',(#5355),#5359);
#5355 = LINE('',#5356,#5357);
#5356 = CARTESIAN_POINT('',(0.,-0.4));
#5357 = VECTOR('',#5358,1.);
#5358 = DIRECTION('',(1.,0.));
#5359 = ( GEOMETRIC_REPRESENTATION_CONTEXT(2) 
PARAMETRIC_REPRESENTATION_CONTEXT() REPRESENTATION_CONTEXT('2D SPACE',''
  ) );
#5360 = PCURVE('',#1528,#5361);
#5361 = DEFINITIONAL_REPRESENTATION('',(#5362),#5366);
#5362 = LINE('',#5363,#5364);
#5363 = CARTESIAN_POINT('',(0.,0.));
#5364 = VECTOR('',#5365,1.);
#5365 = DIRECTION('',(1.,0.));
#5366 = ( GEOMETRIC_REPRESENTATION_CONTEXT(2) 
PARAMETRIC_REPRESENTATION_CONTEXT() REPRESENTATION_CONTEXT('2D SPACE',''
  ) );
#5367 = ORIENTED_EDGE('',*,*,#5368,.F.);
#5368 = EDGE_CURVE('',#4090,#5346,#5369,.T.);
#5369 = SURFACE_CURVE('',#5370,(#5374,#5381),.PCURVE_S1.);
#5370 = LINE('',#5371,#5372);
#5371 = CARTESIAN_POINT('',(-0.625,-1.75,0.2));
#5372 = VECTOR('',#5373,1.);
#5373 = DIRECTION('',(-0.,1.,0.));
#5374 = PCURVE('',#1502,#5375);
#5375 = DEFINITIONAL_REPRESENTATION('',(#5376),#5380);
#5376 = LINE('',#5377,#5378);
#5377 = CARTESIAN_POINT('',(0.2,0.));
#5378 = VECTOR('',#5379,1.);
#5379 = DIRECTION('',(0.,-1.));
#5380 = ( GEOMETRIC_REPRESENTATION_CONTEXT(2) 
PARAMETRIC_REPRESENTATION_CONTEXT() REPRESENTATION_CONTEXT('2D SPACE',''
  ) );
#5381 = PCURVE('',#4105,#5382);
#5382 = DEFINITIONAL_REPRESENTATION('',(#5383),#5387);
#5383 = LINE('',#5384,#5385);
#5384 = CARTESIAN_POINT('',(0.,0.));
#5385 = VECTOR('',#5386,1.);
#5386 = DIRECTION('',(0.,1.));
#5387 = ( GEOMETRIC_REPRESENTATION_CONTEXT(2) 
PARAMETRIC_REPRESENTATION_CONTEXT() REPRESENTATION_CONTEXT('2D SPACE',''
  ) );
#5388 = ADVANCED_FACE('',(#5389),#2991,.F.);
#5389 = FACE_BOUND('',#5390,.F.);
#5390 = EDGE_LOOP('',(#5391,#5392,#5393,#5394));
#5391 = ORIENTED_EDGE('',*,*,#3670,.F.);
#5392 = ORIENTED_EDGE('',*,*,#2976,.T.);
#5393 = ORIENTED_EDGE('',*,*,#3572,.T.);
#5394 = ORIENTED_EDGE('',*,*,#3645,.F.);
#5395 = ADVANCED_FACE('',(#5396),#1528,.F.);
#5396 = FACE_BOUND('',#5397,.F.);
#5397 = EDGE_LOOP('',(#5398,#5421,#5422,#5423));
#5398 = ORIENTED_EDGE('',*,*,#5399,.F.);
#5399 = EDGE_CURVE('',#1514,#5400,#5402,.T.);
#5400 = VERTEX_POINT('',#5401);
#5401 = CARTESIAN_POINT('',(-0.375,-1.35,0.2));
#5402 = SURFACE_CURVE('',#5403,(#5407,#5414),.PCURVE_S1.);
#5403 = LINE('',#5404,#5405);
#5404 = CARTESIAN_POINT('',(-0.375,-1.35,0.));
#5405 = VECTOR('',#5406,1.);
#5406 = DIRECTION('',(0.,0.,1.));
#5407 = PCURVE('',#1528,#5408);
#5408 = DEFINITIONAL_REPRESENTATION('',(#5409),#5413);
#5409 = LINE('',#5410,#5411);
#5410 = CARTESIAN_POINT('',(0.,0.25));
#5411 = VECTOR('',#5412,1.);
#5412 = DIRECTION('',(1.,0.));
#5413 = ( GEOMETRIC_REPRESENTATION_CONTEXT(2) 
PARAMETRIC_REPRESENTATION_CONTEXT() REPRESENTATION_CONTEXT('2D SPACE',''
  ) );
#5414 = PCURVE('',#1554,#5415);
#5415 = DEFINITIONAL_REPRESENTATION('',(#5416),#5420);
#5416 = LINE('',#5417,#5418);
#5417 = CARTESIAN_POINT('',(0.,-0.4));
#5418 = VECTOR('',#5419,1.);
#5419 = DIRECTION('',(1.,0.));
#5420 = ( GEOMETRIC_REPRESENTATION_CONTEXT(2) 
PARAMETRIC_REPRESENTATION_CONTEXT() REPRESENTATION_CONTEXT('2D SPACE',''
  ) );
#5421 = ORIENTED_EDGE('',*,*,#1513,.T.);
#5422 = ORIENTED_EDGE('',*,*,#5345,.T.);
#5423 = ORIENTED_EDGE('',*,*,#5424,.T.);
#5424 = EDGE_CURVE('',#5346,#5400,#5425,.T.);
#5425 = SURFACE_CURVE('',#5426,(#5430,#5437),.PCURVE_S1.);
#5426 = LINE('',#5427,#5428);
#5427 = CARTESIAN_POINT('',(-0.625,-1.35,0.2));
#5428 = VECTOR('',#5429,1.);
#5429 = DIRECTION('',(1.,0.,-0.));
#5430 = PCURVE('',#1528,#5431);
#5431 = DEFINITIONAL_REPRESENTATION('',(#5432),#5436);
#5432 = LINE('',#5433,#5434);
#5433 = CARTESIAN_POINT('',(0.2,0.));
#5434 = VECTOR('',#5435,1.);
#5435 = DIRECTION('',(0.,1.));
#5436 = ( GEOMETRIC_REPRESENTATION_CONTEXT(2) 
PARAMETRIC_REPRESENTATION_CONTEXT() REPRESENTATION_CONTEXT('2D SPACE',''
  ) );
#5437 = PCURVE('',#4105,#5438);
#5438 = DEFINITIONAL_REPRESENTATION('',(#5439),#5443);
#5439 = LINE('',#5440,#5441);
#5440 = CARTESIAN_POINT('',(0.,0.4));
#5441 = VECTOR('',#5442,1.);
#5442 = DIRECTION('',(1.,0.));
#5443 = ( GEOMETRIC_REPRESENTATION_CONTEXT(2) 
PARAMETRIC_REPRESENTATION_CONTEXT() REPRESENTATION_CONTEXT('2D SPACE',''
  ) );
#5444 = ADVANCED_FACE('',(#5445),#1554,.F.);
#5445 = FACE_BOUND('',#5446,.F.);
#5446 = EDGE_LOOP('',(#5447,#5448,#5449,#5450));
#5447 = ORIENTED_EDGE('',*,*,#4066,.F.);
#5448 = ORIENTED_EDGE('',*,*,#1539,.T.);
#5449 = ORIENTED_EDGE('',*,*,#5399,.T.);
#5450 = ORIENTED_EDGE('',*,*,#5451,.F.);
#5451 = EDGE_CURVE('',#4067,#5400,#5452,.T.);
#5452 = SURFACE_CURVE('',#5453,(#5457,#5464),.PCURVE_S1.);
#5453 = LINE('',#5454,#5455);
#5454 = CARTESIAN_POINT('',(-0.375,-1.75,0.2));
#5455 = VECTOR('',#5456,1.);
#5456 = DIRECTION('',(-0.,1.,0.));
#5457 = PCURVE('',#1554,#5458);
#5458 = DEFINITIONAL_REPRESENTATION('',(#5459),#5463);
#5459 = LINE('',#5460,#5461);
#5460 = CARTESIAN_POINT('',(0.2,0.));
#5461 = VECTOR('',#5462,1.);
#5462 = DIRECTION('',(0.,-1.));
#5463 = ( GEOMETRIC_REPRESENTATION_CONTEXT(2) 
PARAMETRIC_REPRESENTATION_CONTEXT() REPRESENTATION_CONTEXT('2D SPACE',''
  ) );
#5464 = PCURVE('',#4105,#5465);
#5465 = DEFINITIONAL_REPRESENTATION('',(#5466),#5470);
#5466 = LINE('',#5467,#5468);
#5467 = CARTESIAN_POINT('',(0.25,0.));
#5468 = VECTOR('',#5469,1.);
#5469 = DIRECTION('',(0.,1.));
#5470 = ( GEOMETRIC_REPRESENTATION_CONTEXT(2) 
PARAMETRIC_REPRESENTATION_CONTEXT() REPRESENTATION_CONTEXT('2D SPACE',''
  ) );
#5471 = ADVANCED_FACE('',(#5472),#1603,.T.);
#5472 = FACE_BOUND('',#5473,.T.);
#5473 = EDGE_LOOP('',(#5474,#5475,#5476,#5499));
#5474 = ORIENTED_EDGE('',*,*,#4044,.F.);
#5475 = ORIENTED_EDGE('',*,*,#1588,.T.);
#5476 = ORIENTED_EDGE('',*,*,#5477,.T.);
#5477 = EDGE_CURVE('',#1589,#5478,#5480,.T.);
#5478 = VERTEX_POINT('',#5479);
#5479 = CARTESIAN_POINT('',(-0.125,-1.35,0.2));
#5480 = SURFACE_CURVE('',#5481,(#5485,#5492),.PCURVE_S1.);
#5481 = LINE('',#5482,#5483);
#5482 = CARTESIAN_POINT('',(-0.125,-1.35,0.));
#5483 = VECTOR('',#5484,1.);
#5484 = DIRECTION('',(0.,0.,1.));
#5485 = PCURVE('',#1603,#5486);
#5486 = DEFINITIONAL_REPRESENTATION('',(#5487),#5491);
#5487 = LINE('',#5488,#5489);
#5488 = CARTESIAN_POINT('',(0.,-0.4));
#5489 = VECTOR('',#5490,1.);
#5490 = DIRECTION('',(1.,0.));
#5491 = ( GEOMETRIC_REPRESENTATION_CONTEXT(2) 
PARAMETRIC_REPRESENTATION_CONTEXT() REPRESENTATION_CONTEXT('2D SPACE',''
  ) );
#5492 = PCURVE('',#1629,#5493);
#5493 = DEFINITIONAL_REPRESENTATION('',(#5494),#5498);
#5494 = LINE('',#5495,#5496);
#5495 = CARTESIAN_POINT('',(0.,0.));
#5496 = VECTOR('',#5497,1.);
#5497 = DIRECTION('',(1.,0.));
#5498 = ( GEOMETRIC_REPRESENTATION_CONTEXT(2) 
PARAMETRIC_REPRESENTATION_CONTEXT() REPRESENTATION_CONTEXT('2D SPACE',''
  ) );
#5499 = ORIENTED_EDGE('',*,*,#5500,.F.);
#5500 = EDGE_CURVE('',#4017,#5478,#5501,.T.);
#5501 = SURFACE_CURVE('',#5502,(#5506,#5513),.PCURVE_S1.);
#5502 = LINE('',#5503,#5504);
#5503 = CARTESIAN_POINT('',(-0.125,-1.75,0.2));
#5504 = VECTOR('',#5505,1.);
#5505 = DIRECTION('',(-0.,1.,0.));
#5506 = PCURVE('',#1603,#5507);
#5507 = DEFINITIONAL_REPRESENTATION('',(#5508),#5512);
#5508 = LINE('',#5509,#5510);
#5509 = CARTESIAN_POINT('',(0.2,0.));
#5510 = VECTOR('',#5511,1.);
#5511 = DIRECTION('',(0.,-1.));
#5512 = ( GEOMETRIC_REPRESENTATION_CONTEXT(2) 
PARAMETRIC_REPRESENTATION_CONTEXT() REPRESENTATION_CONTEXT('2D SPACE',''
  ) );
#5513 = PCURVE('',#4032,#5514);
#5514 = DEFINITIONAL_REPRESENTATION('',(#5515),#5519);
#5515 = LINE('',#5516,#5517);
#5516 = CARTESIAN_POINT('',(0.,0.));
#5517 = VECTOR('',#5518,1.);
#5518 = DIRECTION('',(0.,1.));
#5519 = ( GEOMETRIC_REPRESENTATION_CONTEXT(2) 
PARAMETRIC_REPRESENTATION_CONTEXT() REPRESENTATION_CONTEXT('2D SPACE',''
  ) );
#5520 = ADVANCED_FACE('',(#5521),#2924,.F.);
#5521 = FACE_BOUND('',#5522,.F.);
#5522 = EDGE_LOOP('',(#5523,#5524,#5525,#5526));
#5523 = ORIENTED_EDGE('',*,*,#3545,.F.);
#5524 = ORIENTED_EDGE('',*,*,#2909,.T.);
#5525 = ORIENTED_EDGE('',*,*,#3447,.T.);
#5526 = ORIENTED_EDGE('',*,*,#3520,.F.);
#5527 = ADVANCED_FACE('',(#5528),#1629,.F.);
#5528 = FACE_BOUND('',#5529,.F.);
#5529 = EDGE_LOOP('',(#5530,#5553,#5554,#5555));
#5530 = ORIENTED_EDGE('',*,*,#5531,.F.);
#5531 = EDGE_CURVE('',#1615,#5532,#5534,.T.);
#5532 = VERTEX_POINT('',#5533);
#5533 = CARTESIAN_POINT('',(0.125,-1.35,0.2));
#5534 = SURFACE_CURVE('',#5535,(#5539,#5546),.PCURVE_S1.);
#5535 = LINE('',#5536,#5537);
#5536 = CARTESIAN_POINT('',(0.125,-1.35,0.));
#5537 = VECTOR('',#5538,1.);
#5538 = DIRECTION('',(0.,0.,1.));
#5539 = PCURVE('',#1629,#5540);
#5540 = DEFINITIONAL_REPRESENTATION('',(#5541),#5545);
#5541 = LINE('',#5542,#5543);
#5542 = CARTESIAN_POINT('',(0.,0.25));
#5543 = VECTOR('',#5544,1.);
#5544 = DIRECTION('',(1.,0.));
#5545 = ( GEOMETRIC_REPRESENTATION_CONTEXT(2) 
PARAMETRIC_REPRESENTATION_CONTEXT() REPRESENTATION_CONTEXT('2D SPACE',''
  ) );
#5546 = PCURVE('',#1655,#5547);
#5547 = DEFINITIONAL_REPRESENTATION('',(#5548),#5552);
#5548 = LINE('',#5549,#5550);
#5549 = CARTESIAN_POINT('',(0.,-0.4));
#5550 = VECTOR('',#5551,1.);
#5551 = DIRECTION('',(1.,0.));
#5552 = ( GEOMETRIC_REPRESENTATION_CONTEXT(2) 
PARAMETRIC_REPRESENTATION_CONTEXT() REPRESENTATION_CONTEXT('2D SPACE',''
  ) );
#5553 = ORIENTED_EDGE('',*,*,#1614,.T.);
#5554 = ORIENTED_EDGE('',*,*,#5477,.T.);
#5555 = ORIENTED_EDGE('',*,*,#5556,.T.);
#5556 = EDGE_CURVE('',#5478,#5532,#5557,.T.);
#5557 = SURFACE_CURVE('',#5558,(#5562,#5569),.PCURVE_S1.);
#5558 = LINE('',#5559,#5560);
#5559 = CARTESIAN_POINT('',(-0.125,-1.35,0.2));
#5560 = VECTOR('',#5561,1.);
#5561 = DIRECTION('',(1.,0.,-0.));
#5562 = PCURVE('',#1629,#5563);
#5563 = DEFINITIONAL_REPRESENTATION('',(#5564),#5568);
#5564 = LINE('',#5565,#5566);
#5565 = CARTESIAN_POINT('',(0.2,0.));
#5566 = VECTOR('',#5567,1.);
#5567 = DIRECTION('',(0.,1.));
#5568 = ( GEOMETRIC_REPRESENTATION_CONTEXT(2) 
PARAMETRIC_REPRESENTATION_CONTEXT() REPRESENTATION_CONTEXT('2D SPACE',''
  ) );
#5569 = PCURVE('',#4032,#5570);
#5570 = DEFINITIONAL_REPRESENTATION('',(#5571),#5575);
#5571 = LINE('',#5572,#5573);
#5572 = CARTESIAN_POINT('',(0.,0.4));
#5573 = VECTOR('',#5574,1.);
#5574 = DIRECTION('',(1.,0.));
#5575 = ( GEOMETRIC_REPRESENTATION_CONTEXT(2) 
PARAMETRIC_REPRESENTATION_CONTEXT() REPRESENTATION_CONTEXT('2D SPACE',''
  ) );
#5576 = ADVANCED_FACE('',(#5577),#1655,.F.);
#5577 = FACE_BOUND('',#5578,.F.);
#5578 = EDGE_LOOP('',(#5579,#5580,#5581,#5582));
#5579 = ORIENTED_EDGE('',*,*,#3993,.F.);
#5580 = ORIENTED_EDGE('',*,*,#1640,.T.);
#5581 = ORIENTED_EDGE('',*,*,#5531,.T.);
#5582 = ORIENTED_EDGE('',*,*,#5583,.F.);
#5583 = EDGE_CURVE('',#3994,#5532,#5584,.T.);
#5584 = SURFACE_CURVE('',#5585,(#5589,#5596),.PCURVE_S1.);
#5585 = LINE('',#5586,#5587);
#5586 = CARTESIAN_POINT('',(0.125,-1.75,0.2));
#5587 = VECTOR('',#5588,1.);
#5588 = DIRECTION('',(-0.,1.,0.));
#5589 = PCURVE('',#1655,#5590);
#5590 = DEFINITIONAL_REPRESENTATION('',(#5591),#5595);
#5591 = LINE('',#5592,#5593);
#5592 = CARTESIAN_POINT('',(0.2,0.));
#5593 = VECTOR('',#5594,1.);
#5594 = DIRECTION('',(0.,-1.));
#5595 = ( GEOMETRIC_REPRESENTATION_CONTEXT(2) 
PARAMETRIC_REPRESENTATION_CONTEXT() REPRESENTATION_CONTEXT('2D SPACE',''
  ) );
#5596 = PCURVE('',#4032,#5597);
#5597 = DEFINITIONAL_REPRESENTATION('',(#5598),#5602);
#5598 = LINE('',#5599,#5600);
#5599 = CARTESIAN_POINT('',(0.25,0.));
#5600 = VECTOR('',#5601,1.);
#5601 = DIRECTION('',(0.,1.));
#5602 = ( GEOMETRIC_REPRESENTATION_CONTEXT(2) 
PARAMETRIC_REPRESENTATION_CONTEXT() REPRESENTATION_CONTEXT('2D SPACE',''
  ) );
#5603 = ADVANCED_FACE('',(#5604),#1704,.T.);
#5604 = FACE_BOUND('',#5605,.T.);
#5605 = EDGE_LOOP('',(#5606,#5607,#5608,#5631));
#5606 = ORIENTED_EDGE('',*,*,#3971,.F.);
#5607 = ORIENTED_EDGE('',*,*,#1689,.T.);
#5608 = ORIENTED_EDGE('',*,*,#5609,.T.);
#5609 = EDGE_CURVE('',#1690,#5610,#5612,.T.);
#5610 = VERTEX_POINT('',#5611);
#5611 = CARTESIAN_POINT('',(0.375,-1.35,0.2));
#5612 = SURFACE_CURVE('',#5613,(#5617,#5624),.PCURVE_S1.);
#5613 = LINE('',#5614,#5615);
#5614 = CARTESIAN_POINT('',(0.375,-1.35,0.));
#5615 = VECTOR('',#5616,1.);
#5616 = DIRECTION('',(0.,0.,1.));
#5617 = PCURVE('',#1704,#5618);
#5618 = DEFINITIONAL_REPRESENTATION('',(#5619),#5623);
#5619 = LINE('',#5620,#5621);
#5620 = CARTESIAN_POINT('',(0.,-0.4));
#5621 = VECTOR('',#5622,1.);
#5622 = DIRECTION('',(1.,0.));
#5623 = ( GEOMETRIC_REPRESENTATION_CONTEXT(2) 
PARAMETRIC_REPRESENTATION_CONTEXT() REPRESENTATION_CONTEXT('2D SPACE',''
  ) );
#5624 = PCURVE('',#1730,#5625);
#5625 = DEFINITIONAL_REPRESENTATION('',(#5626),#5630);
#5626 = LINE('',#5627,#5628);
#5627 = CARTESIAN_POINT('',(0.,0.));
#5628 = VECTOR('',#5629,1.);
#5629 = DIRECTION('',(1.,0.));
#5630 = ( GEOMETRIC_REPRESENTATION_CONTEXT(2) 
PARAMETRIC_REPRESENTATION_CONTEXT() REPRESENTATION_CONTEXT('2D SPACE',''
  ) );
#5631 = ORIENTED_EDGE('',*,*,#5632,.F.);
#5632 = EDGE_CURVE('',#3944,#5610,#5633,.T.);
#5633 = SURFACE_CURVE('',#5634,(#5638,#5645),.PCURVE_S1.);
#5634 = LINE('',#5635,#5636);
#5635 = CARTESIAN_POINT('',(0.375,-1.75,0.2));
#5636 = VECTOR('',#5637,1.);
#5637 = DIRECTION('',(-0.,1.,0.));
#5638 = PCURVE('',#1704,#5639);
#5639 = DEFINITIONAL_REPRESENTATION('',(#5640),#5644);
#5640 = LINE('',#5641,#5642);
#5641 = CARTESIAN_POINT('',(0.2,0.));
#5642 = VECTOR('',#5643,1.);
#5643 = DIRECTION('',(0.,-1.));
#5644 = ( GEOMETRIC_REPRESENTATION_CONTEXT(2) 
PARAMETRIC_REPRESENTATION_CONTEXT() REPRESENTATION_CONTEXT('2D SPACE',''
  ) );
#5645 = PCURVE('',#3959,#5646);
#5646 = DEFINITIONAL_REPRESENTATION('',(#5647),#5651);
#5647 = LINE('',#5648,#5649);
#5648 = CARTESIAN_POINT('',(0.,0.));
#5649 = VECTOR('',#5650,1.);
#5650 = DIRECTION('',(0.,1.));
#5651 = ( GEOMETRIC_REPRESENTATION_CONTEXT(2) 
PARAMETRIC_REPRESENTATION_CONTEXT() REPRESENTATION_CONTEXT('2D SPACE',''
  ) );
#5652 = ADVANCED_FACE('',(#5653),#2857,.F.);
#5653 = FACE_BOUND('',#5654,.F.);
#5654 = EDGE_LOOP('',(#5655,#5656,#5657,#5658));
#5655 = ORIENTED_EDGE('',*,*,#3420,.F.);
#5656 = ORIENTED_EDGE('',*,*,#2842,.T.);
#5657 = ORIENTED_EDGE('',*,*,#3322,.T.);
#5658 = ORIENTED_EDGE('',*,*,#3395,.F.);
#5659 = ADVANCED_FACE('',(#5660),#1730,.F.);
#5660 = FACE_BOUND('',#5661,.F.);
#5661 = EDGE_LOOP('',(#5662,#5685,#5686,#5687));
#5662 = ORIENTED_EDGE('',*,*,#5663,.F.);
#5663 = EDGE_CURVE('',#1716,#5664,#5666,.T.);
#5664 = VERTEX_POINT('',#5665);
#5665 = CARTESIAN_POINT('',(0.625,-1.35,0.2));
#5666 = SURFACE_CURVE('',#5667,(#5671,#5678),.PCURVE_S1.);
#5667 = LINE('',#5668,#5669);
#5668 = CARTESIAN_POINT('',(0.625,-1.35,0.));
#5669 = VECTOR('',#5670,1.);
#5670 = DIRECTION('',(0.,0.,1.));
#5671 = PCURVE('',#1730,#5672);
#5672 = DEFINITIONAL_REPRESENTATION('',(#5673),#5677);
#5673 = LINE('',#5674,#5675);
#5674 = CARTESIAN_POINT('',(0.,0.25));
#5675 = VECTOR('',#5676,1.);
#5676 = DIRECTION('',(1.,0.));
#5677 = ( GEOMETRIC_REPRESENTATION_CONTEXT(2) 
PARAMETRIC_REPRESENTATION_CONTEXT() REPRESENTATION_CONTEXT('2D SPACE',''
  ) );
#5678 = PCURVE('',#1756,#5679);
#5679 = DEFINITIONAL_REPRESENTATION('',(#5680),#5684);
#5680 = LINE('',#5681,#5682);
#5681 = CARTESIAN_POINT('',(0.,-0.4));
#5682 = VECTOR('',#5683,1.);
#5683 = DIRECTION('',(1.,0.));
#5684 = ( GEOMETRIC_REPRESENTATION_CONTEXT(2) 
PARAMETRIC_REPRESENTATION_CONTEXT() REPRESENTATION_CONTEXT('2D SPACE',''
  ) );
#5685 = ORIENTED_EDGE('',*,*,#1715,.T.);
#5686 = ORIENTED_EDGE('',*,*,#5609,.T.);
#5687 = ORIENTED_EDGE('',*,*,#5688,.T.);
#5688 = EDGE_CURVE('',#5610,#5664,#5689,.T.);
#5689 = SURFACE_CURVE('',#5690,(#5694,#5701),.PCURVE_S1.);
#5690 = LINE('',#5691,#5692);
#5691 = CARTESIAN_POINT('',(0.375,-1.35,0.2));
#5692 = VECTOR('',#5693,1.);
#5693 = DIRECTION('',(1.,0.,-0.));
#5694 = PCURVE('',#1730,#5695);
#5695 = DEFINITIONAL_REPRESENTATION('',(#5696),#5700);
#5696 = LINE('',#5697,#5698);
#5697 = CARTESIAN_POINT('',(0.2,0.));
#5698 = VECTOR('',#5699,1.);
#5699 = DIRECTION('',(0.,1.));
#5700 = ( GEOMETRIC_REPRESENTATION_CONTEXT(2) 
PARAMETRIC_REPRESENTATION_CONTEXT() REPRESENTATION_CONTEXT('2D SPACE',''
  ) );
#5701 = PCURVE('',#3959,#5702);
#5702 = DEFINITIONAL_REPRESENTATION('',(#5703),#5707);
#5703 = LINE('',#5704,#5705);
#5704 = CARTESIAN_POINT('',(0.,0.4));
#5705 = VECTOR('',#5706,1.);
#5706 = DIRECTION('',(1.,0.));
#5707 = ( GEOMETRIC_REPRESENTATION_CONTEXT(2) 
PARAMETRIC_REPRESENTATION_CONTEXT() REPRESENTATION_CONTEXT('2D SPACE',''
  ) );
#5708 = ADVANCED_FACE('',(#5709),#1756,.F.);
#5709 = FACE_BOUND('',#5710,.F.);
#5710 = EDGE_LOOP('',(#5711,#5712,#5713,#5714));
#5711 = ORIENTED_EDGE('',*,*,#3920,.F.);
#5712 = ORIENTED_EDGE('',*,*,#1741,.T.);
#5713 = ORIENTED_EDGE('',*,*,#5663,.T.);
#5714 = ORIENTED_EDGE('',*,*,#5715,.F.);
#5715 = EDGE_CURVE('',#3921,#5664,#5716,.T.);
#5716 = SURFACE_CURVE('',#5717,(#5721,#5728),.PCURVE_S1.);
#5717 = LINE('',#5718,#5719);
#5718 = CARTESIAN_POINT('',(0.625,-1.75,0.2));
#5719 = VECTOR('',#5720,1.);
#5720 = DIRECTION('',(-0.,1.,0.));
#5721 = PCURVE('',#1756,#5722);
#5722 = DEFINITIONAL_REPRESENTATION('',(#5723),#5727);
#5723 = LINE('',#5724,#5725);
#5724 = CARTESIAN_POINT('',(0.2,0.));
#5725 = VECTOR('',#5726,1.);
#5726 = DIRECTION('',(0.,-1.));
#5727 = ( GEOMETRIC_REPRESENTATION_CONTEXT(2) 
PARAMETRIC_REPRESENTATION_CONTEXT() REPRESENTATION_CONTEXT('2D SPACE',''
  ) );
#5728 = PCURVE('',#3959,#5729);
#5729 = DEFINITIONAL_REPRESENTATION('',(#5730),#5734);
#5730 = LINE('',#5731,#5732);
#5731 = CARTESIAN_POINT('',(0.25,0.));
#5732 = VECTOR('',#5733,1.);
#5733 = DIRECTION('',(0.,1.));
#5734 = ( GEOMETRIC_REPRESENTATION_CONTEXT(2) 
PARAMETRIC_REPRESENTATION_CONTEXT() REPRESENTATION_CONTEXT('2D SPACE',''
  ) );
#5735 = ADVANCED_FACE('',(#5736),#1805,.T.);
#5736 = FACE_BOUND('',#5737,.T.);
#5737 = EDGE_LOOP('',(#5738,#5739,#5740,#5763));
#5738 = ORIENTED_EDGE('',*,*,#3898,.F.);
#5739 = ORIENTED_EDGE('',*,*,#1790,.T.);
#5740 = ORIENTED_EDGE('',*,*,#5741,.T.);
#5741 = EDGE_CURVE('',#1791,#5742,#5744,.T.);
#5742 = VERTEX_POINT('',#5743);
#5743 = CARTESIAN_POINT('',(0.875,-1.35,0.2));
#5744 = SURFACE_CURVE('',#5745,(#5749,#5756),.PCURVE_S1.);
#5745 = LINE('',#5746,#5747);
#5746 = CARTESIAN_POINT('',(0.875,-1.35,0.));
#5747 = VECTOR('',#5748,1.);
#5748 = DIRECTION('',(0.,0.,1.));
#5749 = PCURVE('',#1805,#5750);
#5750 = DEFINITIONAL_REPRESENTATION('',(#5751),#5755);
#5751 = LINE('',#5752,#5753);
#5752 = CARTESIAN_POINT('',(0.,-0.4));
#5753 = VECTOR('',#5754,1.);
#5754 = DIRECTION('',(1.,0.));
#5755 = ( GEOMETRIC_REPRESENTATION_CONTEXT(2) 
PARAMETRIC_REPRESENTATION_CONTEXT() REPRESENTATION_CONTEXT('2D SPACE',''
  ) );
#5756 = PCURVE('',#1831,#5757);
#5757 = DEFINITIONAL_REPRESENTATION('',(#5758),#5762);
#5758 = LINE('',#5759,#5760);
#5759 = CARTESIAN_POINT('',(0.,0.));
#5760 = VECTOR('',#5761,1.);
#5761 = DIRECTION('',(1.,0.));
#5762 = ( GEOMETRIC_REPRESENTATION_CONTEXT(2) 
PARAMETRIC_REPRESENTATION_CONTEXT() REPRESENTATION_CONTEXT('2D SPACE',''
  ) );
#5763 = ORIENTED_EDGE('',*,*,#5764,.F.);
#5764 = EDGE_CURVE('',#3871,#5742,#5765,.T.);
#5765 = SURFACE_CURVE('',#5766,(#5770,#5777),.PCURVE_S1.);
#5766 = LINE('',#5767,#5768);
#5767 = CARTESIAN_POINT('',(0.875,-1.75,0.2));
#5768 = VECTOR('',#5769,1.);
#5769 = DIRECTION('',(-0.,1.,0.));
#5770 = PCURVE('',#1805,#5771);
#5771 = DEFINITIONAL_REPRESENTATION('',(#5772),#5776);
#5772 = LINE('',#5773,#5774);
#5773 = CARTESIAN_POINT('',(0.2,0.));
#5774 = VECTOR('',#5775,1.);
#5775 = DIRECTION('',(0.,-1.));
#5776 = ( GEOMETRIC_REPRESENTATION_CONTEXT(2) 
PARAMETRIC_REPRESENTATION_CONTEXT() REPRESENTATION_CONTEXT('2D SPACE',''
  ) );
#5777 = PCURVE('',#3886,#5778);
#5778 = DEFINITIONAL_REPRESENTATION('',(#5779),#5783);
#5779 = LINE('',#5780,#5781);
#5780 = CARTESIAN_POINT('',(0.,0.));
#5781 = VECTOR('',#5782,1.);
#5782 = DIRECTION('',(0.,1.));
#5783 = ( GEOMETRIC_REPRESENTATION_CONTEXT(2) 
PARAMETRIC_REPRESENTATION_CONTEXT() REPRESENTATION_CONTEXT('2D SPACE',''
  ) );
#5784 = ADVANCED_FACE('',(#5785),#2790,.F.);
#5785 = FACE_BOUND('',#5786,.F.);
#5786 = EDGE_LOOP('',(#5787,#5788,#5789,#5790));
#5787 = ORIENTED_EDGE('',*,*,#3295,.F.);
#5788 = ORIENTED_EDGE('',*,*,#2775,.T.);
#5789 = ORIENTED_EDGE('',*,*,#3197,.T.);
#5790 = ORIENTED_EDGE('',*,*,#3270,.F.);
#5791 = ADVANCED_FACE('',(#5792),#1831,.F.);
#5792 = FACE_BOUND('',#5793,.F.);
#5793 = EDGE_LOOP('',(#5794,#5817,#5818,#5819));
#5794 = ORIENTED_EDGE('',*,*,#5795,.F.);
#5795 = EDGE_CURVE('',#1817,#5796,#5798,.T.);
#5796 = VERTEX_POINT('',#5797);
#5797 = CARTESIAN_POINT('',(1.125,-1.35,0.2));
#5798 = SURFACE_CURVE('',#5799,(#5803,#5810),.PCURVE_S1.);
#5799 = LINE('',#5800,#5801);
#5800 = CARTESIAN_POINT('',(1.125,-1.35,0.));
#5801 = VECTOR('',#5802,1.);
#5802 = DIRECTION('',(0.,0.,1.));
#5803 = PCURVE('',#1831,#5804);
#5804 = DEFINITIONAL_REPRESENTATION('',(#5805),#5809);
#5805 = LINE('',#5806,#5807);
#5806 = CARTESIAN_POINT('',(0.,0.25));
#5807 = VECTOR('',#5808,1.);
#5808 = DIRECTION('',(1.,0.));
#5809 = ( GEOMETRIC_REPRESENTATION_CONTEXT(2) 
PARAMETRIC_REPRESENTATION_CONTEXT() REPRESENTATION_CONTEXT('2D SPACE',''
  ) );
#5810 = PCURVE('',#1857,#5811);
#5811 = DEFINITIONAL_REPRESENTATION('',(#5812),#5816);
#5812 = LINE('',#5813,#5814);
#5813 = CARTESIAN_POINT('',(0.,-0.4));
#5814 = VECTOR('',#5815,1.);
#5815 = DIRECTION('',(1.,0.));
#5816 = ( GEOMETRIC_REPRESENTATION_CONTEXT(2) 
PARAMETRIC_REPRESENTATION_CONTEXT() REPRESENTATION_CONTEXT('2D SPACE',''
  ) );
#5817 = ORIENTED_EDGE('',*,*,#1816,.T.);
#5818 = ORIENTED_EDGE('',*,*,#5741,.T.);
#5819 = ORIENTED_EDGE('',*,*,#5820,.T.);
#5820 = EDGE_CURVE('',#5742,#5796,#5821,.T.);
#5821 = SURFACE_CURVE('',#5822,(#5826,#5833),.PCURVE_S1.);
#5822 = LINE('',#5823,#5824);
#5823 = CARTESIAN_POINT('',(0.875,-1.35,0.2));
#5824 = VECTOR('',#5825,1.);
#5825 = DIRECTION('',(1.,0.,-0.));
#5826 = PCURVE('',#1831,#5827);
#5827 = DEFINITIONAL_REPRESENTATION('',(#5828),#5832);
#5828 = LINE('',#5829,#5830);
#5829 = CARTESIAN_POINT('',(0.2,0.));
#5830 = VECTOR('',#5831,1.);
#5831 = DIRECTION('',(0.,1.));
#5832 = ( GEOMETRIC_REPRESENTATION_CONTEXT(2) 
PARAMETRIC_REPRESENTATION_CONTEXT() REPRESENTATION_CONTEXT('2D SPACE',''
  ) );
#5833 = PCURVE('',#3886,#5834);
#5834 = DEFINITIONAL_REPRESENTATION('',(#5835),#5839);
#5835 = LINE('',#5836,#5837);
#5836 = CARTESIAN_POINT('',(0.,0.4));
#5837 = VECTOR('',#5838,1.);
#5838 = DIRECTION('',(1.,0.));
#5839 = ( GEOMETRIC_REPRESENTATION_CONTEXT(2) 
PARAMETRIC_REPRESENTATION_CONTEXT() REPRESENTATION_CONTEXT('2D SPACE',''
  ) );
#5840 = ADVANCED_FACE('',(#5841),#1857,.F.);
#5841 = FACE_BOUND('',#5842,.F.);
#5842 = EDGE_LOOP('',(#5843,#5844,#5845,#5846));
#5843 = ORIENTED_EDGE('',*,*,#3847,.F.);
#5844 = ORIENTED_EDGE('',*,*,#1842,.T.);
#5845 = ORIENTED_EDGE('',*,*,#5795,.T.);
#5846 = ORIENTED_EDGE('',*,*,#5847,.F.);
#5847 = EDGE_CURVE('',#3848,#5796,#5848,.T.);
#5848 = SURFACE_CURVE('',#5849,(#5853,#5860),.PCURVE_S1.);
#5849 = LINE('',#5850,#5851);
#5850 = CARTESIAN_POINT('',(1.125,-1.75,0.2));
#5851 = VECTOR('',#5852,1.);
#5852 = DIRECTION('',(-0.,1.,0.));
#5853 = PCURVE('',#1857,#5854);
#5854 = DEFINITIONAL_REPRESENTATION('',(#5855),#5859);
#5855 = LINE('',#5856,#5857);
#5856 = CARTESIAN_POINT('',(0.2,0.));
#5857 = VECTOR('',#5858,1.);
#5858 = DIRECTION('',(0.,-1.));
#5859 = ( GEOMETRIC_REPRESENTATION_CONTEXT(2) 
PARAMETRIC_REPRESENTATION_CONTEXT() REPRESENTATION_CONTEXT('2D SPACE',''
  ) );
#5860 = PCURVE('',#3886,#5861);
#5861 = DEFINITIONAL_REPRESENTATION('',(#5862),#5866);
#5862 = LINE('',#5863,#5864);
#5863 = CARTESIAN_POINT('',(0.25,0.));
#5864 = VECTOR('',#5865,1.);
#5865 = DIRECTION('',(0.,1.));
#5866 = ( GEOMETRIC_REPRESENTATION_CONTEXT(2) 
PARAMETRIC_REPRESENTATION_CONTEXT() REPRESENTATION_CONTEXT('2D SPACE',''
  ) );
#5867 = ADVANCED_FACE('',(#5868),#1929,.T.);
#5868 = FACE_BOUND('',#5869,.T.);
#5869 = EDGE_LOOP('',(#5870,#5871,#5872,#5895));
#5870 = ORIENTED_EDGE('',*,*,#4217,.F.);
#5871 = ORIENTED_EDGE('',*,*,#1914,.T.);
#5872 = ORIENTED_EDGE('',*,*,#5873,.T.);
#5873 = EDGE_CURVE('',#1915,#5874,#5876,.T.);
#5874 = VERTEX_POINT('',#5875);
#5875 = CARTESIAN_POINT('',(1.35,-1.125,0.2));
#5876 = SURFACE_CURVE('',#5877,(#5881,#5888),.PCURVE_S1.);
#5877 = LINE('',#5878,#5879);
#5878 = CARTESIAN_POINT('',(1.35,-1.125,0.));
#5879 = VECTOR('',#5880,1.);
#5880 = DIRECTION('',(0.,0.,1.));
#5881 = PCURVE('',#1929,#5882);
#5882 = DEFINITIONAL_REPRESENTATION('',(#5883),#5887);
#5883 = LINE('',#5884,#5885);
#5884 = CARTESIAN_POINT('',(0.,0.));
#5885 = VECTOR('',#5886,1.);
#5886 = DIRECTION('',(1.,0.));
#5887 = ( GEOMETRIC_REPRESENTATION_CONTEXT(2) 
PARAMETRIC_REPRESENTATION_CONTEXT() REPRESENTATION_CONTEXT('2D SPACE',''
  ) );
#5888 = PCURVE('',#1955,#5889);
#5889 = DEFINITIONAL_REPRESENTATION('',(#5890),#5894);
#5890 = LINE('',#5891,#5892);
#5891 = CARTESIAN_POINT('',(0.,0.));
#5892 = VECTOR('',#5893,1.);
#5893 = DIRECTION('',(1.,0.));
#5894 = ( GEOMETRIC_REPRESENTATION_CONTEXT(2) 
PARAMETRIC_REPRESENTATION_CONTEXT() REPRESENTATION_CONTEXT('2D SPACE',''
  ) );
#5895 = ORIENTED_EDGE('',*,*,#5896,.T.);
#5896 = EDGE_CURVE('',#5874,#4218,#5897,.T.);
#5897 = SURFACE_CURVE('',#5898,(#5902,#5909),.PCURVE_S1.);
#5898 = LINE('',#5899,#5900);
#5899 = CARTESIAN_POINT('',(1.35,-1.125,0.2));
#5900 = VECTOR('',#5901,1.);
#5901 = DIRECTION('',(1.,0.,-0.));
#5902 = PCURVE('',#1929,#5903);
#5903 = DEFINITIONAL_REPRESENTATION('',(#5904),#5908);
#5904 = LINE('',#5905,#5906);
#5905 = CARTESIAN_POINT('',(0.2,0.));
#5906 = VECTOR('',#5907,1.);
#5907 = DIRECTION('',(0.,1.));
#5908 = ( GEOMETRIC_REPRESENTATION_CONTEXT(2) 
PARAMETRIC_REPRESENTATION_CONTEXT() REPRESENTATION_CONTEXT('2D SPACE',''
  ) );
#5909 = PCURVE('',#4256,#5910);
#5910 = DEFINITIONAL_REPRESENTATION('',(#5911),#5915);
#5911 = LINE('',#5912,#5913);
#5912 = CARTESIAN_POINT('',(0.,0.));
#5913 = VECTOR('',#5914,1.);
#5914 = DIRECTION('',(1.,0.));
#5915 = ( GEOMETRIC_REPRESENTATION_CONTEXT(2) 
PARAMETRIC_REPRESENTATION_CONTEXT() REPRESENTATION_CONTEXT('2D SPACE',''
  ) );
#5916 = ADVANCED_FACE('',(#5917),#2722,.T.);
#5917 = FACE_BOUND('',#5918,.T.);
#5918 = EDGE_LOOP('',(#5919,#5920,#5921,#5922));
#5919 = ORIENTED_EDGE('',*,*,#4684,.F.);
#5920 = ORIENTED_EDGE('',*,*,#2707,.T.);
#5921 = ORIENTED_EDGE('',*,*,#4586,.T.);
#5922 = ORIENTED_EDGE('',*,*,#4636,.T.);
#5923 = ADVANCED_FACE('',(#5924),#1955,.T.);
#5924 = FACE_BOUND('',#5925,.T.);
#5925 = EDGE_LOOP('',(#5926,#5927,#5928,#5951));
#5926 = ORIENTED_EDGE('',*,*,#5873,.F.);
#5927 = ORIENTED_EDGE('',*,*,#1940,.T.);
#5928 = ORIENTED_EDGE('',*,*,#5929,.T.);
#5929 = EDGE_CURVE('',#1941,#5930,#5932,.T.);
#5930 = VERTEX_POINT('',#5931);
#5931 = CARTESIAN_POINT('',(1.35,-0.875,0.2));
#5932 = SURFACE_CURVE('',#5933,(#5937,#5944),.PCURVE_S1.);
#5933 = LINE('',#5934,#5935);
#5934 = CARTESIAN_POINT('',(1.35,-0.875,0.));
#5935 = VECTOR('',#5936,1.);
#5936 = DIRECTION('',(0.,0.,1.));
#5937 = PCURVE('',#1955,#5938);
#5938 = DEFINITIONAL_REPRESENTATION('',(#5939),#5943);
#5939 = LINE('',#5940,#5941);
#5940 = CARTESIAN_POINT('',(0.,-0.25));
#5941 = VECTOR('',#5942,1.);
#5942 = DIRECTION('',(1.,0.));
#5943 = ( GEOMETRIC_REPRESENTATION_CONTEXT(2) 
PARAMETRIC_REPRESENTATION_CONTEXT() REPRESENTATION_CONTEXT('2D SPACE',''
  ) );
#5944 = PCURVE('',#1981,#5945);
#5945 = DEFINITIONAL_REPRESENTATION('',(#5946),#5950);
#5946 = LINE('',#5947,#5948);
#5947 = CARTESIAN_POINT('',(0.,0.));
#5948 = VECTOR('',#5949,1.);
#5949 = DIRECTION('',(1.,0.));
#5950 = ( GEOMETRIC_REPRESENTATION_CONTEXT(2) 
PARAMETRIC_REPRESENTATION_CONTEXT() REPRESENTATION_CONTEXT('2D SPACE',''
  ) );
#5951 = ORIENTED_EDGE('',*,*,#5952,.F.);
#5952 = EDGE_CURVE('',#5874,#5930,#5953,.T.);
#5953 = SURFACE_CURVE('',#5954,(#5958,#5965),.PCURVE_S1.);
#5954 = LINE('',#5955,#5956);
#5955 = CARTESIAN_POINT('',(1.35,-1.125,0.2));
#5956 = VECTOR('',#5957,1.);
#5957 = DIRECTION('',(-0.,1.,0.));
#5958 = PCURVE('',#1955,#5959);
#5959 = DEFINITIONAL_REPRESENTATION('',(#5960),#5964);
#5960 = LINE('',#5961,#5962);
#5961 = CARTESIAN_POINT('',(0.2,0.));
#5962 = VECTOR('',#5963,1.);
#5963 = DIRECTION('',(0.,-1.));
#5964 = ( GEOMETRIC_REPRESENTATION_CONTEXT(2) 
PARAMETRIC_REPRESENTATION_CONTEXT() REPRESENTATION_CONTEXT('2D SPACE',''
  ) );
#5965 = PCURVE('',#4256,#5966);
#5966 = DEFINITIONAL_REPRESENTATION('',(#5967),#5971);
#5967 = LINE('',#5968,#5969);
#5968 = CARTESIAN_POINT('',(0.,0.));
#5969 = VECTOR('',#5970,1.);
#5970 = DIRECTION('',(0.,1.));
#5971 = ( GEOMETRIC_REPRESENTATION_CONTEXT(2) 
PARAMETRIC_REPRESENTATION_CONTEXT() REPRESENTATION_CONTEXT('2D SPACE',''
  ) );
#5972 = ADVANCED_FACE('',(#5973),#1981,.F.);
#5973 = FACE_BOUND('',#5974,.F.);
#5974 = EDGE_LOOP('',(#5975,#5976,#5977,#5978));
#5975 = ORIENTED_EDGE('',*,*,#4268,.F.);
#5976 = ORIENTED_EDGE('',*,*,#1966,.T.);
#5977 = ORIENTED_EDGE('',*,*,#5929,.T.);
#5978 = ORIENTED_EDGE('',*,*,#5979,.T.);
#5979 = EDGE_CURVE('',#5930,#4241,#5980,.T.);
#5980 = SURFACE_CURVE('',#5981,(#5985,#5992),.PCURVE_S1.);
#5981 = LINE('',#5982,#5983);
#5982 = CARTESIAN_POINT('',(1.35,-0.875,0.2));
#5983 = VECTOR('',#5984,1.);
#5984 = DIRECTION('',(1.,0.,-0.));
#5985 = PCURVE('',#1981,#5986);
#5986 = DEFINITIONAL_REPRESENTATION('',(#5987),#5991);
#5987 = LINE('',#5988,#5989);
#5988 = CARTESIAN_POINT('',(0.2,0.));
#5989 = VECTOR('',#5990,1.);
#5990 = DIRECTION('',(0.,1.));
#5991 = ( GEOMETRIC_REPRESENTATION_CONTEXT(2) 
PARAMETRIC_REPRESENTATION_CONTEXT() REPRESENTATION_CONTEXT('2D SPACE',''
  ) );
#5992 = PCURVE('',#4256,#5993);
#5993 = DEFINITIONAL_REPRESENTATION('',(#5994),#5998);
#5994 = LINE('',#5995,#5996);
#5995 = CARTESIAN_POINT('',(0.,0.25));
#5996 = VECTOR('',#5997,1.);
#5997 = DIRECTION('',(1.,0.));
#5998 = ( GEOMETRIC_REPRESENTATION_CONTEXT(2) 
PARAMETRIC_REPRESENTATION_CONTEXT() REPRESENTATION_CONTEXT('2D SPACE',''
  ) );
#5999 = ADVANCED_FACE('',(#6000),#2030,.T.);
#6000 = FACE_BOUND('',#6001,.T.);
#6001 = EDGE_LOOP('',(#6002,#6003,#6004,#6027));
#6002 = ORIENTED_EDGE('',*,*,#4290,.F.);
#6003 = ORIENTED_EDGE('',*,*,#2015,.T.);
#6004 = ORIENTED_EDGE('',*,*,#6005,.T.);
#6005 = EDGE_CURVE('',#2016,#6006,#6008,.T.);
#6006 = VERTEX_POINT('',#6007);
#6007 = CARTESIAN_POINT('',(1.35,-0.625,0.2));
#6008 = SURFACE_CURVE('',#6009,(#6013,#6020),.PCURVE_S1.);
#6009 = LINE('',#6010,#6011);
#6010 = CARTESIAN_POINT('',(1.35,-0.625,0.));
#6011 = VECTOR('',#6012,1.);
#6012 = DIRECTION('',(0.,0.,1.));
#6013 = PCURVE('',#2030,#6014);
#6014 = DEFINITIONAL_REPRESENTATION('',(#6015),#6019);
#6015 = LINE('',#6016,#6017);
#6016 = CARTESIAN_POINT('',(0.,0.));
#6017 = VECTOR('',#6018,1.);
#6018 = DIRECTION('',(1.,0.));
#6019 = ( GEOMETRIC_REPRESENTATION_CONTEXT(2) 
PARAMETRIC_REPRESENTATION_CONTEXT() REPRESENTATION_CONTEXT('2D SPACE',''
  ) );
#6020 = PCURVE('',#2056,#6021);
#6021 = DEFINITIONAL_REPRESENTATION('',(#6022),#6026);
#6022 = LINE('',#6023,#6024);
#6023 = CARTESIAN_POINT('',(0.,0.));
#6024 = VECTOR('',#6025,1.);
#6025 = DIRECTION('',(1.,0.));
#6026 = ( GEOMETRIC_REPRESENTATION_CONTEXT(2) 
PARAMETRIC_REPRESENTATION_CONTEXT() REPRESENTATION_CONTEXT('2D SPACE',''
  ) );
#6027 = ORIENTED_EDGE('',*,*,#6028,.T.);
#6028 = EDGE_CURVE('',#6006,#4291,#6029,.T.);
#6029 = SURFACE_CURVE('',#6030,(#6034,#6041),.PCURVE_S1.);
#6030 = LINE('',#6031,#6032);
#6031 = CARTESIAN_POINT('',(1.35,-0.625,0.2));
#6032 = VECTOR('',#6033,1.);
#6033 = DIRECTION('',(1.,0.,-0.));
#6034 = PCURVE('',#2030,#6035);
#6035 = DEFINITIONAL_REPRESENTATION('',(#6036),#6040);
#6036 = LINE('',#6037,#6038);
#6037 = CARTESIAN_POINT('',(0.2,0.));
#6038 = VECTOR('',#6039,1.);
#6039 = DIRECTION('',(0.,1.));
#6040 = ( GEOMETRIC_REPRESENTATION_CONTEXT(2) 
PARAMETRIC_REPRESENTATION_CONTEXT() REPRESENTATION_CONTEXT('2D SPACE',''
  ) );
#6041 = PCURVE('',#4329,#6042);
#6042 = DEFINITIONAL_REPRESENTATION('',(#6043),#6047);
#6043 = LINE('',#6044,#6045);
#6044 = CARTESIAN_POINT('',(0.,0.));
#6045 = VECTOR('',#6046,1.);
#6046 = DIRECTION('',(1.,0.));
#6047 = ( GEOMETRIC_REPRESENTATION_CONTEXT(2) 
PARAMETRIC_REPRESENTATION_CONTEXT() REPRESENTATION_CONTEXT('2D SPACE',''
  ) );
#6048 = ADVANCED_FACE('',(#6049),#2655,.T.);
#6049 = FACE_BOUND('',#6050,.T.);
#6050 = EDGE_LOOP('',(#6051,#6052,#6053,#6054));
#6051 = ORIENTED_EDGE('',*,*,#4809,.F.);
#6052 = ORIENTED_EDGE('',*,*,#2640,.T.);
#6053 = ORIENTED_EDGE('',*,*,#4711,.T.);
#6054 = ORIENTED_EDGE('',*,*,#4761,.T.);
#6055 = ADVANCED_FACE('',(#6056),#2056,.T.);
#6056 = FACE_BOUND('',#6057,.T.);
#6057 = EDGE_LOOP('',(#6058,#6059,#6060,#6083));
#6058 = ORIENTED_EDGE('',*,*,#6005,.F.);
#6059 = ORIENTED_EDGE('',*,*,#2041,.T.);
#6060 = ORIENTED_EDGE('',*,*,#6061,.T.);
#6061 = EDGE_CURVE('',#2042,#6062,#6064,.T.);
#6062 = VERTEX_POINT('',#6063);
#6063 = CARTESIAN_POINT('',(1.35,-0.375,0.2));
#6064 = SURFACE_CURVE('',#6065,(#6069,#6076),.PCURVE_S1.);
#6065 = LINE('',#6066,#6067);
#6066 = CARTESIAN_POINT('',(1.35,-0.375,0.));
#6067 = VECTOR('',#6068,1.);
#6068 = DIRECTION('',(0.,0.,1.));
#6069 = PCURVE('',#2056,#6070);
#6070 = DEFINITIONAL_REPRESENTATION('',(#6071),#6075);
#6071 = LINE('',#6072,#6073);
#6072 = CARTESIAN_POINT('',(0.,-0.25));
#6073 = VECTOR('',#6074,1.);
#6074 = DIRECTION('',(1.,0.));
#6075 = ( GEOMETRIC_REPRESENTATION_CONTEXT(2) 
PARAMETRIC_REPRESENTATION_CONTEXT() REPRESENTATION_CONTEXT('2D SPACE',''
  ) );
#6076 = PCURVE('',#2082,#6077);
#6077 = DEFINITIONAL_REPRESENTATION('',(#6078),#6082);
#6078 = LINE('',#6079,#6080);
#6079 = CARTESIAN_POINT('',(0.,0.));
#6080 = VECTOR('',#6081,1.);
#6081 = DIRECTION('',(1.,0.));
#6082 = ( GEOMETRIC_REPRESENTATION_CONTEXT(2) 
PARAMETRIC_REPRESENTATION_CONTEXT() REPRESENTATION_CONTEXT('2D SPACE',''
  ) );
#6083 = ORIENTED_EDGE('',*,*,#6084,.F.);
#6084 = EDGE_CURVE('',#6006,#6062,#6085,.T.);
#6085 = SURFACE_CURVE('',#6086,(#6090,#6097),.PCURVE_S1.);
#6086 = LINE('',#6087,#6088);
#6087 = CARTESIAN_POINT('',(1.35,-0.625,0.2));
#6088 = VECTOR('',#6089,1.);
#6089 = DIRECTION('',(-0.,1.,0.));
#6090 = PCURVE('',#2056,#6091);
#6091 = DEFINITIONAL_REPRESENTATION('',(#6092),#6096);
#6092 = LINE('',#6093,#6094);
#6093 = CARTESIAN_POINT('',(0.2,0.));
#6094 = VECTOR('',#6095,1.);
#6095 = DIRECTION('',(0.,-1.));
#6096 = ( GEOMETRIC_REPRESENTATION_CONTEXT(2) 
PARAMETRIC_REPRESENTATION_CONTEXT() REPRESENTATION_CONTEXT('2D SPACE',''
  ) );
#6097 = PCURVE('',#4329,#6098);
#6098 = DEFINITIONAL_REPRESENTATION('',(#6099),#6103);
#6099 = LINE('',#6100,#6101);
#6100 = CARTESIAN_POINT('',(0.,0.));
#6101 = VECTOR('',#6102,1.);
#6102 = DIRECTION('',(0.,1.));
#6103 = ( GEOMETRIC_REPRESENTATION_CONTEXT(2) 
PARAMETRIC_REPRESENTATION_CONTEXT() REPRESENTATION_CONTEXT('2D SPACE',''
  ) );
#6104 = ADVANCED_FACE('',(#6105),#2082,.F.);
#6105 = FACE_BOUND('',#6106,.F.);
#6106 = EDGE_LOOP('',(#6107,#6108,#6109,#6110));
#6107 = ORIENTED_EDGE('',*,*,#4341,.F.);
#6108 = ORIENTED_EDGE('',*,*,#2067,.T.);
#6109 = ORIENTED_EDGE('',*,*,#6061,.T.);
#6110 = ORIENTED_EDGE('',*,*,#6111,.T.);
#6111 = EDGE_CURVE('',#6062,#4314,#6112,.T.);
#6112 = SURFACE_CURVE('',#6113,(#6117,#6124),.PCURVE_S1.);
#6113 = LINE('',#6114,#6115);
#6114 = CARTESIAN_POINT('',(1.35,-0.375,0.2));
#6115 = VECTOR('',#6116,1.);
#6116 = DIRECTION('',(1.,0.,-0.));
#6117 = PCURVE('',#2082,#6118);
#6118 = DEFINITIONAL_REPRESENTATION('',(#6119),#6123);
#6119 = LINE('',#6120,#6121);
#6120 = CARTESIAN_POINT('',(0.2,0.));
#6121 = VECTOR('',#6122,1.);
#6122 = DIRECTION('',(0.,1.));
#6123 = ( GEOMETRIC_REPRESENTATION_CONTEXT(2) 
PARAMETRIC_REPRESENTATION_CONTEXT() REPRESENTATION_CONTEXT('2D SPACE',''
  ) );
#6124 = PCURVE('',#4329,#6125);
#6125 = DEFINITIONAL_REPRESENTATION('',(#6126),#6130);
#6126 = LINE('',#6127,#6128);
#6127 = CARTESIAN_POINT('',(0.,0.25));
#6128 = VECTOR('',#6129,1.);
#6129 = DIRECTION('',(1.,0.));
#6130 = ( GEOMETRIC_REPRESENTATION_CONTEXT(2) 
PARAMETRIC_REPRESENTATION_CONTEXT() REPRESENTATION_CONTEXT('2D SPACE',''
  ) );
#6131 = ADVANCED_FACE('',(#6132),#2131,.T.);
#6132 = FACE_BOUND('',#6133,.T.);
#6133 = EDGE_LOOP('',(#6134,#6135,#6136,#6159));
#6134 = ORIENTED_EDGE('',*,*,#4363,.F.);
#6135 = ORIENTED_EDGE('',*,*,#2116,.T.);
#6136 = ORIENTED_EDGE('',*,*,#6137,.T.);
#6137 = EDGE_CURVE('',#2117,#6138,#6140,.T.);
#6138 = VERTEX_POINT('',#6139);
#6139 = CARTESIAN_POINT('',(1.35,-0.125,0.2));
#6140 = SURFACE_CURVE('',#6141,(#6145,#6152),.PCURVE_S1.);
#6141 = LINE('',#6142,#6143);
#6142 = CARTESIAN_POINT('',(1.35,-0.125,0.));
#6143 = VECTOR('',#6144,1.);
#6144 = DIRECTION('',(0.,0.,1.));
#6145 = PCURVE('',#2131,#6146);
#6146 = DEFINITIONAL_REPRESENTATION('',(#6147),#6151);
#6147 = LINE('',#6148,#6149);
#6148 = CARTESIAN_POINT('',(0.,0.));
#6149 = VECTOR('',#6150,1.);
#6150 = DIRECTION('',(1.,0.));
#6151 = ( GEOMETRIC_REPRESENTATION_CONTEXT(2) 
PARAMETRIC_REPRESENTATION_CONTEXT() REPRESENTATION_CONTEXT('2D SPACE',''
  ) );
#6152 = PCURVE('',#2157,#6153);
#6153 = DEFINITIONAL_REPRESENTATION('',(#6154),#6158);
#6154 = LINE('',#6155,#6156);
#6155 = CARTESIAN_POINT('',(0.,0.));
#6156 = VECTOR('',#6157,1.);
#6157 = DIRECTION('',(1.,0.));
#6158 = ( GEOMETRIC_REPRESENTATION_CONTEXT(2) 
PARAMETRIC_REPRESENTATION_CONTEXT() REPRESENTATION_CONTEXT('2D SPACE',''
  ) );
#6159 = ORIENTED_EDGE('',*,*,#6160,.T.);
#6160 = EDGE_CURVE('',#6138,#4364,#6161,.T.);
#6161 = SURFACE_CURVE('',#6162,(#6166,#6173),.PCURVE_S1.);
#6162 = LINE('',#6163,#6164);
#6163 = CARTESIAN_POINT('',(1.35,-0.125,0.2));
#6164 = VECTOR('',#6165,1.);
#6165 = DIRECTION('',(1.,0.,-0.));
#6166 = PCURVE('',#2131,#6167);
#6167 = DEFINITIONAL_REPRESENTATION('',(#6168),#6172);
#6168 = LINE('',#6169,#6170);
#6169 = CARTESIAN_POINT('',(0.2,0.));
#6170 = VECTOR('',#6171,1.);
#6171 = DIRECTION('',(0.,1.));
#6172 = ( GEOMETRIC_REPRESENTATION_CONTEXT(2) 
PARAMETRIC_REPRESENTATION_CONTEXT() REPRESENTATION_CONTEXT('2D SPACE',''
  ) );
#6173 = PCURVE('',#4402,#6174);
#6174 = DEFINITIONAL_REPRESENTATION('',(#6175),#6179);
#6175 = LINE('',#6176,#6177);
#6176 = CARTESIAN_POINT('',(0.,0.));
#6177 = VECTOR('',#6178,1.);
#6178 = DIRECTION('',(1.,0.));
#6179 = ( GEOMETRIC_REPRESENTATION_CONTEXT(2) 
PARAMETRIC_REPRESENTATION_CONTEXT() REPRESENTATION_CONTEXT('2D SPACE',''
  ) );
#6180 = ADVANCED_FACE('',(#6181),#2588,.T.);
#6181 = FACE_BOUND('',#6182,.T.);
#6182 = EDGE_LOOP('',(#6183,#6184,#6185,#6186));
#6183 = ORIENTED_EDGE('',*,*,#4934,.F.);
#6184 = ORIENTED_EDGE('',*,*,#2573,.T.);
#6185 = ORIENTED_EDGE('',*,*,#4836,.T.);
#6186 = ORIENTED_EDGE('',*,*,#4886,.T.);
#6187 = ADVANCED_FACE('',(#6188),#2157,.T.);
#6188 = FACE_BOUND('',#6189,.T.);
#6189 = EDGE_LOOP('',(#6190,#6191,#6192,#6215));
#6190 = ORIENTED_EDGE('',*,*,#6137,.F.);
#6191 = ORIENTED_EDGE('',*,*,#2142,.T.);
#6192 = ORIENTED_EDGE('',*,*,#6193,.T.);
#6193 = EDGE_CURVE('',#2143,#6194,#6196,.T.);
#6194 = VERTEX_POINT('',#6195);
#6195 = CARTESIAN_POINT('',(1.35,0.125,0.2));
#6196 = SURFACE_CURVE('',#6197,(#6201,#6208),.PCURVE_S1.);
#6197 = LINE('',#6198,#6199);
#6198 = CARTESIAN_POINT('',(1.35,0.125,0.));
#6199 = VECTOR('',#6200,1.);
#6200 = DIRECTION('',(0.,0.,1.));
#6201 = PCURVE('',#2157,#6202);
#6202 = DEFINITIONAL_REPRESENTATION('',(#6203),#6207);
#6203 = LINE('',#6204,#6205);
#6204 = CARTESIAN_POINT('',(0.,-0.25));
#6205 = VECTOR('',#6206,1.);
#6206 = DIRECTION('',(1.,0.));
#6207 = ( GEOMETRIC_REPRESENTATION_CONTEXT(2) 
PARAMETRIC_REPRESENTATION_CONTEXT() REPRESENTATION_CONTEXT('2D SPACE',''
  ) );
#6208 = PCURVE('',#2183,#6209);
#6209 = DEFINITIONAL_REPRESENTATION('',(#6210),#6214);
#6210 = LINE('',#6211,#6212);
#6211 = CARTESIAN_POINT('',(0.,0.));
#6212 = VECTOR('',#6213,1.);
#6213 = DIRECTION('',(1.,0.));
#6214 = ( GEOMETRIC_REPRESENTATION_CONTEXT(2) 
PARAMETRIC_REPRESENTATION_CONTEXT() REPRESENTATION_CONTEXT('2D SPACE',''
  ) );
#6215 = ORIENTED_EDGE('',*,*,#6216,.F.);
#6216 = EDGE_CURVE('',#6138,#6194,#6217,.T.);
#6217 = SURFACE_CURVE('',#6218,(#6222,#6229),.PCURVE_S1.);
#6218 = LINE('',#6219,#6220);
#6219 = CARTESIAN_POINT('',(1.35,-0.125,0.2));
#6220 = VECTOR('',#6221,1.);
#6221 = DIRECTION('',(-0.,1.,0.));
#6222 = PCURVE('',#2157,#6223);
#6223 = DEFINITIONAL_REPRESENTATION('',(#6224),#6228);
#6224 = LINE('',#6225,#6226);
#6225 = CARTESIAN_POINT('',(0.2,0.));
#6226 = VECTOR('',#6227,1.);
#6227 = DIRECTION('',(0.,-1.));
#6228 = ( GEOMETRIC_REPRESENTATION_CONTEXT(2) 
PARAMETRIC_REPRESENTATION_CONTEXT() REPRESENTATION_CONTEXT('2D SPACE',''
  ) );
#6229 = PCURVE('',#4402,#6230);
#6230 = DEFINITIONAL_REPRESENTATION('',(#6231),#6235);
#6231 = LINE('',#6232,#6233);
#6232 = CARTESIAN_POINT('',(0.,0.));
#6233 = VECTOR('',#6234,1.);
#6234 = DIRECTION('',(0.,1.));
#6235 = ( GEOMETRIC_REPRESENTATION_CONTEXT(2) 
PARAMETRIC_REPRESENTATION_CONTEXT() REPRESENTATION_CONTEXT('2D SPACE',''
  ) );
#6236 = ADVANCED_FACE('',(#6237),#2183,.F.);
#6237 = FACE_BOUND('',#6238,.F.);
#6238 = EDGE_LOOP('',(#6239,#6240,#6241,#6242));
#6239 = ORIENTED_EDGE('',*,*,#4414,.F.);
#6240 = ORIENTED_EDGE('',*,*,#2168,.T.);
#6241 = ORIENTED_EDGE('',*,*,#6193,.T.);
#6242 = ORIENTED_EDGE('',*,*,#6243,.T.);
#6243 = EDGE_CURVE('',#6194,#4387,#6244,.T.);
#6244 = SURFACE_CURVE('',#6245,(#6249,#6256),.PCURVE_S1.);
#6245 = LINE('',#6246,#6247);
#6246 = CARTESIAN_POINT('',(1.35,0.125,0.2));
#6247 = VECTOR('',#6248,1.);
#6248 = DIRECTION('',(1.,0.,-0.));
#6249 = PCURVE('',#2183,#6250);
#6250 = DEFINITIONAL_REPRESENTATION('',(#6251),#6255);
#6251 = LINE('',#6252,#6253);
#6252 = CARTESIAN_POINT('',(0.2,0.));
#6253 = VECTOR('',#6254,1.);
#6254 = DIRECTION('',(0.,1.));
#6255 = ( GEOMETRIC_REPRESENTATION_CONTEXT(2) 
PARAMETRIC_REPRESENTATION_CONTEXT() REPRESENTATION_CONTEXT('2D SPACE',''
  ) );
#6256 = PCURVE('',#4402,#6257);
#6257 = DEFINITIONAL_REPRESENTATION('',(#6258),#6262);
#6258 = LINE('',#6259,#6260);
#6259 = CARTESIAN_POINT('',(0.,0.25));
#6260 = VECTOR('',#6261,1.);
#6261 = DIRECTION('',(1.,0.));
#6262 = ( GEOMETRIC_REPRESENTATION_CONTEXT(2) 
PARAMETRIC_REPRESENTATION_CONTEXT() REPRESENTATION_CONTEXT('2D SPACE',''
  ) );
#6263 = ADVANCED_FACE('',(#6264),#2232,.T.);
#6264 = FACE_BOUND('',#6265,.T.);
#6265 = EDGE_LOOP('',(#6266,#6267,#6268,#6291));
#6266 = ORIENTED_EDGE('',*,*,#4436,.F.);
#6267 = ORIENTED_EDGE('',*,*,#2217,.T.);
#6268 = ORIENTED_EDGE('',*,*,#6269,.T.);
#6269 = EDGE_CURVE('',#2218,#6270,#6272,.T.);
#6270 = VERTEX_POINT('',#6271);
#6271 = CARTESIAN_POINT('',(1.35,0.375,0.2));
#6272 = SURFACE_CURVE('',#6273,(#6277,#6284),.PCURVE_S1.);
#6273 = LINE('',#6274,#6275);
#6274 = CARTESIAN_POINT('',(1.35,0.375,0.));
#6275 = VECTOR('',#6276,1.);
#6276 = DIRECTION('',(0.,0.,1.));
#6277 = PCURVE('',#2232,#6278);
#6278 = DEFINITIONAL_REPRESENTATION('',(#6279),#6283);
#6279 = LINE('',#6280,#6281);
#6280 = CARTESIAN_POINT('',(0.,0.));
#6281 = VECTOR('',#6282,1.);
#6282 = DIRECTION('',(1.,0.));
#6283 = ( GEOMETRIC_REPRESENTATION_CONTEXT(2) 
PARAMETRIC_REPRESENTATION_CONTEXT() REPRESENTATION_CONTEXT('2D SPACE',''
  ) );
#6284 = PCURVE('',#2258,#6285);
#6285 = DEFINITIONAL_REPRESENTATION('',(#6286),#6290);
#6286 = LINE('',#6287,#6288);
#6287 = CARTESIAN_POINT('',(0.,0.));
#6288 = VECTOR('',#6289,1.);
#6289 = DIRECTION('',(1.,0.));
#6290 = ( GEOMETRIC_REPRESENTATION_CONTEXT(2) 
PARAMETRIC_REPRESENTATION_CONTEXT() REPRESENTATION_CONTEXT('2D SPACE',''
  ) );
#6291 = ORIENTED_EDGE('',*,*,#6292,.T.);
#6292 = EDGE_CURVE('',#6270,#4437,#6293,.T.);
#6293 = SURFACE_CURVE('',#6294,(#6298,#6305),.PCURVE_S1.);
#6294 = LINE('',#6295,#6296);
#6295 = CARTESIAN_POINT('',(1.35,0.375,0.2));
#6296 = VECTOR('',#6297,1.);
#6297 = DIRECTION('',(1.,0.,-0.));
#6298 = PCURVE('',#2232,#6299);
#6299 = DEFINITIONAL_REPRESENTATION('',(#6300),#6304);
#6300 = LINE('',#6301,#6302);
#6301 = CARTESIAN_POINT('',(0.2,0.));
#6302 = VECTOR('',#6303,1.);
#6303 = DIRECTION('',(0.,1.));
#6304 = ( GEOMETRIC_REPRESENTATION_CONTEXT(2) 
PARAMETRIC_REPRESENTATION_CONTEXT() REPRESENTATION_CONTEXT('2D SPACE',''
  ) );
#6305 = PCURVE('',#4475,#6306);
#6306 = DEFINITIONAL_REPRESENTATION('',(#6307),#6311);
#6307 = LINE('',#6308,#6309);
#6308 = CARTESIAN_POINT('',(0.,0.));
#6309 = VECTOR('',#6310,1.);
#6310 = DIRECTION('',(1.,0.));
#6311 = ( GEOMETRIC_REPRESENTATION_CONTEXT(2) 
PARAMETRIC_REPRESENTATION_CONTEXT() REPRESENTATION_CONTEXT('2D SPACE',''
  ) );
#6312 = ADVANCED_FACE('',(#6313),#2521,.T.);
#6313 = FACE_BOUND('',#6314,.T.);
#6314 = EDGE_LOOP('',(#6315,#6316,#6317,#6318));
#6315 = ORIENTED_EDGE('',*,*,#5059,.F.);
#6316 = ORIENTED_EDGE('',*,*,#2506,.T.);
#6317 = ORIENTED_EDGE('',*,*,#4961,.T.);
#6318 = ORIENTED_EDGE('',*,*,#5011,.T.);
#6319 = ADVANCED_FACE('',(#6320),#2258,.T.);
#6320 = FACE_BOUND('',#6321,.T.);
#6321 = EDGE_LOOP('',(#6322,#6323,#6324,#6347));
#6322 = ORIENTED_EDGE('',*,*,#6269,.F.);
#6323 = ORIENTED_EDGE('',*,*,#2243,.T.);
#6324 = ORIENTED_EDGE('',*,*,#6325,.T.);
#6325 = EDGE_CURVE('',#2244,#6326,#6328,.T.);
#6326 = VERTEX_POINT('',#6327);
#6327 = CARTESIAN_POINT('',(1.35,0.625,0.2));
#6328 = SURFACE_CURVE('',#6329,(#6333,#6340),.PCURVE_S1.);
#6329 = LINE('',#6330,#6331);
#6330 = CARTESIAN_POINT('',(1.35,0.625,0.));
#6331 = VECTOR('',#6332,1.);
#6332 = DIRECTION('',(0.,0.,1.));
#6333 = PCURVE('',#2258,#6334);
#6334 = DEFINITIONAL_REPRESENTATION('',(#6335),#6339);
#6335 = LINE('',#6336,#6337);
#6336 = CARTESIAN_POINT('',(0.,-0.25));
#6337 = VECTOR('',#6338,1.);
#6338 = DIRECTION('',(1.,0.));
#6339 = ( GEOMETRIC_REPRESENTATION_CONTEXT(2) 
PARAMETRIC_REPRESENTATION_CONTEXT() REPRESENTATION_CONTEXT('2D SPACE',''
  ) );
#6340 = PCURVE('',#2284,#6341);
#6341 = DEFINITIONAL_REPRESENTATION('',(#6342),#6346);
#6342 = LINE('',#6343,#6344);
#6343 = CARTESIAN_POINT('',(0.,0.));
#6344 = VECTOR('',#6345,1.);
#6345 = DIRECTION('',(1.,0.));
#6346 = ( GEOMETRIC_REPRESENTATION_CONTEXT(2) 
PARAMETRIC_REPRESENTATION_CONTEXT() REPRESENTATION_CONTEXT('2D SPACE',''
  ) );
#6347 = ORIENTED_EDGE('',*,*,#6348,.F.);
#6348 = EDGE_CURVE('',#6270,#6326,#6349,.T.);
#6349 = SURFACE_CURVE('',#6350,(#6354,#6361),.PCURVE_S1.);
#6350 = LINE('',#6351,#6352);
#6351 = CARTESIAN_POINT('',(1.35,0.375,0.2));
#6352 = VECTOR('',#6353,1.);
#6353 = DIRECTION('',(-0.,1.,0.));
#6354 = PCURVE('',#2258,#6355);
#6355 = DEFINITIONAL_REPRESENTATION('',(#6356),#6360);
#6356 = LINE('',#6357,#6358);
#6357 = CARTESIAN_POINT('',(0.2,0.));
#6358 = VECTOR('',#6359,1.);
#6359 = DIRECTION('',(0.,-1.));
#6360 = ( GEOMETRIC_REPRESENTATION_CONTEXT(2) 
PARAMETRIC_REPRESENTATION_CONTEXT() REPRESENTATION_CONTEXT('2D SPACE',''
  ) );
#6361 = PCURVE('',#4475,#6362);
#6362 = DEFINITIONAL_REPRESENTATION('',(#6363),#6367);
#6363 = LINE('',#6364,#6365);
#6364 = CARTESIAN_POINT('',(0.,0.));
#6365 = VECTOR('',#6366,1.);
#6366 = DIRECTION('',(0.,1.));
#6367 = ( GEOMETRIC_REPRESENTATION_CONTEXT(2) 
PARAMETRIC_REPRESENTATION_CONTEXT() REPRESENTATION_CONTEXT('2D SPACE',''
  ) );
#6368 = ADVANCED_FACE('',(#6369),#2284,.F.);
#6369 = FACE_BOUND('',#6370,.F.);
#6370 = EDGE_LOOP('',(#6371,#6372,#6373,#6374));
#6371 = ORIENTED_EDGE('',*,*,#4487,.F.);
#6372 = ORIENTED_EDGE('',*,*,#2269,.T.);
#6373 = ORIENTED_EDGE('',*,*,#6325,.T.);
#6374 = ORIENTED_EDGE('',*,*,#6375,.T.);
#6375 = EDGE_CURVE('',#6326,#4460,#6376,.T.);
#6376 = SURFACE_CURVE('',#6377,(#6381,#6388),.PCURVE_S1.);
#6377 = LINE('',#6378,#6379);
#6378 = CARTESIAN_POINT('',(1.35,0.625,0.2));
#6379 = VECTOR('',#6380,1.);
#6380 = DIRECTION('',(1.,0.,-0.));
#6381 = PCURVE('',#2284,#6382);
#6382 = DEFINITIONAL_REPRESENTATION('',(#6383),#6387);
#6383 = LINE('',#6384,#6385);
#6384 = CARTESIAN_POINT('',(0.2,0.));
#6385 = VECTOR('',#6386,1.);
#6386 = DIRECTION('',(0.,1.));
#6387 = ( GEOMETRIC_REPRESENTATION_CONTEXT(2) 
PARAMETRIC_REPRESENTATION_CONTEXT() REPRESENTATION_CONTEXT('2D SPACE',''
  ) );
#6388 = PCURVE('',#4475,#6389);
#6389 = DEFINITIONAL_REPRESENTATION('',(#6390),#6394);
#6390 = LINE('',#6391,#6392);
#6391 = CARTESIAN_POINT('',(0.,0.25));
#6392 = VECTOR('',#6393,1.);
#6393 = DIRECTION('',(1.,0.));
#6394 = ( GEOMETRIC_REPRESENTATION_CONTEXT(2) 
PARAMETRIC_REPRESENTATION_CONTEXT() REPRESENTATION_CONTEXT('2D SPACE',''
  ) );
#6395 = ADVANCED_FACE('',(#6396),#2333,.T.);
#6396 = FACE_BOUND('',#6397,.T.);
#6397 = EDGE_LOOP('',(#6398,#6399,#6400,#6423));
#6398 = ORIENTED_EDGE('',*,*,#4509,.F.);
#6399 = ORIENTED_EDGE('',*,*,#2318,.T.);
#6400 = ORIENTED_EDGE('',*,*,#6401,.T.);
#6401 = EDGE_CURVE('',#2319,#6402,#6404,.T.);
#6402 = VERTEX_POINT('',#6403);
#6403 = CARTESIAN_POINT('',(1.35,0.875,0.2));
#6404 = SURFACE_CURVE('',#6405,(#6409,#6416),.PCURVE_S1.);
#6405 = LINE('',#6406,#6407);
#6406 = CARTESIAN_POINT('',(1.35,0.875,0.));
#6407 = VECTOR('',#6408,1.);
#6408 = DIRECTION('',(0.,0.,1.));
#6409 = PCURVE('',#2333,#6410);
#6410 = DEFINITIONAL_REPRESENTATION('',(#6411),#6415);
#6411 = LINE('',#6412,#6413);
#6412 = CARTESIAN_POINT('',(0.,0.));
#6413 = VECTOR('',#6414,1.);
#6414 = DIRECTION('',(1.,0.));
#6415 = ( GEOMETRIC_REPRESENTATION_CONTEXT(2) 
PARAMETRIC_REPRESENTATION_CONTEXT() REPRESENTATION_CONTEXT('2D SPACE',''
  ) );
#6416 = PCURVE('',#2359,#6417);
#6417 = DEFINITIONAL_REPRESENTATION('',(#6418),#6422);
#6418 = LINE('',#6419,#6420);
#6419 = CARTESIAN_POINT('',(0.,0.));
#6420 = VECTOR('',#6421,1.);
#6421 = DIRECTION('',(1.,0.));
#6422 = ( GEOMETRIC_REPRESENTATION_CONTEXT(2) 
PARAMETRIC_REPRESENTATION_CONTEXT() REPRESENTATION_CONTEXT('2D SPACE',''
  ) );
#6423 = ORIENTED_EDGE('',*,*,#6424,.T.);
#6424 = EDGE_CURVE('',#6402,#4510,#6425,.T.);
#6425 = SURFACE_CURVE('',#6426,(#6430,#6437),.PCURVE_S1.);
#6426 = LINE('',#6427,#6428);
#6427 = CARTESIAN_POINT('',(1.35,0.875,0.2));
#6428 = VECTOR('',#6429,1.);
#6429 = DIRECTION('',(1.,0.,-0.));
#6430 = PCURVE('',#2333,#6431);
#6431 = DEFINITIONAL_REPRESENTATION('',(#6432),#6436);
#6432 = LINE('',#6433,#6434);
#6433 = CARTESIAN_POINT('',(0.2,0.));
#6434 = VECTOR('',#6435,1.);
#6435 = DIRECTION('',(0.,1.));
#6436 = ( GEOMETRIC_REPRESENTATION_CONTEXT(2) 
PARAMETRIC_REPRESENTATION_CONTEXT() REPRESENTATION_CONTEXT('2D SPACE',''
  ) );
#6437 = PCURVE('',#4548,#6438);
#6438 = DEFINITIONAL_REPRESENTATION('',(#6439),#6443);
#6439 = LINE('',#6440,#6441);
#6440 = CARTESIAN_POINT('',(0.,0.));
#6441 = VECTOR('',#6442,1.);
#6442 = DIRECTION('',(1.,0.));
#6443 = ( GEOMETRIC_REPRESENTATION_CONTEXT(2) 
PARAMETRIC_REPRESENTATION_CONTEXT() REPRESENTATION_CONTEXT('2D SPACE',''
  ) );
#6444 = ADVANCED_FACE('',(#6445),#2454,.T.);
#6445 = FACE_BOUND('',#6446,.T.);
#6446 = EDGE_LOOP('',(#6447,#6448,#6449,#6450));
#6447 = ORIENTED_EDGE('',*,*,#5184,.F.);
#6448 = ORIENTED_EDGE('',*,*,#2439,.T.);
#6449 = ORIENTED_EDGE('',*,*,#5086,.T.);
#6450 = ORIENTED_EDGE('',*,*,#5136,.T.);
#6451 = ADVANCED_FACE('',(#6452),#2359,.T.);
#6452 = FACE_BOUND('',#6453,.T.);
#6453 = EDGE_LOOP('',(#6454,#6455,#6456,#6479));
#6454 = ORIENTED_EDGE('',*,*,#6401,.F.);
#6455 = ORIENTED_EDGE('',*,*,#2344,.T.);
#6456 = ORIENTED_EDGE('',*,*,#6457,.T.);
#6457 = EDGE_CURVE('',#2345,#6458,#6460,.T.);
#6458 = VERTEX_POINT('',#6459);
#6459 = CARTESIAN_POINT('',(1.35,1.125,0.2));
#6460 = SURFACE_CURVE('',#6461,(#6465,#6472),.PCURVE_S1.);
#6461 = LINE('',#6462,#6463);
#6462 = CARTESIAN_POINT('',(1.35,1.125,0.));
#6463 = VECTOR('',#6464,1.);
#6464 = DIRECTION('',(0.,0.,1.));
#6465 = PCURVE('',#2359,#6466);
#6466 = DEFINITIONAL_REPRESENTATION('',(#6467),#6471);
#6467 = LINE('',#6468,#6469);
#6468 = CARTESIAN_POINT('',(0.,-0.25));
#6469 = VECTOR('',#6470,1.);
#6470 = DIRECTION('',(1.,0.));
#6471 = ( GEOMETRIC_REPRESENTATION_CONTEXT(2) 
PARAMETRIC_REPRESENTATION_CONTEXT() REPRESENTATION_CONTEXT('2D SPACE',''
  ) );
#6472 = PCURVE('',#2385,#6473);
#6473 = DEFINITIONAL_REPRESENTATION('',(#6474),#6478);
#6474 = LINE('',#6475,#6476);
#6475 = CARTESIAN_POINT('',(0.,0.));
#6476 = VECTOR('',#6477,1.);
#6477 = DIRECTION('',(1.,0.));
#6478 = ( GEOMETRIC_REPRESENTATION_CONTEXT(2) 
PARAMETRIC_REPRESENTATION_CONTEXT() REPRESENTATION_CONTEXT('2D SPACE',''
  ) );
#6479 = ORIENTED_EDGE('',*,*,#6480,.F.);
#6480 = EDGE_CURVE('',#6402,#6458,#6481,.T.);
#6481 = SURFACE_CURVE('',#6482,(#6486,#6493),.PCURVE_S1.);
#6482 = LINE('',#6483,#6484);
#6483 = CARTESIAN_POINT('',(1.35,0.875,0.2));
#6484 = VECTOR('',#6485,1.);
#6485 = DIRECTION('',(-0.,1.,0.));
#6486 = PCURVE('',#2359,#6487);
#6487 = DEFINITIONAL_REPRESENTATION('',(#6488),#6492);
#6488 = LINE('',#6489,#6490);
#6489 = CARTESIAN_POINT('',(0.2,0.));
#6490 = VECTOR('',#6491,1.);
#6491 = DIRECTION('',(0.,-1.));
#6492 = ( GEOMETRIC_REPRESENTATION_CONTEXT(2) 
PARAMETRIC_REPRESENTATION_CONTEXT() REPRESENTATION_CONTEXT('2D SPACE',''
  ) );
#6493 = PCURVE('',#4548,#6494);
#6494 = DEFINITIONAL_REPRESENTATION('',(#6495),#6499);
#6495 = LINE('',#6496,#6497);
#6496 = CARTESIAN_POINT('',(0.,0.));
#6497 = VECTOR('',#6498,1.);
#6498 = DIRECTION('',(0.,1.));
#6499 = ( GEOMETRIC_REPRESENTATION_CONTEXT(2) 
PARAMETRIC_REPRESENTATION_CONTEXT() REPRESENTATION_CONTEXT('2D SPACE',''
  ) );
#6500 = ADVANCED_FACE('',(#6501),#2385,.F.);
#6501 = FACE_BOUND('',#6502,.F.);
#6502 = EDGE_LOOP('',(#6503,#6504,#6505,#6506));
#6503 = ORIENTED_EDGE('',*,*,#4560,.F.);
#6504 = ORIENTED_EDGE('',*,*,#2370,.T.);
#6505 = ORIENTED_EDGE('',*,*,#6457,.T.);
#6506 = ORIENTED_EDGE('',*,*,#6507,.T.);
#6507 = EDGE_CURVE('',#6458,#4533,#6508,.T.);
#6508 = SURFACE_CURVE('',#6509,(#6513,#6520),.PCURVE_S1.);
#6509 = LINE('',#6510,#6511);
#6510 = CARTESIAN_POINT('',(1.35,1.125,0.2));
#6511 = VECTOR('',#6512,1.);
#6512 = DIRECTION('',(1.,0.,-0.));
#6513 = PCURVE('',#2385,#6514);
#6514 = DEFINITIONAL_REPRESENTATION('',(#6515),#6519);
#6515 = LINE('',#6516,#6517);
#6516 = CARTESIAN_POINT('',(0.2,0.));
#6517 = VECTOR('',#6518,1.);
#6518 = DIRECTION('',(0.,1.));
#6519 = ( GEOMETRIC_REPRESENTATION_CONTEXT(2) 
PARAMETRIC_REPRESENTATION_CONTEXT() REPRESENTATION_CONTEXT('2D SPACE',''
  ) );
#6520 = PCURVE('',#4548,#6521);
#6521 = DEFINITIONAL_REPRESENTATION('',(#6522),#6526);
#6522 = LINE('',#6523,#6524);
#6523 = CARTESIAN_POINT('',(0.,0.25));
#6524 = VECTOR('',#6525,1.);
#6525 = DIRECTION('',(1.,0.));
#6526 = ( GEOMETRIC_REPRESENTATION_CONTEXT(2) 
PARAMETRIC_REPRESENTATION_CONTEXT() REPRESENTATION_CONTEXT('2D SPACE',''
  ) );
#6527 = ADVANCED_FACE('',(#6528),#3107,.T.);
#6528 = FACE_BOUND('',#6529,.T.);
#6529 = EDGE_LOOP('',(#6530,#6553,#6554,#6577));
#6530 = ORIENTED_EDGE('',*,*,#6531,.F.);
#6531 = EDGE_CURVE('',#3091,#6532,#6534,.T.);
#6532 = VERTEX_POINT('',#6533);
#6533 = CARTESIAN_POINT('',(1.025,-1.025,0.2));
#6534 = SURFACE_CURVE('',#6535,(#6539,#6546),.PCURVE_S1.);
#6535 = LINE('',#6536,#6537);
#6536 = CARTESIAN_POINT('',(1.025,-1.025,0.));
#6537 = VECTOR('',#6538,1.);
#6538 = DIRECTION('',(0.,0.,1.));
#6539 = PCURVE('',#3107,#6540);
#6540 = DEFINITIONAL_REPRESENTATION('',(#6541),#6545);
#6541 = LINE('',#6542,#6543);
#6542 = CARTESIAN_POINT('',(0.,2.05));
#6543 = VECTOR('',#6544,1.);
#6544 = DIRECTION('',(1.,0.));
#6545 = ( GEOMETRIC_REPRESENTATION_CONTEXT(2) 
PARAMETRIC_REPRESENTATION_CONTEXT() REPRESENTATION_CONTEXT('2D SPACE',''
  ) );
#6546 = PCURVE('',#3183,#6547);
#6547 = DEFINITIONAL_REPRESENTATION('',(#6548),#6552);
#6548 = LINE('',#6549,#6550);
#6549 = CARTESIAN_POINT('',(0.,0.));
#6550 = VECTOR('',#6551,1.);
#6551 = DIRECTION('',(1.,0.));
#6552 = ( GEOMETRIC_REPRESENTATION_CONTEXT(2) 
PARAMETRIC_REPRESENTATION_CONTEXT() REPRESENTATION_CONTEXT('2D SPACE',''
  ) );
#6553 = ORIENTED_EDGE('',*,*,#3090,.T.);
#6554 = ORIENTED_EDGE('',*,*,#6555,.T.);
#6555 = EDGE_CURVE('',#3093,#6556,#6558,.T.);
#6556 = VERTEX_POINT('',#6557);
#6557 = CARTESIAN_POINT('',(-1.025,-1.025,0.2));
#6558 = SURFACE_CURVE('',#6559,(#6563,#6570),.PCURVE_S1.);
#6559 = LINE('',#6560,#6561);
#6560 = CARTESIAN_POINT('',(-1.025,-1.025,0.));
#6561 = VECTOR('',#6562,1.);
#6562 = DIRECTION('',(0.,0.,1.));
#6563 = PCURVE('',#3107,#6564);
#6564 = DEFINITIONAL_REPRESENTATION('',(#6565),#6569);
#6565 = LINE('',#6566,#6567);
#6566 = CARTESIAN_POINT('',(0.,0.));
#6567 = VECTOR('',#6568,1.);
#6568 = DIRECTION('',(1.,0.));
#6569 = ( GEOMETRIC_REPRESENTATION_CONTEXT(2) 
PARAMETRIC_REPRESENTATION_CONTEXT() REPRESENTATION_CONTEXT('2D SPACE',''
  ) );
#6570 = PCURVE('',#3133,#6571);
#6571 = DEFINITIONAL_REPRESENTATION('',(#6572),#6576);
#6572 = LINE('',#6573,#6574);
#6573 = CARTESIAN_POINT('',(0.,0.));
#6574 = VECTOR('',#6575,1.);
#6575 = DIRECTION('',(1.,0.));
#6576 = ( GEOMETRIC_REPRESENTATION_CONTEXT(2) 
PARAMETRIC_REPRESENTATION_CONTEXT() REPRESENTATION_CONTEXT('2D SPACE',''
  ) );
#6577 = ORIENTED_EDGE('',*,*,#6578,.T.);
#6578 = EDGE_CURVE('',#6556,#6532,#6579,.T.);
#6579 = SURFACE_CURVE('',#6580,(#6584,#6591),.PCURVE_S1.);
#6580 = LINE('',#6581,#6582);
#6581 = CARTESIAN_POINT('',(-1.025,-1.025,0.2));
#6582 = VECTOR('',#6583,1.);
#6583 = DIRECTION('',(1.,0.,-0.));
#6584 = PCURVE('',#3107,#6585);
#6585 = DEFINITIONAL_REPRESENTATION('',(#6586),#6590);
#6586 = LINE('',#6587,#6588);
#6587 = CARTESIAN_POINT('',(0.2,0.));
#6588 = VECTOR('',#6589,1.);
#6589 = DIRECTION('',(0.,1.));
#6590 = ( GEOMETRIC_REPRESENTATION_CONTEXT(2) 
PARAMETRIC_REPRESENTATION_CONTEXT() REPRESENTATION_CONTEXT('2D SPACE',''
  ) );
#6591 = PCURVE('',#6592,#6597);
#6592 = PLANE('',#6593);
#6593 = AXIS2_PLACEMENT_3D('',#6594,#6595,#6596);
#6594 = CARTESIAN_POINT('',(-1.025,-1.025,0.2));
#6595 = DIRECTION('',(0.,0.,1.));
#6596 = DIRECTION('',(1.,0.,-0.));
#6597 = DEFINITIONAL_REPRESENTATION('',(#6598),#6602);
#6598 = LINE('',#6599,#6600);
#6599 = CARTESIAN_POINT('',(0.,0.));
#6600 = VECTOR('',#6601,1.);
#6601 = DIRECTION('',(1.,0.));
#6602 = ( GEOMETRIC_REPRESENTATION_CONTEXT(2) 
PARAMETRIC_REPRESENTATION_CONTEXT() REPRESENTATION_CONTEXT('2D SPACE',''
  ) );
#6603 = ADVANCED_FACE('',(#6604),#3183,.F.);
#6604 = FACE_BOUND('',#6605,.F.);
#6605 = EDGE_LOOP('',(#6606,#6607,#6608,#6631));
#6606 = ORIENTED_EDGE('',*,*,#6531,.F.);
#6607 = ORIENTED_EDGE('',*,*,#3170,.T.);
#6608 = ORIENTED_EDGE('',*,*,#6609,.T.);
#6609 = EDGE_CURVE('',#3145,#6610,#6612,.T.);
#6610 = VERTEX_POINT('',#6611);
#6611 = CARTESIAN_POINT('',(1.025,1.025,0.2));
#6612 = SURFACE_CURVE('',#6613,(#6617,#6624),.PCURVE_S1.);
#6613 = LINE('',#6614,#6615);
#6614 = CARTESIAN_POINT('',(1.025,1.025,0.));
#6615 = VECTOR('',#6616,1.);
#6616 = DIRECTION('',(0.,0.,1.));
#6617 = PCURVE('',#3183,#6618);
#6618 = DEFINITIONAL_REPRESENTATION('',(#6619),#6623);
#6619 = LINE('',#6620,#6621);
#6620 = CARTESIAN_POINT('',(0.,-2.05));
#6621 = VECTOR('',#6622,1.);
#6622 = DIRECTION('',(1.,0.));
#6623 = ( GEOMETRIC_REPRESENTATION_CONTEXT(2) 
PARAMETRIC_REPRESENTATION_CONTEXT() REPRESENTATION_CONTEXT('2D SPACE',''
  ) );
#6624 = PCURVE('',#3159,#6625);
#6625 = DEFINITIONAL_REPRESENTATION('',(#6626),#6630);
#6626 = LINE('',#6627,#6628);
#6627 = CARTESIAN_POINT('',(0.,2.05));
#6628 = VECTOR('',#6629,1.);
#6629 = DIRECTION('',(1.,0.));
#6630 = ( GEOMETRIC_REPRESENTATION_CONTEXT(2) 
PARAMETRIC_REPRESENTATION_CONTEXT() REPRESENTATION_CONTEXT('2D SPACE',''
  ) );
#6631 = ORIENTED_EDGE('',*,*,#6632,.F.);
#6632 = EDGE_CURVE('',#6532,#6610,#6633,.T.);
#6633 = SURFACE_CURVE('',#6634,(#6638,#6645),.PCURVE_S1.);
#6634 = LINE('',#6635,#6636);
#6635 = CARTESIAN_POINT('',(1.025,-1.025,0.2));
#6636 = VECTOR('',#6637,1.);
#6637 = DIRECTION('',(-0.,1.,0.));
#6638 = PCURVE('',#3183,#6639);
#6639 = DEFINITIONAL_REPRESENTATION('',(#6640),#6644);
#6640 = LINE('',#6641,#6642);
#6641 = CARTESIAN_POINT('',(0.2,0.));
#6642 = VECTOR('',#6643,1.);
#6643 = DIRECTION('',(0.,-1.));
#6644 = ( GEOMETRIC_REPRESENTATION_CONTEXT(2) 
PARAMETRIC_REPRESENTATION_CONTEXT() REPRESENTATION_CONTEXT('2D SPACE',''
  ) );
#6645 = PCURVE('',#6592,#6646);
#6646 = DEFINITIONAL_REPRESENTATION('',(#6647),#6651);
#6647 = LINE('',#6648,#6649);
#6648 = CARTESIAN_POINT('',(2.05,0.));
#6649 = VECTOR('',#6650,1.);
#6650 = DIRECTION('',(0.,1.));
#6651 = ( GEOMETRIC_REPRESENTATION_CONTEXT(2) 
PARAMETRIC_REPRESENTATION_CONTEXT() REPRESENTATION_CONTEXT('2D SPACE',''
  ) );
#6652 = ADVANCED_FACE('',(#6653),#3159,.F.);
#6653 = FACE_BOUND('',#6654,.F.);
#6654 = EDGE_LOOP('',(#6655,#6656,#6657,#6680));
#6655 = ORIENTED_EDGE('',*,*,#6609,.F.);
#6656 = ORIENTED_EDGE('',*,*,#3144,.T.);
#6657 = ORIENTED_EDGE('',*,*,#6658,.T.);
#6658 = EDGE_CURVE('',#3119,#6659,#6661,.T.);
#6659 = VERTEX_POINT('',#6660);
#6660 = CARTESIAN_POINT('',(-1.025,1.025,0.2));
#6661 = SURFACE_CURVE('',#6662,(#6666,#6673),.PCURVE_S1.);
#6662 = LINE('',#6663,#6664);
#6663 = CARTESIAN_POINT('',(-1.025,1.025,0.));
#6664 = VECTOR('',#6665,1.);
#6665 = DIRECTION('',(0.,0.,1.));
#6666 = PCURVE('',#3159,#6667);
#6667 = DEFINITIONAL_REPRESENTATION('',(#6668),#6672);
#6668 = LINE('',#6669,#6670);
#6669 = CARTESIAN_POINT('',(0.,0.));
#6670 = VECTOR('',#6671,1.);
#6671 = DIRECTION('',(1.,0.));
#6672 = ( GEOMETRIC_REPRESENTATION_CONTEXT(2) 
PARAMETRIC_REPRESENTATION_CONTEXT() REPRESENTATION_CONTEXT('2D SPACE',''
  ) );
#6673 = PCURVE('',#3133,#6674);
#6674 = DEFINITIONAL_REPRESENTATION('',(#6675),#6679);
#6675 = LINE('',#6676,#6677);
#6676 = CARTESIAN_POINT('',(0.,-2.05));
#6677 = VECTOR('',#6678,1.);
#6678 = DIRECTION('',(1.,0.));
#6679 = ( GEOMETRIC_REPRESENTATION_CONTEXT(2) 
PARAMETRIC_REPRESENTATION_CONTEXT() REPRESENTATION_CONTEXT('2D SPACE',''
  ) );
#6680 = ORIENTED_EDGE('',*,*,#6681,.T.);
#6681 = EDGE_CURVE('',#6659,#6610,#6682,.T.);
#6682 = SURFACE_CURVE('',#6683,(#6687,#6694),.PCURVE_S1.);
#6683 = LINE('',#6684,#6685);
#6684 = CARTESIAN_POINT('',(-1.025,1.025,0.2));
#6685 = VECTOR('',#6686,1.);
#6686 = DIRECTION('',(1.,0.,-0.));
#6687 = PCURVE('',#3159,#6688);
#6688 = DEFINITIONAL_REPRESENTATION('',(#6689),#6693);
#6689 = LINE('',#6690,#6691);
#6690 = CARTESIAN_POINT('',(0.2,0.));
#6691 = VECTOR('',#6692,1.);
#6692 = DIRECTION('',(0.,1.));
#6693 = ( GEOMETRIC_REPRESENTATION_CONTEXT(2) 
PARAMETRIC_REPRESENTATION_CONTEXT() REPRESENTATION_CONTEXT('2D SPACE',''
  ) );
#6694 = PCURVE('',#6592,#6695);
#6695 = DEFINITIONAL_REPRESENTATION('',(#6696),#6700);
#6696 = LINE('',#6697,#6698);
#6697 = CARTESIAN_POINT('',(0.,2.05));
#6698 = VECTOR('',#6699,1.);
#6699 = DIRECTION('',(1.,0.));
#6700 = ( GEOMETRIC_REPRESENTATION_CONTEXT(2) 
PARAMETRIC_REPRESENTATION_CONTEXT() REPRESENTATION_CONTEXT('2D SPACE',''
  ) );
#6701 = ADVANCED_FACE('',(#6702),#3133,.T.);
#6702 = FACE_BOUND('',#6703,.T.);
#6703 = EDGE_LOOP('',(#6704,#6705,#6706,#6707));
#6704 = ORIENTED_EDGE('',*,*,#6555,.F.);
#6705 = ORIENTED_EDGE('',*,*,#3118,.T.);
#6706 = ORIENTED_EDGE('',*,*,#6658,.T.);
#6707 = ORIENTED_EDGE('',*,*,#6708,.F.);
#6708 = EDGE_CURVE('',#6556,#6659,#6709,.T.);
#6709 = SURFACE_CURVE('',#6710,(#6714,#6721),.PCURVE_S1.);
#6710 = LINE('',#6711,#6712);
#6711 = CARTESIAN_POINT('',(-1.025,-1.025,0.2));
#6712 = VECTOR('',#6713,1.);
#6713 = DIRECTION('',(-0.,1.,0.));
#6714 = PCURVE('',#3133,#6715);
#6715 = DEFINITIONAL_REPRESENTATION('',(#6716),#6720);
#6716 = LINE('',#6717,#6718);
#6717 = CARTESIAN_POINT('',(0.2,0.));
#6718 = VECTOR('',#6719,1.);
#6719 = DIRECTION('',(0.,-1.));
#6720 = ( GEOMETRIC_REPRESENTATION_CONTEXT(2) 
PARAMETRIC_REPRESENTATION_CONTEXT() REPRESENTATION_CONTEXT('2D SPACE',''
  ) );
#6721 = PCURVE('',#6592,#6722);
#6722 = DEFINITIONAL_REPRESENTATION('',(#6723),#6727);
#6723 = LINE('',#6724,#6725);
#6724 = CARTESIAN_POINT('',(0.,0.));
#6725 = VECTOR('',#6726,1.);
#6726 = DIRECTION('',(0.,1.));
#6727 = ( GEOMETRIC_REPRESENTATION_CONTEXT(2) 
PARAMETRIC_REPRESENTATION_CONTEXT() REPRESENTATION_CONTEXT('2D SPACE',''
  ) );
#6728 = ADVANCED_FACE('',(#6729),#4178,.F.);
#6729 = FACE_BOUND('',#6730,.F.);
#6730 = EDGE_LOOP('',(#6731,#6732,#6733,#6734));
#6731 = ORIENTED_EDGE('',*,*,#5236,.F.);
#6732 = ORIENTED_EDGE('',*,*,#4162,.T.);
#6733 = ORIENTED_EDGE('',*,*,#5319,.T.);
#6734 = ORIENTED_EDGE('',*,*,#5292,.F.);
#6735 = ADVANCED_FACE('',(#6736),#4105,.F.);
#6736 = FACE_BOUND('',#6737,.F.);
#6737 = EDGE_LOOP('',(#6738,#6739,#6740,#6741));
#6738 = ORIENTED_EDGE('',*,*,#5368,.F.);
#6739 = ORIENTED_EDGE('',*,*,#4089,.T.);
#6740 = ORIENTED_EDGE('',*,*,#5451,.T.);
#6741 = ORIENTED_EDGE('',*,*,#5424,.F.);
#6742 = ADVANCED_FACE('',(#6743),#4032,.F.);
#6743 = FACE_BOUND('',#6744,.F.);
#6744 = EDGE_LOOP('',(#6745,#6746,#6747,#6748));
#6745 = ORIENTED_EDGE('',*,*,#5500,.F.);
#6746 = ORIENTED_EDGE('',*,*,#4016,.T.);
#6747 = ORIENTED_EDGE('',*,*,#5583,.T.);
#6748 = ORIENTED_EDGE('',*,*,#5556,.F.);
#6749 = ADVANCED_FACE('',(#6750),#3959,.F.);
#6750 = FACE_BOUND('',#6751,.F.);
#6751 = EDGE_LOOP('',(#6752,#6753,#6754,#6755));
#6752 = ORIENTED_EDGE('',*,*,#5632,.F.);
#6753 = ORIENTED_EDGE('',*,*,#3943,.T.);
#6754 = ORIENTED_EDGE('',*,*,#5715,.T.);
#6755 = ORIENTED_EDGE('',*,*,#5688,.F.);
#6756 = ADVANCED_FACE('',(#6757),#3886,.F.);
#6757 = FACE_BOUND('',#6758,.F.);
#6758 = EDGE_LOOP('',(#6759,#6760,#6761,#6762));
#6759 = ORIENTED_EDGE('',*,*,#5764,.F.);
#6760 = ORIENTED_EDGE('',*,*,#3870,.T.);
#6761 = ORIENTED_EDGE('',*,*,#5847,.T.);
#6762 = ORIENTED_EDGE('',*,*,#5820,.F.);
#6763 = ADVANCED_FACE('',(#6764),#4548,.F.);
#6764 = FACE_BOUND('',#6765,.F.);
#6765 = EDGE_LOOP('',(#6766,#6767,#6768,#6769));
#6766 = ORIENTED_EDGE('',*,*,#6480,.F.);
#6767 = ORIENTED_EDGE('',*,*,#6424,.T.);
#6768 = ORIENTED_EDGE('',*,*,#4532,.T.);
#6769 = ORIENTED_EDGE('',*,*,#6507,.F.);
#6770 = ADVANCED_FACE('',(#6771),#4475,.F.);
#6771 = FACE_BOUND('',#6772,.F.);
#6772 = EDGE_LOOP('',(#6773,#6774,#6775,#6776));
#6773 = ORIENTED_EDGE('',*,*,#6348,.F.);
#6774 = ORIENTED_EDGE('',*,*,#6292,.T.);
#6775 = ORIENTED_EDGE('',*,*,#4459,.T.);
#6776 = ORIENTED_EDGE('',*,*,#6375,.F.);
#6777 = ADVANCED_FACE('',(#6778),#4402,.F.);
#6778 = FACE_BOUND('',#6779,.F.);
#6779 = EDGE_LOOP('',(#6780,#6781,#6782,#6783));
#6780 = ORIENTED_EDGE('',*,*,#6216,.F.);
#6781 = ORIENTED_EDGE('',*,*,#6160,.T.);
#6782 = ORIENTED_EDGE('',*,*,#4386,.T.);
#6783 = ORIENTED_EDGE('',*,*,#6243,.F.);
#6784 = ADVANCED_FACE('',(#6785),#4329,.F.);
#6785 = FACE_BOUND('',#6786,.F.);
#6786 = EDGE_LOOP('',(#6787,#6788,#6789,#6790));
#6787 = ORIENTED_EDGE('',*,*,#6084,.F.);
#6788 = ORIENTED_EDGE('',*,*,#6028,.T.);
#6789 = ORIENTED_EDGE('',*,*,#4313,.T.);
#6790 = ORIENTED_EDGE('',*,*,#6111,.F.);
#6791 = ADVANCED_FACE('',(#6792),#4256,.F.);
#6792 = FACE_BOUND('',#6793,.F.);
#6793 = EDGE_LOOP('',(#6794,#6795,#6796,#6797));
#6794 = ORIENTED_EDGE('',*,*,#5952,.F.);
#6795 = ORIENTED_EDGE('',*,*,#5896,.T.);
#6796 = ORIENTED_EDGE('',*,*,#4240,.T.);
#6797 = ORIENTED_EDGE('',*,*,#5979,.F.);
#6798 = ADVANCED_FACE('',(#6799),#6592,.F.);
#6799 = FACE_BOUND('',#6800,.F.);
#6800 = EDGE_LOOP('',(#6801,#6802,#6803,#6804));
#6801 = ORIENTED_EDGE('',*,*,#6708,.F.);
#6802 = ORIENTED_EDGE('',*,*,#6578,.T.);
#6803 = ORIENTED_EDGE('',*,*,#6632,.T.);
#6804 = ORIENTED_EDGE('',*,*,#6681,.F.);
#6805 = ( GEOMETRIC_REPRESENTATION_CONTEXT(3) 
GLOBAL_UNCERTAINTY_ASSIGNED_CONTEXT((#6809)) 
GLOBAL_UNIT_ASSIGNED_CONTEXT((#6806,#6807,#6808)) REPRESENTATION_CONTEXT
('Context #1','3D Context with UNIT and UNCERTAINTY') );
#6806 = ( LENGTH_UNIT() NAMED_UNIT(*) SI_UNIT(.MILLI.,.METRE.) );
#6807 = ( NAMED_UNIT(*) PLANE_ANGLE_UNIT() SI_UNIT($,.RADIAN.) );
#6808 = ( NAMED_UNIT(*) SI_UNIT($,.STERADIAN.) SOLID_ANGLE_UNIT() );
#6809 = UNCERTAINTY_MEASURE_WITH_UNIT(LENGTH_MEASURE(1.E-07),#6806,
  'distance_accuracy_value','confusion accuracy');
#6810 = CONTEXT_DEPENDENT_SHAPE_REPRESENTATION(#6811,#6813);
#6811 = ( REPRESENTATION_RELATIONSHIP('','',#40,#10) 
REPRESENTATION_RELATIONSHIP_WITH_TRANSFORMATION(#6812) 
SHAPE_REPRESENTATION_RELATIONSHIP() );
#6812 = ITEM_DEFINED_TRANSFORMATION('','',#11,#15);
#6813 = PRODUCT_DEFINITION_SHAPE('Placement','Placement of an item',
  #6814);
#6814 = NEXT_ASSEMBLY_USAGE_OCCURRENCE('1','body','',#5,#35,$);
#6815 = PRODUCT_RELATED_PRODUCT_CATEGORY('part',$,(#37));
#6816 = SHAPE_DEFINITION_REPRESENTATION(#6817,#6823);
#6817 = PRODUCT_DEFINITION_SHAPE('','',#6818);
#6818 = PRODUCT_DEFINITION('design','',#6819,#6822);
#6819 = PRODUCT_DEFINITION_FORMATION('','',#6820);
#6820 = PRODUCT('pins','pins','',(#6821));
#6821 = PRODUCT_CONTEXT('',#2,'mechanical');
#6822 = PRODUCT_DEFINITION_CONTEXT('part definition',#2,'design');
#6823 = SHAPE_REPRESENTATION('',(#11,#6824,#7154,#7484,#7814,#8144,#8474
    ,#8804,#9134,#9464,#9794,#10124,#10454,#10784,#11114,#11444,#11774,
    #12104,#12434,#12764,#13094,#13424),#13754);
#6824 = MANIFOLD_SOLID_BREP('',#6825);
#6825 = CLOSED_SHELL('',(#6826,#6946,#7046,#7093,#7140,#7147));
#6826 = ADVANCED_FACE('',(#6827),#6841,.F.);
#6827 = FACE_BOUND('',#6828,.F.);
#6828 = EDGE_LOOP('',(#6829,#6864,#6892,#6920));
#6829 = ORIENTED_EDGE('',*,*,#6830,.F.);
#6830 = EDGE_CURVE('',#6831,#6833,#6835,.T.);
#6831 = VERTEX_POINT('',#6832);
#6832 = CARTESIAN_POINT('',(-1.75,0.875,0.));
#6833 = VERTEX_POINT('',#6834);
#6834 = CARTESIAN_POINT('',(-1.75,0.875,0.2));
#6835 = SURFACE_CURVE('',#6836,(#6840,#6852),.PCURVE_S1.);
#6836 = LINE('',#6837,#6838);
#6837 = CARTESIAN_POINT('',(-1.75,0.875,0.));
#6838 = VECTOR('',#6839,1.);
#6839 = DIRECTION('',(0.,0.,1.));
#6840 = PCURVE('',#6841,#6846);
#6841 = PLANE('',#6842);
#6842 = AXIS2_PLACEMENT_3D('',#6843,#6844,#6845);
#6843 = CARTESIAN_POINT('',(-1.75,0.875,0.));
#6844 = DIRECTION('',(1.,0.,-0.));
#6845 = DIRECTION('',(0.,0.,1.));
#6846 = DEFINITIONAL_REPRESENTATION('',(#6847),#6851);
#6847 = LINE('',#6848,#6849);
#6848 = CARTESIAN_POINT('',(0.,0.));
#6849 = VECTOR('',#6850,1.);
#6850 = DIRECTION('',(1.,0.));
#6851 = ( GEOMETRIC_REPRESENTATION_CONTEXT(2) 
PARAMETRIC_REPRESENTATION_CONTEXT() REPRESENTATION_CONTEXT('2D SPACE',''
  ) );
#6852 = PCURVE('',#6853,#6858);
#6853 = PLANE('',#6854);
#6854 = AXIS2_PLACEMENT_3D('',#6855,#6856,#6857);
#6855 = CARTESIAN_POINT('',(-1.75,0.875,0.));
#6856 = DIRECTION('',(-0.,1.,0.));
#6857 = DIRECTION('',(0.,0.,1.));
#6858 = DEFINITIONAL_REPRESENTATION('',(#6859),#6863);
#6859 = LINE('',#6860,#6861);
#6860 = CARTESIAN_POINT('',(0.,0.));
#6861 = VECTOR('',#6862,1.);
#6862 = DIRECTION('',(1.,0.));
#6863 = ( GEOMETRIC_REPRESENTATION_CONTEXT(2) 
PARAMETRIC_REPRESENTATION_CONTEXT() REPRESENTATION_CONTEXT('2D SPACE',''
  ) );
#6864 = ORIENTED_EDGE('',*,*,#6865,.T.);
#6865 = EDGE_CURVE('',#6831,#6866,#6868,.T.);
#6866 = VERTEX_POINT('',#6867);
#6867 = CARTESIAN_POINT('',(-1.75,1.125,0.));
#6868 = SURFACE_CURVE('',#6869,(#6873,#6880),.PCURVE_S1.);
#6869 = LINE('',#6870,#6871);
#6870 = CARTESIAN_POINT('',(-1.75,0.875,0.));
#6871 = VECTOR('',#6872,1.);
#6872 = DIRECTION('',(-0.,1.,0.));
#6873 = PCURVE('',#6841,#6874);
#6874 = DEFINITIONAL_REPRESENTATION('',(#6875),#6879);
#6875 = LINE('',#6876,#6877);
#6876 = CARTESIAN_POINT('',(0.,0.));
#6877 = VECTOR('',#6878,1.);
#6878 = DIRECTION('',(0.,-1.));
#6879 = ( GEOMETRIC_REPRESENTATION_CONTEXT(2) 
PARAMETRIC_REPRESENTATION_CONTEXT() REPRESENTATION_CONTEXT('2D SPACE',''
  ) );
#6880 = PCURVE('',#6881,#6886);
#6881 = PLANE('',#6882);
#6882 = AXIS2_PLACEMENT_3D('',#6883,#6884,#6885);
#6883 = CARTESIAN_POINT('',(-1.75,0.875,0.));
#6884 = DIRECTION('',(0.,0.,1.));
#6885 = DIRECTION('',(1.,0.,-0.));
#6886 = DEFINITIONAL_REPRESENTATION('',(#6887),#6891);
#6887 = LINE('',#6888,#6889);
#6888 = CARTESIAN_POINT('',(0.,0.));
#6889 = VECTOR('',#6890,1.);
#6890 = DIRECTION('',(0.,1.));
#6891 = ( GEOMETRIC_REPRESENTATION_CONTEXT(2) 
PARAMETRIC_REPRESENTATION_CONTEXT() REPRESENTATION_CONTEXT('2D SPACE',''
  ) );
#6892 = ORIENTED_EDGE('',*,*,#6893,.T.);
#6893 = EDGE_CURVE('',#6866,#6894,#6896,.T.);
#6894 = VERTEX_POINT('',#6895);
#6895 = CARTESIAN_POINT('',(-1.75,1.125,0.2));
#6896 = SURFACE_CURVE('',#6897,(#6901,#6908),.PCURVE_S1.);
#6897 = LINE('',#6898,#6899);
#6898 = CARTESIAN_POINT('',(-1.75,1.125,0.));
#6899 = VECTOR('',#6900,1.);
#6900 = DIRECTION('',(0.,0.,1.));
#6901 = PCURVE('',#6841,#6902);
#6902 = DEFINITIONAL_REPRESENTATION('',(#6903),#6907);
#6903 = LINE('',#6904,#6905);
#6904 = CARTESIAN_POINT('',(0.,-0.25));
#6905 = VECTOR('',#6906,1.);
#6906 = DIRECTION('',(1.,0.));
#6907 = ( GEOMETRIC_REPRESENTATION_CONTEXT(2) 
PARAMETRIC_REPRESENTATION_CONTEXT() REPRESENTATION_CONTEXT('2D SPACE',''
  ) );
#6908 = PCURVE('',#6909,#6914);
#6909 = PLANE('',#6910);
#6910 = AXIS2_PLACEMENT_3D('',#6911,#6912,#6913);
#6911 = CARTESIAN_POINT('',(-1.75,1.125,0.));
#6912 = DIRECTION('',(-0.,1.,0.));
#6913 = DIRECTION('',(0.,0.,1.));
#6914 = DEFINITIONAL_REPRESENTATION('',(#6915),#6919);
#6915 = LINE('',#6916,#6917);
#6916 = CARTESIAN_POINT('',(0.,0.));
#6917 = VECTOR('',#6918,1.);
#6918 = DIRECTION('',(1.,0.));
#6919 = ( GEOMETRIC_REPRESENTATION_CONTEXT(2) 
PARAMETRIC_REPRESENTATION_CONTEXT() REPRESENTATION_CONTEXT('2D SPACE',''
  ) );
#6920 = ORIENTED_EDGE('',*,*,#6921,.F.);
#6921 = EDGE_CURVE('',#6833,#6894,#6922,.T.);
#6922 = SURFACE_CURVE('',#6923,(#6927,#6934),.PCURVE_S1.);
#6923 = LINE('',#6924,#6925);
#6924 = CARTESIAN_POINT('',(-1.75,0.875,0.2));
#6925 = VECTOR('',#6926,1.);
#6926 = DIRECTION('',(-0.,1.,0.));
#6927 = PCURVE('',#6841,#6928);
#6928 = DEFINITIONAL_REPRESENTATION('',(#6929),#6933);
#6929 = LINE('',#6930,#6931);
#6930 = CARTESIAN_POINT('',(0.2,0.));
#6931 = VECTOR('',#6932,1.);
#6932 = DIRECTION('',(0.,-1.));
#6933 = ( GEOMETRIC_REPRESENTATION_CONTEXT(2) 
PARAMETRIC_REPRESENTATION_CONTEXT() REPRESENTATION_CONTEXT('2D SPACE',''
  ) );
#6934 = PCURVE('',#6935,#6940);
#6935 = PLANE('',#6936);
#6936 = AXIS2_PLACEMENT_3D('',#6937,#6938,#6939);
#6937 = CARTESIAN_POINT('',(-1.75,0.875,0.2));
#6938 = DIRECTION('',(0.,0.,1.));
#6939 = DIRECTION('',(1.,0.,-0.));
#6940 = DEFINITIONAL_REPRESENTATION('',(#6941),#6945);
#6941 = LINE('',#6942,#6943);
#6942 = CARTESIAN_POINT('',(0.,0.));
#6943 = VECTOR('',#6944,1.);
#6944 = DIRECTION('',(0.,1.));
#6945 = ( GEOMETRIC_REPRESENTATION_CONTEXT(2) 
PARAMETRIC_REPRESENTATION_CONTEXT() REPRESENTATION_CONTEXT('2D SPACE',''
  ) );
#6946 = ADVANCED_FACE('',(#6947),#6961,.T.);
#6947 = FACE_BOUND('',#6948,.T.);
#6948 = EDGE_LOOP('',(#6949,#6979,#7002,#7025));
#6949 = ORIENTED_EDGE('',*,*,#6950,.F.);
#6950 = EDGE_CURVE('',#6951,#6953,#6955,.T.);
#6951 = VERTEX_POINT('',#6952);
#6952 = CARTESIAN_POINT('',(-1.35,0.875,0.));
#6953 = VERTEX_POINT('',#6954);
#6954 = CARTESIAN_POINT('',(-1.35,0.875,0.2));
#6955 = SURFACE_CURVE('',#6956,(#6960,#6972),.PCURVE_S1.);
#6956 = LINE('',#6957,#6958);
#6957 = CARTESIAN_POINT('',(-1.35,0.875,0.));
#6958 = VECTOR('',#6959,1.);
#6959 = DIRECTION('',(0.,0.,1.));
#6960 = PCURVE('',#6961,#6966);
#6961 = PLANE('',#6962);
#6962 = AXIS2_PLACEMENT_3D('',#6963,#6964,#6965);
#6963 = CARTESIAN_POINT('',(-1.35,0.875,0.));
#6964 = DIRECTION('',(1.,0.,-0.));
#6965 = DIRECTION('',(0.,0.,1.));
#6966 = DEFINITIONAL_REPRESENTATION('',(#6967),#6971);
#6967 = LINE('',#6968,#6969);
#6968 = CARTESIAN_POINT('',(0.,0.));
#6969 = VECTOR('',#6970,1.);
#6970 = DIRECTION('',(1.,0.));
#6971 = ( GEOMETRIC_REPRESENTATION_CONTEXT(2) 
PARAMETRIC_REPRESENTATION_CONTEXT() REPRESENTATION_CONTEXT('2D SPACE',''
  ) );
#6972 = PCURVE('',#6853,#6973);
#6973 = DEFINITIONAL_REPRESENTATION('',(#6974),#6978);
#6974 = LINE('',#6975,#6976);
#6975 = CARTESIAN_POINT('',(0.,0.4));
#6976 = VECTOR('',#6977,1.);
#6977 = DIRECTION('',(1.,0.));
#6978 = ( GEOMETRIC_REPRESENTATION_CONTEXT(2) 
PARAMETRIC_REPRESENTATION_CONTEXT() REPRESENTATION_CONTEXT('2D SPACE',''
  ) );
#6979 = ORIENTED_EDGE('',*,*,#6980,.T.);
#6980 = EDGE_CURVE('',#6951,#6981,#6983,.T.);
#6981 = VERTEX_POINT('',#6982);
#6982 = CARTESIAN_POINT('',(-1.35,1.125,0.));
#6983 = SURFACE_CURVE('',#6984,(#6988,#6995),.PCURVE_S1.);
#6984 = LINE('',#6985,#6986);
#6985 = CARTESIAN_POINT('',(-1.35,0.875,0.));
#6986 = VECTOR('',#6987,1.);
#6987 = DIRECTION('',(-0.,1.,0.));
#6988 = PCURVE('',#6961,#6989);
#6989 = DEFINITIONAL_REPRESENTATION('',(#6990),#6994);
#6990 = LINE('',#6991,#6992);
#6991 = CARTESIAN_POINT('',(0.,0.));
#6992 = VECTOR('',#6993,1.);
#6993 = DIRECTION('',(0.,-1.));
#6994 = ( GEOMETRIC_REPRESENTATION_CONTEXT(2) 
PARAMETRIC_REPRESENTATION_CONTEXT() REPRESENTATION_CONTEXT('2D SPACE',''
  ) );
#6995 = PCURVE('',#6881,#6996);
#6996 = DEFINITIONAL_REPRESENTATION('',(#6997),#7001);
#6997 = LINE('',#6998,#6999);
#6998 = CARTESIAN_POINT('',(0.4,0.));
#6999 = VECTOR('',#7000,1.);
#7000 = DIRECTION('',(0.,1.));
#7001 = ( GEOMETRIC_REPRESENTATION_CONTEXT(2) 
PARAMETRIC_REPRESENTATION_CONTEXT() REPRESENTATION_CONTEXT('2D SPACE',''
  ) );
#7002 = ORIENTED_EDGE('',*,*,#7003,.T.);
#7003 = EDGE_CURVE('',#6981,#7004,#7006,.T.);
#7004 = VERTEX_POINT('',#7005);
#7005 = CARTESIAN_POINT('',(-1.35,1.125,0.2));
#7006 = SURFACE_CURVE('',#7007,(#7011,#7018),.PCURVE_S1.);
#7007 = LINE('',#7008,#7009);
#7008 = CARTESIAN_POINT('',(-1.35,1.125,0.));
#7009 = VECTOR('',#7010,1.);
#7010 = DIRECTION('',(0.,0.,1.));
#7011 = PCURVE('',#6961,#7012);
#7012 = DEFINITIONAL_REPRESENTATION('',(#7013),#7017);
#7013 = LINE('',#7014,#7015);
#7014 = CARTESIAN_POINT('',(0.,-0.25));
#7015 = VECTOR('',#7016,1.);
#7016 = DIRECTION('',(1.,0.));
#7017 = ( GEOMETRIC_REPRESENTATION_CONTEXT(2) 
PARAMETRIC_REPRESENTATION_CONTEXT() REPRESENTATION_CONTEXT('2D SPACE',''
  ) );
#7018 = PCURVE('',#6909,#7019);
#7019 = DEFINITIONAL_REPRESENTATION('',(#7020),#7024);
#7020 = LINE('',#7021,#7022);
#7021 = CARTESIAN_POINT('',(0.,0.4));
#7022 = VECTOR('',#7023,1.);
#7023 = DIRECTION('',(1.,0.));
#7024 = ( GEOMETRIC_REPRESENTATION_CONTEXT(2) 
PARAMETRIC_REPRESENTATION_CONTEXT() REPRESENTATION_CONTEXT('2D SPACE',''
  ) );
#7025 = ORIENTED_EDGE('',*,*,#7026,.F.);
#7026 = EDGE_CURVE('',#6953,#7004,#7027,.T.);
#7027 = SURFACE_CURVE('',#7028,(#7032,#7039),.PCURVE_S1.);
#7028 = LINE('',#7029,#7030);
#7029 = CARTESIAN_POINT('',(-1.35,0.875,0.2));
#7030 = VECTOR('',#7031,1.);
#7031 = DIRECTION('',(-0.,1.,0.));
#7032 = PCURVE('',#6961,#7033);
#7033 = DEFINITIONAL_REPRESENTATION('',(#7034),#7038);
#7034 = LINE('',#7035,#7036);
#7035 = CARTESIAN_POINT('',(0.2,0.));
#7036 = VECTOR('',#7037,1.);
#7037 = DIRECTION('',(0.,-1.));
#7038 = ( GEOMETRIC_REPRESENTATION_CONTEXT(2) 
PARAMETRIC_REPRESENTATION_CONTEXT() REPRESENTATION_CONTEXT('2D SPACE',''
  ) );
#7039 = PCURVE('',#6935,#7040);
#7040 = DEFINITIONAL_REPRESENTATION('',(#7041),#7045);
#7041 = LINE('',#7042,#7043);
#7042 = CARTESIAN_POINT('',(0.4,0.));
#7043 = VECTOR('',#7044,1.);
#7044 = DIRECTION('',(0.,1.));
#7045 = ( GEOMETRIC_REPRESENTATION_CONTEXT(2) 
PARAMETRIC_REPRESENTATION_CONTEXT() REPRESENTATION_CONTEXT('2D SPACE',''
  ) );
#7046 = ADVANCED_FACE('',(#7047),#6853,.F.);
#7047 = FACE_BOUND('',#7048,.F.);
#7048 = EDGE_LOOP('',(#7049,#7070,#7071,#7092));
#7049 = ORIENTED_EDGE('',*,*,#7050,.F.);
#7050 = EDGE_CURVE('',#6831,#6951,#7051,.T.);
#7051 = SURFACE_CURVE('',#7052,(#7056,#7063),.PCURVE_S1.);
#7052 = LINE('',#7053,#7054);
#7053 = CARTESIAN_POINT('',(-1.75,0.875,0.));
#7054 = VECTOR('',#7055,1.);
#7055 = DIRECTION('',(1.,0.,-0.));
#7056 = PCURVE('',#6853,#7057);
#7057 = DEFINITIONAL_REPRESENTATION('',(#7058),#7062);
#7058 = LINE('',#7059,#7060);
#7059 = CARTESIAN_POINT('',(0.,0.));
#7060 = VECTOR('',#7061,1.);
#7061 = DIRECTION('',(0.,1.));
#7062 = ( GEOMETRIC_REPRESENTATION_CONTEXT(2) 
PARAMETRIC_REPRESENTATION_CONTEXT() REPRESENTATION_CONTEXT('2D SPACE',''
  ) );
#7063 = PCURVE('',#6881,#7064);
#7064 = DEFINITIONAL_REPRESENTATION('',(#7065),#7069);
#7065 = LINE('',#7066,#7067);
#7066 = CARTESIAN_POINT('',(0.,0.));
#7067 = VECTOR('',#7068,1.);
#7068 = DIRECTION('',(1.,0.));
#7069 = ( GEOMETRIC_REPRESENTATION_CONTEXT(2) 
PARAMETRIC_REPRESENTATION_CONTEXT() REPRESENTATION_CONTEXT('2D SPACE',''
  ) );
#7070 = ORIENTED_EDGE('',*,*,#6830,.T.);
#7071 = ORIENTED_EDGE('',*,*,#7072,.T.);
#7072 = EDGE_CURVE('',#6833,#6953,#7073,.T.);
#7073 = SURFACE_CURVE('',#7074,(#7078,#7085),.PCURVE_S1.);
#7074 = LINE('',#7075,#7076);
#7075 = CARTESIAN_POINT('',(-1.75,0.875,0.2));
#7076 = VECTOR('',#7077,1.);
#7077 = DIRECTION('',(1.,0.,-0.));
#7078 = PCURVE('',#6853,#7079);
#7079 = DEFINITIONAL_REPRESENTATION('',(#7080),#7084);
#7080 = LINE('',#7081,#7082);
#7081 = CARTESIAN_POINT('',(0.2,0.));
#7082 = VECTOR('',#7083,1.);
#7083 = DIRECTION('',(0.,1.));
#7084 = ( GEOMETRIC_REPRESENTATION_CONTEXT(2) 
PARAMETRIC_REPRESENTATION_CONTEXT() REPRESENTATION_CONTEXT('2D SPACE',''
  ) );
#7085 = PCURVE('',#6935,#7086);
#7086 = DEFINITIONAL_REPRESENTATION('',(#7087),#7091);
#7087 = LINE('',#7088,#7089);
#7088 = CARTESIAN_POINT('',(0.,0.));
#7089 = VECTOR('',#7090,1.);
#7090 = DIRECTION('',(1.,0.));
#7091 = ( GEOMETRIC_REPRESENTATION_CONTEXT(2) 
PARAMETRIC_REPRESENTATION_CONTEXT() REPRESENTATION_CONTEXT('2D SPACE',''
  ) );
#7092 = ORIENTED_EDGE('',*,*,#6950,.F.);
#7093 = ADVANCED_FACE('',(#7094),#6909,.T.);
#7094 = FACE_BOUND('',#7095,.T.);
#7095 = EDGE_LOOP('',(#7096,#7117,#7118,#7139));
#7096 = ORIENTED_EDGE('',*,*,#7097,.F.);
#7097 = EDGE_CURVE('',#6866,#6981,#7098,.T.);
#7098 = SURFACE_CURVE('',#7099,(#7103,#7110),.PCURVE_S1.);
#7099 = LINE('',#7100,#7101);
#7100 = CARTESIAN_POINT('',(-1.75,1.125,0.));
#7101 = VECTOR('',#7102,1.);
#7102 = DIRECTION('',(1.,0.,-0.));
#7103 = PCURVE('',#6909,#7104);
#7104 = DEFINITIONAL_REPRESENTATION('',(#7105),#7109);
#7105 = LINE('',#7106,#7107);
#7106 = CARTESIAN_POINT('',(0.,0.));
#7107 = VECTOR('',#7108,1.);
#7108 = DIRECTION('',(0.,1.));
#7109 = ( GEOMETRIC_REPRESENTATION_CONTEXT(2) 
PARAMETRIC_REPRESENTATION_CONTEXT() REPRESENTATION_CONTEXT('2D SPACE',''
  ) );
#7110 = PCURVE('',#6881,#7111);
#7111 = DEFINITIONAL_REPRESENTATION('',(#7112),#7116);
#7112 = LINE('',#7113,#7114);
#7113 = CARTESIAN_POINT('',(0.,0.25));
#7114 = VECTOR('',#7115,1.);
#7115 = DIRECTION('',(1.,0.));
#7116 = ( GEOMETRIC_REPRESENTATION_CONTEXT(2) 
PARAMETRIC_REPRESENTATION_CONTEXT() REPRESENTATION_CONTEXT('2D SPACE',''
  ) );
#7117 = ORIENTED_EDGE('',*,*,#6893,.T.);
#7118 = ORIENTED_EDGE('',*,*,#7119,.T.);
#7119 = EDGE_CURVE('',#6894,#7004,#7120,.T.);
#7120 = SURFACE_CURVE('',#7121,(#7125,#7132),.PCURVE_S1.);
#7121 = LINE('',#7122,#7123);
#7122 = CARTESIAN_POINT('',(-1.75,1.125,0.2));
#7123 = VECTOR('',#7124,1.);
#7124 = DIRECTION('',(1.,0.,-0.));
#7125 = PCURVE('',#6909,#7126);
#7126 = DEFINITIONAL_REPRESENTATION('',(#7127),#7131);
#7127 = LINE('',#7128,#7129);
#7128 = CARTESIAN_POINT('',(0.2,0.));
#7129 = VECTOR('',#7130,1.);
#7130 = DIRECTION('',(0.,1.));
#7131 = ( GEOMETRIC_REPRESENTATION_CONTEXT(2) 
PARAMETRIC_REPRESENTATION_CONTEXT() REPRESENTATION_CONTEXT('2D SPACE',''
  ) );
#7132 = PCURVE('',#6935,#7133);
#7133 = DEFINITIONAL_REPRESENTATION('',(#7134),#7138);
#7134 = LINE('',#7135,#7136);
#7135 = CARTESIAN_POINT('',(0.,0.25));
#7136 = VECTOR('',#7137,1.);
#7137 = DIRECTION('',(1.,0.));
#7138 = ( GEOMETRIC_REPRESENTATION_CONTEXT(2) 
PARAMETRIC_REPRESENTATION_CONTEXT() REPRESENTATION_CONTEXT('2D SPACE',''
  ) );
#7139 = ORIENTED_EDGE('',*,*,#7003,.F.);
#7140 = ADVANCED_FACE('',(#7141),#6881,.F.);
#7141 = FACE_BOUND('',#7142,.F.);
#7142 = EDGE_LOOP('',(#7143,#7144,#7145,#7146));
#7143 = ORIENTED_EDGE('',*,*,#6865,.F.);
#7144 = ORIENTED_EDGE('',*,*,#7050,.T.);
#7145 = ORIENTED_EDGE('',*,*,#6980,.T.);
#7146 = ORIENTED_EDGE('',*,*,#7097,.F.);
#7147 = ADVANCED_FACE('',(#7148),#6935,.T.);
#7148 = FACE_BOUND('',#7149,.T.);
#7149 = EDGE_LOOP('',(#7150,#7151,#7152,#7153));
#7150 = ORIENTED_EDGE('',*,*,#6921,.F.);
#7151 = ORIENTED_EDGE('',*,*,#7072,.T.);
#7152 = ORIENTED_EDGE('',*,*,#7026,.T.);
#7153 = ORIENTED_EDGE('',*,*,#7119,.F.);
#7154 = MANIFOLD_SOLID_BREP('',#7155);
#7155 = CLOSED_SHELL('',(#7156,#7276,#7376,#7423,#7470,#7477));
#7156 = ADVANCED_FACE('',(#7157),#7171,.F.);
#7157 = FACE_BOUND('',#7158,.F.);
#7158 = EDGE_LOOP('',(#7159,#7194,#7222,#7250));
#7159 = ORIENTED_EDGE('',*,*,#7160,.F.);
#7160 = EDGE_CURVE('',#7161,#7163,#7165,.T.);
#7161 = VERTEX_POINT('',#7162);
#7162 = CARTESIAN_POINT('',(-1.125,-1.75,0.));
#7163 = VERTEX_POINT('',#7164);
#7164 = CARTESIAN_POINT('',(-1.125,-1.75,0.2));
#7165 = SURFACE_CURVE('',#7166,(#7170,#7182),.PCURVE_S1.);
#7166 = LINE('',#7167,#7168);
#7167 = CARTESIAN_POINT('',(-1.125,-1.75,0.));
#7168 = VECTOR('',#7169,1.);
#7169 = DIRECTION('',(0.,0.,1.));
#7170 = PCURVE('',#7171,#7176);
#7171 = PLANE('',#7172);
#7172 = AXIS2_PLACEMENT_3D('',#7173,#7174,#7175);
#7173 = CARTESIAN_POINT('',(-1.125,-1.75,0.));
#7174 = DIRECTION('',(1.,0.,-0.));
#7175 = DIRECTION('',(0.,0.,1.));
#7176 = DEFINITIONAL_REPRESENTATION('',(#7177),#7181);
#7177 = LINE('',#7178,#7179);
#7178 = CARTESIAN_POINT('',(0.,0.));
#7179 = VECTOR('',#7180,1.);
#7180 = DIRECTION('',(1.,0.));
#7181 = ( GEOMETRIC_REPRESENTATION_CONTEXT(2) 
PARAMETRIC_REPRESENTATION_CONTEXT() REPRESENTATION_CONTEXT('2D SPACE',''
  ) );
#7182 = PCURVE('',#7183,#7188);
#7183 = PLANE('',#7184);
#7184 = AXIS2_PLACEMENT_3D('',#7185,#7186,#7187);
#7185 = CARTESIAN_POINT('',(-1.125,-1.75,0.));
#7186 = DIRECTION('',(-0.,1.,0.));
#7187 = DIRECTION('',(0.,0.,1.));
#7188 = DEFINITIONAL_REPRESENTATION('',(#7189),#7193);
#7189 = LINE('',#7190,#7191);
#7190 = CARTESIAN_POINT('',(0.,0.));
#7191 = VECTOR('',#7192,1.);
#7192 = DIRECTION('',(1.,0.));
#7193 = ( GEOMETRIC_REPRESENTATION_CONTEXT(2) 
PARAMETRIC_REPRESENTATION_CONTEXT() REPRESENTATION_CONTEXT('2D SPACE',''
  ) );
#7194 = ORIENTED_EDGE('',*,*,#7195,.T.);
#7195 = EDGE_CURVE('',#7161,#7196,#7198,.T.);
#7196 = VERTEX_POINT('',#7197);
#7197 = CARTESIAN_POINT('',(-1.125,-1.35,0.));
#7198 = SURFACE_CURVE('',#7199,(#7203,#7210),.PCURVE_S1.);
#7199 = LINE('',#7200,#7201);
#7200 = CARTESIAN_POINT('',(-1.125,-1.75,0.));
#7201 = VECTOR('',#7202,1.);
#7202 = DIRECTION('',(-0.,1.,0.));
#7203 = PCURVE('',#7171,#7204);
#7204 = DEFINITIONAL_REPRESENTATION('',(#7205),#7209);
#7205 = LINE('',#7206,#7207);
#7206 = CARTESIAN_POINT('',(0.,0.));
#7207 = VECTOR('',#7208,1.);
#7208 = DIRECTION('',(0.,-1.));
#7209 = ( GEOMETRIC_REPRESENTATION_CONTEXT(2) 
PARAMETRIC_REPRESENTATION_CONTEXT() REPRESENTATION_CONTEXT('2D SPACE',''
  ) );
#7210 = PCURVE('',#7211,#7216);
#7211 = PLANE('',#7212);
#7212 = AXIS2_PLACEMENT_3D('',#7213,#7214,#7215);
#7213 = CARTESIAN_POINT('',(-1.125,-1.75,0.));
#7214 = DIRECTION('',(0.,0.,1.));
#7215 = DIRECTION('',(1.,0.,-0.));
#7216 = DEFINITIONAL_REPRESENTATION('',(#7217),#7221);
#7217 = LINE('',#7218,#7219);
#7218 = CARTESIAN_POINT('',(0.,0.));
#7219 = VECTOR('',#7220,1.);
#7220 = DIRECTION('',(0.,1.));
#7221 = ( GEOMETRIC_REPRESENTATION_CONTEXT(2) 
PARAMETRIC_REPRESENTATION_CONTEXT() REPRESENTATION_CONTEXT('2D SPACE',''
  ) );
#7222 = ORIENTED_EDGE('',*,*,#7223,.T.);
#7223 = EDGE_CURVE('',#7196,#7224,#7226,.T.);
#7224 = VERTEX_POINT('',#7225);
#7225 = CARTESIAN_POINT('',(-1.125,-1.35,0.2));
#7226 = SURFACE_CURVE('',#7227,(#7231,#7238),.PCURVE_S1.);
#7227 = LINE('',#7228,#7229);
#7228 = CARTESIAN_POINT('',(-1.125,-1.35,0.));
#7229 = VECTOR('',#7230,1.);
#7230 = DIRECTION('',(0.,0.,1.));
#7231 = PCURVE('',#7171,#7232);
#7232 = DEFINITIONAL_REPRESENTATION('',(#7233),#7237);
#7233 = LINE('',#7234,#7235);
#7234 = CARTESIAN_POINT('',(0.,-0.4));
#7235 = VECTOR('',#7236,1.);
#7236 = DIRECTION('',(1.,0.));
#7237 = ( GEOMETRIC_REPRESENTATION_CONTEXT(2) 
PARAMETRIC_REPRESENTATION_CONTEXT() REPRESENTATION_CONTEXT('2D SPACE',''
  ) );
#7238 = PCURVE('',#7239,#7244);
#7239 = PLANE('',#7240);
#7240 = AXIS2_PLACEMENT_3D('',#7241,#7242,#7243);
#7241 = CARTESIAN_POINT('',(-1.125,-1.35,0.));
#7242 = DIRECTION('',(-0.,1.,0.));
#7243 = DIRECTION('',(0.,0.,1.));
#7244 = DEFINITIONAL_REPRESENTATION('',(#7245),#7249);
#7245 = LINE('',#7246,#7247);
#7246 = CARTESIAN_POINT('',(0.,0.));
#7247 = VECTOR('',#7248,1.);
#7248 = DIRECTION('',(1.,0.));
#7249 = ( GEOMETRIC_REPRESENTATION_CONTEXT(2) 
PARAMETRIC_REPRESENTATION_CONTEXT() REPRESENTATION_CONTEXT('2D SPACE',''
  ) );
#7250 = ORIENTED_EDGE('',*,*,#7251,.F.);
#7251 = EDGE_CURVE('',#7163,#7224,#7252,.T.);
#7252 = SURFACE_CURVE('',#7253,(#7257,#7264),.PCURVE_S1.);
#7253 = LINE('',#7254,#7255);
#7254 = CARTESIAN_POINT('',(-1.125,-1.75,0.2));
#7255 = VECTOR('',#7256,1.);
#7256 = DIRECTION('',(-0.,1.,0.));
#7257 = PCURVE('',#7171,#7258);
#7258 = DEFINITIONAL_REPRESENTATION('',(#7259),#7263);
#7259 = LINE('',#7260,#7261);
#7260 = CARTESIAN_POINT('',(0.2,0.));
#7261 = VECTOR('',#7262,1.);
#7262 = DIRECTION('',(0.,-1.));
#7263 = ( GEOMETRIC_REPRESENTATION_CONTEXT(2) 
PARAMETRIC_REPRESENTATION_CONTEXT() REPRESENTATION_CONTEXT('2D SPACE',''
  ) );
#7264 = PCURVE('',#7265,#7270);
#7265 = PLANE('',#7266);
#7266 = AXIS2_PLACEMENT_3D('',#7267,#7268,#7269);
#7267 = CARTESIAN_POINT('',(-1.125,-1.75,0.2));
#7268 = DIRECTION('',(0.,0.,1.));
#7269 = DIRECTION('',(1.,0.,-0.));
#7270 = DEFINITIONAL_REPRESENTATION('',(#7271),#7275);
#7271 = LINE('',#7272,#7273);
#7272 = CARTESIAN_POINT('',(0.,0.));
#7273 = VECTOR('',#7274,1.);
#7274 = DIRECTION('',(0.,1.));
#7275 = ( GEOMETRIC_REPRESENTATION_CONTEXT(2) 
PARAMETRIC_REPRESENTATION_CONTEXT() REPRESENTATION_CONTEXT('2D SPACE',''
  ) );
#7276 = ADVANCED_FACE('',(#7277),#7291,.T.);
#7277 = FACE_BOUND('',#7278,.T.);
#7278 = EDGE_LOOP('',(#7279,#7309,#7332,#7355));
#7279 = ORIENTED_EDGE('',*,*,#7280,.F.);
#7280 = EDGE_CURVE('',#7281,#7283,#7285,.T.);
#7281 = VERTEX_POINT('',#7282);
#7282 = CARTESIAN_POINT('',(-0.875,-1.75,0.));
#7283 = VERTEX_POINT('',#7284);
#7284 = CARTESIAN_POINT('',(-0.875,-1.75,0.2));
#7285 = SURFACE_CURVE('',#7286,(#7290,#7302),.PCURVE_S1.);
#7286 = LINE('',#7287,#7288);
#7287 = CARTESIAN_POINT('',(-0.875,-1.75,0.));
#7288 = VECTOR('',#7289,1.);
#7289 = DIRECTION('',(0.,0.,1.));
#7290 = PCURVE('',#7291,#7296);
#7291 = PLANE('',#7292);
#7292 = AXIS2_PLACEMENT_3D('',#7293,#7294,#7295);
#7293 = CARTESIAN_POINT('',(-0.875,-1.75,0.));
#7294 = DIRECTION('',(1.,0.,-0.));
#7295 = DIRECTION('',(0.,0.,1.));
#7296 = DEFINITIONAL_REPRESENTATION('',(#7297),#7301);
#7297 = LINE('',#7298,#7299);
#7298 = CARTESIAN_POINT('',(0.,0.));
#7299 = VECTOR('',#7300,1.);
#7300 = DIRECTION('',(1.,0.));
#7301 = ( GEOMETRIC_REPRESENTATION_CONTEXT(2) 
PARAMETRIC_REPRESENTATION_CONTEXT() REPRESENTATION_CONTEXT('2D SPACE',''
  ) );
#7302 = PCURVE('',#7183,#7303);
#7303 = DEFINITIONAL_REPRESENTATION('',(#7304),#7308);
#7304 = LINE('',#7305,#7306);
#7305 = CARTESIAN_POINT('',(0.,0.25));
#7306 = VECTOR('',#7307,1.);
#7307 = DIRECTION('',(1.,0.));
#7308 = ( GEOMETRIC_REPRESENTATION_CONTEXT(2) 
PARAMETRIC_REPRESENTATION_CONTEXT() REPRESENTATION_CONTEXT('2D SPACE',''
  ) );
#7309 = ORIENTED_EDGE('',*,*,#7310,.T.);
#7310 = EDGE_CURVE('',#7281,#7311,#7313,.T.);
#7311 = VERTEX_POINT('',#7312);
#7312 = CARTESIAN_POINT('',(-0.875,-1.35,0.));
#7313 = SURFACE_CURVE('',#7314,(#7318,#7325),.PCURVE_S1.);
#7314 = LINE('',#7315,#7316);
#7315 = CARTESIAN_POINT('',(-0.875,-1.75,0.));
#7316 = VECTOR('',#7317,1.);
#7317 = DIRECTION('',(-0.,1.,0.));
#7318 = PCURVE('',#7291,#7319);
#7319 = DEFINITIONAL_REPRESENTATION('',(#7320),#7324);
#7320 = LINE('',#7321,#7322);
#7321 = CARTESIAN_POINT('',(0.,0.));
#7322 = VECTOR('',#7323,1.);
#7323 = DIRECTION('',(0.,-1.));
#7324 = ( GEOMETRIC_REPRESENTATION_CONTEXT(2) 
PARAMETRIC_REPRESENTATION_CONTEXT() REPRESENTATION_CONTEXT('2D SPACE',''
  ) );
#7325 = PCURVE('',#7211,#7326);
#7326 = DEFINITIONAL_REPRESENTATION('',(#7327),#7331);
#7327 = LINE('',#7328,#7329);
#7328 = CARTESIAN_POINT('',(0.25,0.));
#7329 = VECTOR('',#7330,1.);
#7330 = DIRECTION('',(0.,1.));
#7331 = ( GEOMETRIC_REPRESENTATION_CONTEXT(2) 
PARAMETRIC_REPRESENTATION_CONTEXT() REPRESENTATION_CONTEXT('2D SPACE',''
  ) );
#7332 = ORIENTED_EDGE('',*,*,#7333,.T.);
#7333 = EDGE_CURVE('',#7311,#7334,#7336,.T.);
#7334 = VERTEX_POINT('',#7335);
#7335 = CARTESIAN_POINT('',(-0.875,-1.35,0.2));
#7336 = SURFACE_CURVE('',#7337,(#7341,#7348),.PCURVE_S1.);
#7337 = LINE('',#7338,#7339);
#7338 = CARTESIAN_POINT('',(-0.875,-1.35,0.));
#7339 = VECTOR('',#7340,1.);
#7340 = DIRECTION('',(0.,0.,1.));
#7341 = PCURVE('',#7291,#7342);
#7342 = DEFINITIONAL_REPRESENTATION('',(#7343),#7347);
#7343 = LINE('',#7344,#7345);
#7344 = CARTESIAN_POINT('',(0.,-0.4));
#7345 = VECTOR('',#7346,1.);
#7346 = DIRECTION('',(1.,0.));
#7347 = ( GEOMETRIC_REPRESENTATION_CONTEXT(2) 
PARAMETRIC_REPRESENTATION_CONTEXT() REPRESENTATION_CONTEXT('2D SPACE',''
  ) );
#7348 = PCURVE('',#7239,#7349);
#7349 = DEFINITIONAL_REPRESENTATION('',(#7350),#7354);
#7350 = LINE('',#7351,#7352);
#7351 = CARTESIAN_POINT('',(0.,0.25));
#7352 = VECTOR('',#7353,1.);
#7353 = DIRECTION('',(1.,0.));
#7354 = ( GEOMETRIC_REPRESENTATION_CONTEXT(2) 
PARAMETRIC_REPRESENTATION_CONTEXT() REPRESENTATION_CONTEXT('2D SPACE',''
  ) );
#7355 = ORIENTED_EDGE('',*,*,#7356,.F.);
#7356 = EDGE_CURVE('',#7283,#7334,#7357,.T.);
#7357 = SURFACE_CURVE('',#7358,(#7362,#7369),.PCURVE_S1.);
#7358 = LINE('',#7359,#7360);
#7359 = CARTESIAN_POINT('',(-0.875,-1.75,0.2));
#7360 = VECTOR('',#7361,1.);
#7361 = DIRECTION('',(-0.,1.,0.));
#7362 = PCURVE('',#7291,#7363);
#7363 = DEFINITIONAL_REPRESENTATION('',(#7364),#7368);
#7364 = LINE('',#7365,#7366);
#7365 = CARTESIAN_POINT('',(0.2,0.));
#7366 = VECTOR('',#7367,1.);
#7367 = DIRECTION('',(0.,-1.));
#7368 = ( GEOMETRIC_REPRESENTATION_CONTEXT(2) 
PARAMETRIC_REPRESENTATION_CONTEXT() REPRESENTATION_CONTEXT('2D SPACE',''
  ) );
#7369 = PCURVE('',#7265,#7370);
#7370 = DEFINITIONAL_REPRESENTATION('',(#7371),#7375);
#7371 = LINE('',#7372,#7373);
#7372 = CARTESIAN_POINT('',(0.25,0.));
#7373 = VECTOR('',#7374,1.);
#7374 = DIRECTION('',(0.,1.));
#7375 = ( GEOMETRIC_REPRESENTATION_CONTEXT(2) 
PARAMETRIC_REPRESENTATION_CONTEXT() REPRESENTATION_CONTEXT('2D SPACE',''
  ) );
#7376 = ADVANCED_FACE('',(#7377),#7183,.F.);
#7377 = FACE_BOUND('',#7378,.F.);
#7378 = EDGE_LOOP('',(#7379,#7400,#7401,#7422));
#7379 = ORIENTED_EDGE('',*,*,#7380,.F.);
#7380 = EDGE_CURVE('',#7161,#7281,#7381,.T.);
#7381 = SURFACE_CURVE('',#7382,(#7386,#7393),.PCURVE_S1.);
#7382 = LINE('',#7383,#7384);
#7383 = CARTESIAN_POINT('',(-1.125,-1.75,0.));
#7384 = VECTOR('',#7385,1.);
#7385 = DIRECTION('',(1.,0.,-0.));
#7386 = PCURVE('',#7183,#7387);
#7387 = DEFINITIONAL_REPRESENTATION('',(#7388),#7392);
#7388 = LINE('',#7389,#7390);
#7389 = CARTESIAN_POINT('',(0.,0.));
#7390 = VECTOR('',#7391,1.);
#7391 = DIRECTION('',(0.,1.));
#7392 = ( GEOMETRIC_REPRESENTATION_CONTEXT(2) 
PARAMETRIC_REPRESENTATION_CONTEXT() REPRESENTATION_CONTEXT('2D SPACE',''
  ) );
#7393 = PCURVE('',#7211,#7394);
#7394 = DEFINITIONAL_REPRESENTATION('',(#7395),#7399);
#7395 = LINE('',#7396,#7397);
#7396 = CARTESIAN_POINT('',(0.,0.));
#7397 = VECTOR('',#7398,1.);
#7398 = DIRECTION('',(1.,0.));
#7399 = ( GEOMETRIC_REPRESENTATION_CONTEXT(2) 
PARAMETRIC_REPRESENTATION_CONTEXT() REPRESENTATION_CONTEXT('2D SPACE',''
  ) );
#7400 = ORIENTED_EDGE('',*,*,#7160,.T.);
#7401 = ORIENTED_EDGE('',*,*,#7402,.T.);
#7402 = EDGE_CURVE('',#7163,#7283,#7403,.T.);
#7403 = SURFACE_CURVE('',#7404,(#7408,#7415),.PCURVE_S1.);
#7404 = LINE('',#7405,#7406);
#7405 = CARTESIAN_POINT('',(-1.125,-1.75,0.2));
#7406 = VECTOR('',#7407,1.);
#7407 = DIRECTION('',(1.,0.,-0.));
#7408 = PCURVE('',#7183,#7409);
#7409 = DEFINITIONAL_REPRESENTATION('',(#7410),#7414);
#7410 = LINE('',#7411,#7412);
#7411 = CARTESIAN_POINT('',(0.2,0.));
#7412 = VECTOR('',#7413,1.);
#7413 = DIRECTION('',(0.,1.));
#7414 = ( GEOMETRIC_REPRESENTATION_CONTEXT(2) 
PARAMETRIC_REPRESENTATION_CONTEXT() REPRESENTATION_CONTEXT('2D SPACE',''
  ) );
#7415 = PCURVE('',#7265,#7416);
#7416 = DEFINITIONAL_REPRESENTATION('',(#7417),#7421);
#7417 = LINE('',#7418,#7419);
#7418 = CARTESIAN_POINT('',(0.,0.));
#7419 = VECTOR('',#7420,1.);
#7420 = DIRECTION('',(1.,0.));
#7421 = ( GEOMETRIC_REPRESENTATION_CONTEXT(2) 
PARAMETRIC_REPRESENTATION_CONTEXT() REPRESENTATION_CONTEXT('2D SPACE',''
  ) );
#7422 = ORIENTED_EDGE('',*,*,#7280,.F.);
#7423 = ADVANCED_FACE('',(#7424),#7239,.T.);
#7424 = FACE_BOUND('',#7425,.T.);
#7425 = EDGE_LOOP('',(#7426,#7447,#7448,#7469));
#7426 = ORIENTED_EDGE('',*,*,#7427,.F.);
#7427 = EDGE_CURVE('',#7196,#7311,#7428,.T.);
#7428 = SURFACE_CURVE('',#7429,(#7433,#7440),.PCURVE_S1.);
#7429 = LINE('',#7430,#7431);
#7430 = CARTESIAN_POINT('',(-1.125,-1.35,0.));
#7431 = VECTOR('',#7432,1.);
#7432 = DIRECTION('',(1.,0.,-0.));
#7433 = PCURVE('',#7239,#7434);
#7434 = DEFINITIONAL_REPRESENTATION('',(#7435),#7439);
#7435 = LINE('',#7436,#7437);
#7436 = CARTESIAN_POINT('',(0.,0.));
#7437 = VECTOR('',#7438,1.);
#7438 = DIRECTION('',(0.,1.));
#7439 = ( GEOMETRIC_REPRESENTATION_CONTEXT(2) 
PARAMETRIC_REPRESENTATION_CONTEXT() REPRESENTATION_CONTEXT('2D SPACE',''
  ) );
#7440 = PCURVE('',#7211,#7441);
#7441 = DEFINITIONAL_REPRESENTATION('',(#7442),#7446);
#7442 = LINE('',#7443,#7444);
#7443 = CARTESIAN_POINT('',(0.,0.4));
#7444 = VECTOR('',#7445,1.);
#7445 = DIRECTION('',(1.,0.));
#7446 = ( GEOMETRIC_REPRESENTATION_CONTEXT(2) 
PARAMETRIC_REPRESENTATION_CONTEXT() REPRESENTATION_CONTEXT('2D SPACE',''
  ) );
#7447 = ORIENTED_EDGE('',*,*,#7223,.T.);
#7448 = ORIENTED_EDGE('',*,*,#7449,.T.);
#7449 = EDGE_CURVE('',#7224,#7334,#7450,.T.);
#7450 = SURFACE_CURVE('',#7451,(#7455,#7462),.PCURVE_S1.);
#7451 = LINE('',#7452,#7453);
#7452 = CARTESIAN_POINT('',(-1.125,-1.35,0.2));
#7453 = VECTOR('',#7454,1.);
#7454 = DIRECTION('',(1.,0.,-0.));
#7455 = PCURVE('',#7239,#7456);
#7456 = DEFINITIONAL_REPRESENTATION('',(#7457),#7461);
#7457 = LINE('',#7458,#7459);
#7458 = CARTESIAN_POINT('',(0.2,0.));
#7459 = VECTOR('',#7460,1.);
#7460 = DIRECTION('',(0.,1.));
#7461 = ( GEOMETRIC_REPRESENTATION_CONTEXT(2) 
PARAMETRIC_REPRESENTATION_CONTEXT() REPRESENTATION_CONTEXT('2D SPACE',''
  ) );
#7462 = PCURVE('',#7265,#7463);
#7463 = DEFINITIONAL_REPRESENTATION('',(#7464),#7468);
#7464 = LINE('',#7465,#7466);
#7465 = CARTESIAN_POINT('',(0.,0.4));
#7466 = VECTOR('',#7467,1.);
#7467 = DIRECTION('',(1.,0.));
#7468 = ( GEOMETRIC_REPRESENTATION_CONTEXT(2) 
PARAMETRIC_REPRESENTATION_CONTEXT() REPRESENTATION_CONTEXT('2D SPACE',''
  ) );
#7469 = ORIENTED_EDGE('',*,*,#7333,.F.);
#7470 = ADVANCED_FACE('',(#7471),#7211,.F.);
#7471 = FACE_BOUND('',#7472,.F.);
#7472 = EDGE_LOOP('',(#7473,#7474,#7475,#7476));
#7473 = ORIENTED_EDGE('',*,*,#7195,.F.);
#7474 = ORIENTED_EDGE('',*,*,#7380,.T.);
#7475 = ORIENTED_EDGE('',*,*,#7310,.T.);
#7476 = ORIENTED_EDGE('',*,*,#7427,.F.);
#7477 = ADVANCED_FACE('',(#7478),#7265,.T.);
#7478 = FACE_BOUND('',#7479,.T.);
#7479 = EDGE_LOOP('',(#7480,#7481,#7482,#7483));
#7480 = ORIENTED_EDGE('',*,*,#7251,.F.);
#7481 = ORIENTED_EDGE('',*,*,#7402,.T.);
#7482 = ORIENTED_EDGE('',*,*,#7356,.T.);
#7483 = ORIENTED_EDGE('',*,*,#7449,.F.);
#7484 = MANIFOLD_SOLID_BREP('',#7485);
#7485 = CLOSED_SHELL('',(#7486,#7606,#7706,#7753,#7800,#7807));
#7486 = ADVANCED_FACE('',(#7487),#7501,.F.);
#7487 = FACE_BOUND('',#7488,.F.);
#7488 = EDGE_LOOP('',(#7489,#7524,#7552,#7580));
#7489 = ORIENTED_EDGE('',*,*,#7490,.F.);
#7490 = EDGE_CURVE('',#7491,#7493,#7495,.T.);
#7491 = VERTEX_POINT('',#7492);
#7492 = CARTESIAN_POINT('',(1.35,-1.125,0.));
#7493 = VERTEX_POINT('',#7494);
#7494 = CARTESIAN_POINT('',(1.35,-1.125,0.2));
#7495 = SURFACE_CURVE('',#7496,(#7500,#7512),.PCURVE_S1.);
#7496 = LINE('',#7497,#7498);
#7497 = CARTESIAN_POINT('',(1.35,-1.125,0.));
#7498 = VECTOR('',#7499,1.);
#7499 = DIRECTION('',(0.,0.,1.));
#7500 = PCURVE('',#7501,#7506);
#7501 = PLANE('',#7502);
#7502 = AXIS2_PLACEMENT_3D('',#7503,#7504,#7505);
#7503 = CARTESIAN_POINT('',(1.35,-1.125,0.));
#7504 = DIRECTION('',(1.,0.,-0.));
#7505 = DIRECTION('',(0.,0.,1.));
#7506 = DEFINITIONAL_REPRESENTATION('',(#7507),#7511);
#7507 = LINE('',#7508,#7509);
#7508 = CARTESIAN_POINT('',(0.,0.));
#7509 = VECTOR('',#7510,1.);
#7510 = DIRECTION('',(1.,0.));
#7511 = ( GEOMETRIC_REPRESENTATION_CONTEXT(2) 
PARAMETRIC_REPRESENTATION_CONTEXT() REPRESENTATION_CONTEXT('2D SPACE',''
  ) );
#7512 = PCURVE('',#7513,#7518);
#7513 = PLANE('',#7514);
#7514 = AXIS2_PLACEMENT_3D('',#7515,#7516,#7517);
#7515 = CARTESIAN_POINT('',(1.35,-1.125,0.));
#7516 = DIRECTION('',(-0.,1.,0.));
#7517 = DIRECTION('',(0.,0.,1.));
#7518 = DEFINITIONAL_REPRESENTATION('',(#7519),#7523);
#7519 = LINE('',#7520,#7521);
#7520 = CARTESIAN_POINT('',(0.,0.));
#7521 = VECTOR('',#7522,1.);
#7522 = DIRECTION('',(1.,0.));
#7523 = ( GEOMETRIC_REPRESENTATION_CONTEXT(2) 
PARAMETRIC_REPRESENTATION_CONTEXT() REPRESENTATION_CONTEXT('2D SPACE',''
  ) );
#7524 = ORIENTED_EDGE('',*,*,#7525,.T.);
#7525 = EDGE_CURVE('',#7491,#7526,#7528,.T.);
#7526 = VERTEX_POINT('',#7527);
#7527 = CARTESIAN_POINT('',(1.35,-0.875,0.));
#7528 = SURFACE_CURVE('',#7529,(#7533,#7540),.PCURVE_S1.);
#7529 = LINE('',#7530,#7531);
#7530 = CARTESIAN_POINT('',(1.35,-1.125,0.));
#7531 = VECTOR('',#7532,1.);
#7532 = DIRECTION('',(-0.,1.,0.));
#7533 = PCURVE('',#7501,#7534);
#7534 = DEFINITIONAL_REPRESENTATION('',(#7535),#7539);
#7535 = LINE('',#7536,#7537);
#7536 = CARTESIAN_POINT('',(0.,0.));
#7537 = VECTOR('',#7538,1.);
#7538 = DIRECTION('',(0.,-1.));
#7539 = ( GEOMETRIC_REPRESENTATION_CONTEXT(2) 
PARAMETRIC_REPRESENTATION_CONTEXT() REPRESENTATION_CONTEXT('2D SPACE',''
  ) );
#7540 = PCURVE('',#7541,#7546);
#7541 = PLANE('',#7542);
#7542 = AXIS2_PLACEMENT_3D('',#7543,#7544,#7545);
#7543 = CARTESIAN_POINT('',(1.35,-1.125,0.));
#7544 = DIRECTION('',(0.,0.,1.));
#7545 = DIRECTION('',(1.,0.,-0.));
#7546 = DEFINITIONAL_REPRESENTATION('',(#7547),#7551);
#7547 = LINE('',#7548,#7549);
#7548 = CARTESIAN_POINT('',(0.,0.));
#7549 = VECTOR('',#7550,1.);
#7550 = DIRECTION('',(0.,1.));
#7551 = ( GEOMETRIC_REPRESENTATION_CONTEXT(2) 
PARAMETRIC_REPRESENTATION_CONTEXT() REPRESENTATION_CONTEXT('2D SPACE',''
  ) );
#7552 = ORIENTED_EDGE('',*,*,#7553,.T.);
#7553 = EDGE_CURVE('',#7526,#7554,#7556,.T.);
#7554 = VERTEX_POINT('',#7555);
#7555 = CARTESIAN_POINT('',(1.35,-0.875,0.2));
#7556 = SURFACE_CURVE('',#7557,(#7561,#7568),.PCURVE_S1.);
#7557 = LINE('',#7558,#7559);
#7558 = CARTESIAN_POINT('',(1.35,-0.875,0.));
#7559 = VECTOR('',#7560,1.);
#7560 = DIRECTION('',(0.,0.,1.));
#7561 = PCURVE('',#7501,#7562);
#7562 = DEFINITIONAL_REPRESENTATION('',(#7563),#7567);
#7563 = LINE('',#7564,#7565);
#7564 = CARTESIAN_POINT('',(0.,-0.25));
#7565 = VECTOR('',#7566,1.);
#7566 = DIRECTION('',(1.,0.));
#7567 = ( GEOMETRIC_REPRESENTATION_CONTEXT(2) 
PARAMETRIC_REPRESENTATION_CONTEXT() REPRESENTATION_CONTEXT('2D SPACE',''
  ) );
#7568 = PCURVE('',#7569,#7574);
#7569 = PLANE('',#7570);
#7570 = AXIS2_PLACEMENT_3D('',#7571,#7572,#7573);
#7571 = CARTESIAN_POINT('',(1.35,-0.875,0.));
#7572 = DIRECTION('',(-0.,1.,0.));
#7573 = DIRECTION('',(0.,0.,1.));
#7574 = DEFINITIONAL_REPRESENTATION('',(#7575),#7579);
#7575 = LINE('',#7576,#7577);
#7576 = CARTESIAN_POINT('',(0.,0.));
#7577 = VECTOR('',#7578,1.);
#7578 = DIRECTION('',(1.,0.));
#7579 = ( GEOMETRIC_REPRESENTATION_CONTEXT(2) 
PARAMETRIC_REPRESENTATION_CONTEXT() REPRESENTATION_CONTEXT('2D SPACE',''
  ) );
#7580 = ORIENTED_EDGE('',*,*,#7581,.F.);
#7581 = EDGE_CURVE('',#7493,#7554,#7582,.T.);
#7582 = SURFACE_CURVE('',#7583,(#7587,#7594),.PCURVE_S1.);
#7583 = LINE('',#7584,#7585);
#7584 = CARTESIAN_POINT('',(1.35,-1.125,0.2));
#7585 = VECTOR('',#7586,1.);
#7586 = DIRECTION('',(-0.,1.,0.));
#7587 = PCURVE('',#7501,#7588);
#7588 = DEFINITIONAL_REPRESENTATION('',(#7589),#7593);
#7589 = LINE('',#7590,#7591);
#7590 = CARTESIAN_POINT('',(0.2,0.));
#7591 = VECTOR('',#7592,1.);
#7592 = DIRECTION('',(0.,-1.));
#7593 = ( GEOMETRIC_REPRESENTATION_CONTEXT(2) 
PARAMETRIC_REPRESENTATION_CONTEXT() REPRESENTATION_CONTEXT('2D SPACE',''
  ) );
#7594 = PCURVE('',#7595,#7600);
#7595 = PLANE('',#7596);
#7596 = AXIS2_PLACEMENT_3D('',#7597,#7598,#7599);
#7597 = CARTESIAN_POINT('',(1.35,-1.125,0.2));
#7598 = DIRECTION('',(0.,0.,1.));
#7599 = DIRECTION('',(1.,0.,-0.));
#7600 = DEFINITIONAL_REPRESENTATION('',(#7601),#7605);
#7601 = LINE('',#7602,#7603);
#7602 = CARTESIAN_POINT('',(0.,0.));
#7603 = VECTOR('',#7604,1.);
#7604 = DIRECTION('',(0.,1.));
#7605 = ( GEOMETRIC_REPRESENTATION_CONTEXT(2) 
PARAMETRIC_REPRESENTATION_CONTEXT() REPRESENTATION_CONTEXT('2D SPACE',''
  ) );
#7606 = ADVANCED_FACE('',(#7607),#7621,.T.);
#7607 = FACE_BOUND('',#7608,.T.);
#7608 = EDGE_LOOP('',(#7609,#7639,#7662,#7685));
#7609 = ORIENTED_EDGE('',*,*,#7610,.F.);
#7610 = EDGE_CURVE('',#7611,#7613,#7615,.T.);
#7611 = VERTEX_POINT('',#7612);
#7612 = CARTESIAN_POINT('',(1.75,-1.125,0.));
#7613 = VERTEX_POINT('',#7614);
#7614 = CARTESIAN_POINT('',(1.75,-1.125,0.2));
#7615 = SURFACE_CURVE('',#7616,(#7620,#7632),.PCURVE_S1.);
#7616 = LINE('',#7617,#7618);
#7617 = CARTESIAN_POINT('',(1.75,-1.125,0.));
#7618 = VECTOR('',#7619,1.);
#7619 = DIRECTION('',(0.,0.,1.));
#7620 = PCURVE('',#7621,#7626);
#7621 = PLANE('',#7622);
#7622 = AXIS2_PLACEMENT_3D('',#7623,#7624,#7625);
#7623 = CARTESIAN_POINT('',(1.75,-1.125,0.));
#7624 = DIRECTION('',(1.,0.,-0.));
#7625 = DIRECTION('',(0.,0.,1.));
#7626 = DEFINITIONAL_REPRESENTATION('',(#7627),#7631);
#7627 = LINE('',#7628,#7629);
#7628 = CARTESIAN_POINT('',(0.,0.));
#7629 = VECTOR('',#7630,1.);
#7630 = DIRECTION('',(1.,0.));
#7631 = ( GEOMETRIC_REPRESENTATION_CONTEXT(2) 
PARAMETRIC_REPRESENTATION_CONTEXT() REPRESENTATION_CONTEXT('2D SPACE',''
  ) );
#7632 = PCURVE('',#7513,#7633);
#7633 = DEFINITIONAL_REPRESENTATION('',(#7634),#7638);
#7634 = LINE('',#7635,#7636);
#7635 = CARTESIAN_POINT('',(0.,0.4));
#7636 = VECTOR('',#7637,1.);
#7637 = DIRECTION('',(1.,0.));
#7638 = ( GEOMETRIC_REPRESENTATION_CONTEXT(2) 
PARAMETRIC_REPRESENTATION_CONTEXT() REPRESENTATION_CONTEXT('2D SPACE',''
  ) );
#7639 = ORIENTED_EDGE('',*,*,#7640,.T.);
#7640 = EDGE_CURVE('',#7611,#7641,#7643,.T.);
#7641 = VERTEX_POINT('',#7642);
#7642 = CARTESIAN_POINT('',(1.75,-0.875,0.));
#7643 = SURFACE_CURVE('',#7644,(#7648,#7655),.PCURVE_S1.);
#7644 = LINE('',#7645,#7646);
#7645 = CARTESIAN_POINT('',(1.75,-1.125,0.));
#7646 = VECTOR('',#7647,1.);
#7647 = DIRECTION('',(-0.,1.,0.));
#7648 = PCURVE('',#7621,#7649);
#7649 = DEFINITIONAL_REPRESENTATION('',(#7650),#7654);
#7650 = LINE('',#7651,#7652);
#7651 = CARTESIAN_POINT('',(0.,0.));
#7652 = VECTOR('',#7653,1.);
#7653 = DIRECTION('',(0.,-1.));
#7654 = ( GEOMETRIC_REPRESENTATION_CONTEXT(2) 
PARAMETRIC_REPRESENTATION_CONTEXT() REPRESENTATION_CONTEXT('2D SPACE',''
  ) );
#7655 = PCURVE('',#7541,#7656);
#7656 = DEFINITIONAL_REPRESENTATION('',(#7657),#7661);
#7657 = LINE('',#7658,#7659);
#7658 = CARTESIAN_POINT('',(0.4,0.));
#7659 = VECTOR('',#7660,1.);
#7660 = DIRECTION('',(0.,1.));
#7661 = ( GEOMETRIC_REPRESENTATION_CONTEXT(2) 
PARAMETRIC_REPRESENTATION_CONTEXT() REPRESENTATION_CONTEXT('2D SPACE',''
  ) );
#7662 = ORIENTED_EDGE('',*,*,#7663,.T.);
#7663 = EDGE_CURVE('',#7641,#7664,#7666,.T.);
#7664 = VERTEX_POINT('',#7665);
#7665 = CARTESIAN_POINT('',(1.75,-0.875,0.2));
#7666 = SURFACE_CURVE('',#7667,(#7671,#7678),.PCURVE_S1.);
#7667 = LINE('',#7668,#7669);
#7668 = CARTESIAN_POINT('',(1.75,-0.875,0.));
#7669 = VECTOR('',#7670,1.);
#7670 = DIRECTION('',(0.,0.,1.));
#7671 = PCURVE('',#7621,#7672);
#7672 = DEFINITIONAL_REPRESENTATION('',(#7673),#7677);
#7673 = LINE('',#7674,#7675);
#7674 = CARTESIAN_POINT('',(0.,-0.25));
#7675 = VECTOR('',#7676,1.);
#7676 = DIRECTION('',(1.,0.));
#7677 = ( GEOMETRIC_REPRESENTATION_CONTEXT(2) 
PARAMETRIC_REPRESENTATION_CONTEXT() REPRESENTATION_CONTEXT('2D SPACE',''
  ) );
#7678 = PCURVE('',#7569,#7679);
#7679 = DEFINITIONAL_REPRESENTATION('',(#7680),#7684);
#7680 = LINE('',#7681,#7682);
#7681 = CARTESIAN_POINT('',(0.,0.4));
#7682 = VECTOR('',#7683,1.);
#7683 = DIRECTION('',(1.,0.));
#7684 = ( GEOMETRIC_REPRESENTATION_CONTEXT(2) 
PARAMETRIC_REPRESENTATION_CONTEXT() REPRESENTATION_CONTEXT('2D SPACE',''
  ) );
#7685 = ORIENTED_EDGE('',*,*,#7686,.F.);
#7686 = EDGE_CURVE('',#7613,#7664,#7687,.T.);
#7687 = SURFACE_CURVE('',#7688,(#7692,#7699),.PCURVE_S1.);
#7688 = LINE('',#7689,#7690);
#7689 = CARTESIAN_POINT('',(1.75,-1.125,0.2));
#7690 = VECTOR('',#7691,1.);
#7691 = DIRECTION('',(-0.,1.,0.));
#7692 = PCURVE('',#7621,#7693);
#7693 = DEFINITIONAL_REPRESENTATION('',(#7694),#7698);
#7694 = LINE('',#7695,#7696);
#7695 = CARTESIAN_POINT('',(0.2,0.));
#7696 = VECTOR('',#7697,1.);
#7697 = DIRECTION('',(0.,-1.));
#7698 = ( GEOMETRIC_REPRESENTATION_CONTEXT(2) 
PARAMETRIC_REPRESENTATION_CONTEXT() REPRESENTATION_CONTEXT('2D SPACE',''
  ) );
#7699 = PCURVE('',#7595,#7700);
#7700 = DEFINITIONAL_REPRESENTATION('',(#7701),#7705);
#7701 = LINE('',#7702,#7703);
#7702 = CARTESIAN_POINT('',(0.4,0.));
#7703 = VECTOR('',#7704,1.);
#7704 = DIRECTION('',(0.,1.));
#7705 = ( GEOMETRIC_REPRESENTATION_CONTEXT(2) 
PARAMETRIC_REPRESENTATION_CONTEXT() REPRESENTATION_CONTEXT('2D SPACE',''
  ) );
#7706 = ADVANCED_FACE('',(#7707),#7513,.F.);
#7707 = FACE_BOUND('',#7708,.F.);
#7708 = EDGE_LOOP('',(#7709,#7730,#7731,#7752));
#7709 = ORIENTED_EDGE('',*,*,#7710,.F.);
#7710 = EDGE_CURVE('',#7491,#7611,#7711,.T.);
#7711 = SURFACE_CURVE('',#7712,(#7716,#7723),.PCURVE_S1.);
#7712 = LINE('',#7713,#7714);
#7713 = CARTESIAN_POINT('',(1.35,-1.125,0.));
#7714 = VECTOR('',#7715,1.);
#7715 = DIRECTION('',(1.,0.,-0.));
#7716 = PCURVE('',#7513,#7717);
#7717 = DEFINITIONAL_REPRESENTATION('',(#7718),#7722);
#7718 = LINE('',#7719,#7720);
#7719 = CARTESIAN_POINT('',(0.,0.));
#7720 = VECTOR('',#7721,1.);
#7721 = DIRECTION('',(0.,1.));
#7722 = ( GEOMETRIC_REPRESENTATION_CONTEXT(2) 
PARAMETRIC_REPRESENTATION_CONTEXT() REPRESENTATION_CONTEXT('2D SPACE',''
  ) );
#7723 = PCURVE('',#7541,#7724);
#7724 = DEFINITIONAL_REPRESENTATION('',(#7725),#7729);
#7725 = LINE('',#7726,#7727);
#7726 = CARTESIAN_POINT('',(0.,0.));
#7727 = VECTOR('',#7728,1.);
#7728 = DIRECTION('',(1.,0.));
#7729 = ( GEOMETRIC_REPRESENTATION_CONTEXT(2) 
PARAMETRIC_REPRESENTATION_CONTEXT() REPRESENTATION_CONTEXT('2D SPACE',''
  ) );
#7730 = ORIENTED_EDGE('',*,*,#7490,.T.);
#7731 = ORIENTED_EDGE('',*,*,#7732,.T.);
#7732 = EDGE_CURVE('',#7493,#7613,#7733,.T.);
#7733 = SURFACE_CURVE('',#7734,(#7738,#7745),.PCURVE_S1.);
#7734 = LINE('',#7735,#7736);
#7735 = CARTESIAN_POINT('',(1.35,-1.125,0.2));
#7736 = VECTOR('',#7737,1.);
#7737 = DIRECTION('',(1.,0.,-0.));
#7738 = PCURVE('',#7513,#7739);
#7739 = DEFINITIONAL_REPRESENTATION('',(#7740),#7744);
#7740 = LINE('',#7741,#7742);
#7741 = CARTESIAN_POINT('',(0.2,0.));
#7742 = VECTOR('',#7743,1.);
#7743 = DIRECTION('',(0.,1.));
#7744 = ( GEOMETRIC_REPRESENTATION_CONTEXT(2) 
PARAMETRIC_REPRESENTATION_CONTEXT() REPRESENTATION_CONTEXT('2D SPACE',''
  ) );
#7745 = PCURVE('',#7595,#7746);
#7746 = DEFINITIONAL_REPRESENTATION('',(#7747),#7751);
#7747 = LINE('',#7748,#7749);
#7748 = CARTESIAN_POINT('',(0.,0.));
#7749 = VECTOR('',#7750,1.);
#7750 = DIRECTION('',(1.,0.));
#7751 = ( GEOMETRIC_REPRESENTATION_CONTEXT(2) 
PARAMETRIC_REPRESENTATION_CONTEXT() REPRESENTATION_CONTEXT('2D SPACE',''
  ) );
#7752 = ORIENTED_EDGE('',*,*,#7610,.F.);
#7753 = ADVANCED_FACE('',(#7754),#7569,.T.);
#7754 = FACE_BOUND('',#7755,.T.);
#7755 = EDGE_LOOP('',(#7756,#7777,#7778,#7799));
#7756 = ORIENTED_EDGE('',*,*,#7757,.F.);
#7757 = EDGE_CURVE('',#7526,#7641,#7758,.T.);
#7758 = SURFACE_CURVE('',#7759,(#7763,#7770),.PCURVE_S1.);
#7759 = LINE('',#7760,#7761);
#7760 = CARTESIAN_POINT('',(1.35,-0.875,0.));
#7761 = VECTOR('',#7762,1.);
#7762 = DIRECTION('',(1.,0.,-0.));
#7763 = PCURVE('',#7569,#7764);
#7764 = DEFINITIONAL_REPRESENTATION('',(#7765),#7769);
#7765 = LINE('',#7766,#7767);
#7766 = CARTESIAN_POINT('',(0.,0.));
#7767 = VECTOR('',#7768,1.);
#7768 = DIRECTION('',(0.,1.));
#7769 = ( GEOMETRIC_REPRESENTATION_CONTEXT(2) 
PARAMETRIC_REPRESENTATION_CONTEXT() REPRESENTATION_CONTEXT('2D SPACE',''
  ) );
#7770 = PCURVE('',#7541,#7771);
#7771 = DEFINITIONAL_REPRESENTATION('',(#7772),#7776);
#7772 = LINE('',#7773,#7774);
#7773 = CARTESIAN_POINT('',(0.,0.25));
#7774 = VECTOR('',#7775,1.);
#7775 = DIRECTION('',(1.,0.));
#7776 = ( GEOMETRIC_REPRESENTATION_CONTEXT(2) 
PARAMETRIC_REPRESENTATION_CONTEXT() REPRESENTATION_CONTEXT('2D SPACE',''
  ) );
#7777 = ORIENTED_EDGE('',*,*,#7553,.T.);
#7778 = ORIENTED_EDGE('',*,*,#7779,.T.);
#7779 = EDGE_CURVE('',#7554,#7664,#7780,.T.);
#7780 = SURFACE_CURVE('',#7781,(#7785,#7792),.PCURVE_S1.);
#7781 = LINE('',#7782,#7783);
#7782 = CARTESIAN_POINT('',(1.35,-0.875,0.2));
#7783 = VECTOR('',#7784,1.);
#7784 = DIRECTION('',(1.,0.,-0.));
#7785 = PCURVE('',#7569,#7786);
#7786 = DEFINITIONAL_REPRESENTATION('',(#7787),#7791);
#7787 = LINE('',#7788,#7789);
#7788 = CARTESIAN_POINT('',(0.2,0.));
#7789 = VECTOR('',#7790,1.);
#7790 = DIRECTION('',(0.,1.));
#7791 = ( GEOMETRIC_REPRESENTATION_CONTEXT(2) 
PARAMETRIC_REPRESENTATION_CONTEXT() REPRESENTATION_CONTEXT('2D SPACE',''
  ) );
#7792 = PCURVE('',#7595,#7793);
#7793 = DEFINITIONAL_REPRESENTATION('',(#7794),#7798);
#7794 = LINE('',#7795,#7796);
#7795 = CARTESIAN_POINT('',(0.,0.25));
#7796 = VECTOR('',#7797,1.);
#7797 = DIRECTION('',(1.,0.));
#7798 = ( GEOMETRIC_REPRESENTATION_CONTEXT(2) 
PARAMETRIC_REPRESENTATION_CONTEXT() REPRESENTATION_CONTEXT('2D SPACE',''
  ) );
#7799 = ORIENTED_EDGE('',*,*,#7663,.F.);
#7800 = ADVANCED_FACE('',(#7801),#7541,.F.);
#7801 = FACE_BOUND('',#7802,.F.);
#7802 = EDGE_LOOP('',(#7803,#7804,#7805,#7806));
#7803 = ORIENTED_EDGE('',*,*,#7525,.F.);
#7804 = ORIENTED_EDGE('',*,*,#7710,.T.);
#7805 = ORIENTED_EDGE('',*,*,#7640,.T.);
#7806 = ORIENTED_EDGE('',*,*,#7757,.F.);
#7807 = ADVANCED_FACE('',(#7808),#7595,.T.);
#7808 = FACE_BOUND('',#7809,.T.);
#7809 = EDGE_LOOP('',(#7810,#7811,#7812,#7813));
#7810 = ORIENTED_EDGE('',*,*,#7581,.F.);
#7811 = ORIENTED_EDGE('',*,*,#7732,.T.);
#7812 = ORIENTED_EDGE('',*,*,#7686,.T.);
#7813 = ORIENTED_EDGE('',*,*,#7779,.F.);
#7814 = MANIFOLD_SOLID_BREP('',#7815);
#7815 = CLOSED_SHELL('',(#7816,#7936,#8036,#8083,#8130,#8137));
#7816 = ADVANCED_FACE('',(#7817),#7831,.F.);
#7817 = FACE_BOUND('',#7818,.F.);
#7818 = EDGE_LOOP('',(#7819,#7854,#7882,#7910));
#7819 = ORIENTED_EDGE('',*,*,#7820,.F.);
#7820 = EDGE_CURVE('',#7821,#7823,#7825,.T.);
#7821 = VERTEX_POINT('',#7822);
#7822 = CARTESIAN_POINT('',(0.875,1.35,0.));
#7823 = VERTEX_POINT('',#7824);
#7824 = CARTESIAN_POINT('',(0.875,1.35,0.2));
#7825 = SURFACE_CURVE('',#7826,(#7830,#7842),.PCURVE_S1.);
#7826 = LINE('',#7827,#7828);
#7827 = CARTESIAN_POINT('',(0.875,1.35,0.));
#7828 = VECTOR('',#7829,1.);
#7829 = DIRECTION('',(0.,0.,1.));
#7830 = PCURVE('',#7831,#7836);
#7831 = PLANE('',#7832);
#7832 = AXIS2_PLACEMENT_3D('',#7833,#7834,#7835);
#7833 = CARTESIAN_POINT('',(0.875,1.35,0.));
#7834 = DIRECTION('',(1.,0.,-0.));
#7835 = DIRECTION('',(0.,0.,1.));
#7836 = DEFINITIONAL_REPRESENTATION('',(#7837),#7841);
#7837 = LINE('',#7838,#7839);
#7838 = CARTESIAN_POINT('',(0.,0.));
#7839 = VECTOR('',#7840,1.);
#7840 = DIRECTION('',(1.,0.));
#7841 = ( GEOMETRIC_REPRESENTATION_CONTEXT(2) 
PARAMETRIC_REPRESENTATION_CONTEXT() REPRESENTATION_CONTEXT('2D SPACE',''
  ) );
#7842 = PCURVE('',#7843,#7848);
#7843 = PLANE('',#7844);
#7844 = AXIS2_PLACEMENT_3D('',#7845,#7846,#7847);
#7845 = CARTESIAN_POINT('',(0.875,1.35,0.));
#7846 = DIRECTION('',(-0.,1.,0.));
#7847 = DIRECTION('',(0.,0.,1.));
#7848 = DEFINITIONAL_REPRESENTATION('',(#7849),#7853);
#7849 = LINE('',#7850,#7851);
#7850 = CARTESIAN_POINT('',(0.,0.));
#7851 = VECTOR('',#7852,1.);
#7852 = DIRECTION('',(1.,0.));
#7853 = ( GEOMETRIC_REPRESENTATION_CONTEXT(2) 
PARAMETRIC_REPRESENTATION_CONTEXT() REPRESENTATION_CONTEXT('2D SPACE',''
  ) );
#7854 = ORIENTED_EDGE('',*,*,#7855,.T.);
#7855 = EDGE_CURVE('',#7821,#7856,#7858,.T.);
#7856 = VERTEX_POINT('',#7857);
#7857 = CARTESIAN_POINT('',(0.875,1.75,0.));
#7858 = SURFACE_CURVE('',#7859,(#7863,#7870),.PCURVE_S1.);
#7859 = LINE('',#7860,#7861);
#7860 = CARTESIAN_POINT('',(0.875,1.35,0.));
#7861 = VECTOR('',#7862,1.);
#7862 = DIRECTION('',(-0.,1.,0.));
#7863 = PCURVE('',#7831,#7864);
#7864 = DEFINITIONAL_REPRESENTATION('',(#7865),#7869);
#7865 = LINE('',#7866,#7867);
#7866 = CARTESIAN_POINT('',(0.,0.));
#7867 = VECTOR('',#7868,1.);
#7868 = DIRECTION('',(0.,-1.));
#7869 = ( GEOMETRIC_REPRESENTATION_CONTEXT(2) 
PARAMETRIC_REPRESENTATION_CONTEXT() REPRESENTATION_CONTEXT('2D SPACE',''
  ) );
#7870 = PCURVE('',#7871,#7876);
#7871 = PLANE('',#7872);
#7872 = AXIS2_PLACEMENT_3D('',#7873,#7874,#7875);
#7873 = CARTESIAN_POINT('',(0.875,1.35,0.));
#7874 = DIRECTION('',(0.,0.,1.));
#7875 = DIRECTION('',(1.,0.,-0.));
#7876 = DEFINITIONAL_REPRESENTATION('',(#7877),#7881);
#7877 = LINE('',#7878,#7879);
#7878 = CARTESIAN_POINT('',(0.,0.));
#7879 = VECTOR('',#7880,1.);
#7880 = DIRECTION('',(0.,1.));
#7881 = ( GEOMETRIC_REPRESENTATION_CONTEXT(2) 
PARAMETRIC_REPRESENTATION_CONTEXT() REPRESENTATION_CONTEXT('2D SPACE',''
  ) );
#7882 = ORIENTED_EDGE('',*,*,#7883,.T.);
#7883 = EDGE_CURVE('',#7856,#7884,#7886,.T.);
#7884 = VERTEX_POINT('',#7885);
#7885 = CARTESIAN_POINT('',(0.875,1.75,0.2));
#7886 = SURFACE_CURVE('',#7887,(#7891,#7898),.PCURVE_S1.);
#7887 = LINE('',#7888,#7889);
#7888 = CARTESIAN_POINT('',(0.875,1.75,0.));
#7889 = VECTOR('',#7890,1.);
#7890 = DIRECTION('',(0.,0.,1.));
#7891 = PCURVE('',#7831,#7892);
#7892 = DEFINITIONAL_REPRESENTATION('',(#7893),#7897);
#7893 = LINE('',#7894,#7895);
#7894 = CARTESIAN_POINT('',(0.,-0.4));
#7895 = VECTOR('',#7896,1.);
#7896 = DIRECTION('',(1.,0.));
#7897 = ( GEOMETRIC_REPRESENTATION_CONTEXT(2) 
PARAMETRIC_REPRESENTATION_CONTEXT() REPRESENTATION_CONTEXT('2D SPACE',''
  ) );
#7898 = PCURVE('',#7899,#7904);
#7899 = PLANE('',#7900);
#7900 = AXIS2_PLACEMENT_3D('',#7901,#7902,#7903);
#7901 = CARTESIAN_POINT('',(0.875,1.75,0.));
#7902 = DIRECTION('',(-0.,1.,0.));
#7903 = DIRECTION('',(0.,0.,1.));
#7904 = DEFINITIONAL_REPRESENTATION('',(#7905),#7909);
#7905 = LINE('',#7906,#7907);
#7906 = CARTESIAN_POINT('',(0.,0.));
#7907 = VECTOR('',#7908,1.);
#7908 = DIRECTION('',(1.,0.));
#7909 = ( GEOMETRIC_REPRESENTATION_CONTEXT(2) 
PARAMETRIC_REPRESENTATION_CONTEXT() REPRESENTATION_CONTEXT('2D SPACE',''
  ) );
#7910 = ORIENTED_EDGE('',*,*,#7911,.F.);
#7911 = EDGE_CURVE('',#7823,#7884,#7912,.T.);
#7912 = SURFACE_CURVE('',#7913,(#7917,#7924),.PCURVE_S1.);
#7913 = LINE('',#7914,#7915);
#7914 = CARTESIAN_POINT('',(0.875,1.35,0.2));
#7915 = VECTOR('',#7916,1.);
#7916 = DIRECTION('',(-0.,1.,0.));
#7917 = PCURVE('',#7831,#7918);
#7918 = DEFINITIONAL_REPRESENTATION('',(#7919),#7923);
#7919 = LINE('',#7920,#7921);
#7920 = CARTESIAN_POINT('',(0.2,0.));
#7921 = VECTOR('',#7922,1.);
#7922 = DIRECTION('',(0.,-1.));
#7923 = ( GEOMETRIC_REPRESENTATION_CONTEXT(2) 
PARAMETRIC_REPRESENTATION_CONTEXT() REPRESENTATION_CONTEXT('2D SPACE',''
  ) );
#7924 = PCURVE('',#7925,#7930);
#7925 = PLANE('',#7926);
#7926 = AXIS2_PLACEMENT_3D('',#7927,#7928,#7929);
#7927 = CARTESIAN_POINT('',(0.875,1.35,0.2));
#7928 = DIRECTION('',(0.,0.,1.));
#7929 = DIRECTION('',(1.,0.,-0.));
#7930 = DEFINITIONAL_REPRESENTATION('',(#7931),#7935);
#7931 = LINE('',#7932,#7933);
#7932 = CARTESIAN_POINT('',(0.,0.));
#7933 = VECTOR('',#7934,1.);
#7934 = DIRECTION('',(0.,1.));
#7935 = ( GEOMETRIC_REPRESENTATION_CONTEXT(2) 
PARAMETRIC_REPRESENTATION_CONTEXT() REPRESENTATION_CONTEXT('2D SPACE',''
  ) );
#7936 = ADVANCED_FACE('',(#7937),#7951,.T.);
#7937 = FACE_BOUND('',#7938,.T.);
#7938 = EDGE_LOOP('',(#7939,#7969,#7992,#8015));
#7939 = ORIENTED_EDGE('',*,*,#7940,.F.);
#7940 = EDGE_CURVE('',#7941,#7943,#7945,.T.);
#7941 = VERTEX_POINT('',#7942);
#7942 = CARTESIAN_POINT('',(1.125,1.35,0.));
#7943 = VERTEX_POINT('',#7944);
#7944 = CARTESIAN_POINT('',(1.125,1.35,0.2));
#7945 = SURFACE_CURVE('',#7946,(#7950,#7962),.PCURVE_S1.);
#7946 = LINE('',#7947,#7948);
#7947 = CARTESIAN_POINT('',(1.125,1.35,0.));
#7948 = VECTOR('',#7949,1.);
#7949 = DIRECTION('',(0.,0.,1.));
#7950 = PCURVE('',#7951,#7956);
#7951 = PLANE('',#7952);
#7952 = AXIS2_PLACEMENT_3D('',#7953,#7954,#7955);
#7953 = CARTESIAN_POINT('',(1.125,1.35,0.));
#7954 = DIRECTION('',(1.,0.,-0.));
#7955 = DIRECTION('',(0.,0.,1.));
#7956 = DEFINITIONAL_REPRESENTATION('',(#7957),#7961);
#7957 = LINE('',#7958,#7959);
#7958 = CARTESIAN_POINT('',(0.,0.));
#7959 = VECTOR('',#7960,1.);
#7960 = DIRECTION('',(1.,0.));
#7961 = ( GEOMETRIC_REPRESENTATION_CONTEXT(2) 
PARAMETRIC_REPRESENTATION_CONTEXT() REPRESENTATION_CONTEXT('2D SPACE',''
  ) );
#7962 = PCURVE('',#7843,#7963);
#7963 = DEFINITIONAL_REPRESENTATION('',(#7964),#7968);
#7964 = LINE('',#7965,#7966);
#7965 = CARTESIAN_POINT('',(0.,0.25));
#7966 = VECTOR('',#7967,1.);
#7967 = DIRECTION('',(1.,0.));
#7968 = ( GEOMETRIC_REPRESENTATION_CONTEXT(2) 
PARAMETRIC_REPRESENTATION_CONTEXT() REPRESENTATION_CONTEXT('2D SPACE',''
  ) );
#7969 = ORIENTED_EDGE('',*,*,#7970,.T.);
#7970 = EDGE_CURVE('',#7941,#7971,#7973,.T.);
#7971 = VERTEX_POINT('',#7972);
#7972 = CARTESIAN_POINT('',(1.125,1.75,0.));
#7973 = SURFACE_CURVE('',#7974,(#7978,#7985),.PCURVE_S1.);
#7974 = LINE('',#7975,#7976);
#7975 = CARTESIAN_POINT('',(1.125,1.35,0.));
#7976 = VECTOR('',#7977,1.);
#7977 = DIRECTION('',(-0.,1.,0.));
#7978 = PCURVE('',#7951,#7979);
#7979 = DEFINITIONAL_REPRESENTATION('',(#7980),#7984);
#7980 = LINE('',#7981,#7982);
#7981 = CARTESIAN_POINT('',(0.,0.));
#7982 = VECTOR('',#7983,1.);
#7983 = DIRECTION('',(0.,-1.));
#7984 = ( GEOMETRIC_REPRESENTATION_CONTEXT(2) 
PARAMETRIC_REPRESENTATION_CONTEXT() REPRESENTATION_CONTEXT('2D SPACE',''
  ) );
#7985 = PCURVE('',#7871,#7986);
#7986 = DEFINITIONAL_REPRESENTATION('',(#7987),#7991);
#7987 = LINE('',#7988,#7989);
#7988 = CARTESIAN_POINT('',(0.25,0.));
#7989 = VECTOR('',#7990,1.);
#7990 = DIRECTION('',(0.,1.));
#7991 = ( GEOMETRIC_REPRESENTATION_CONTEXT(2) 
PARAMETRIC_REPRESENTATION_CONTEXT() REPRESENTATION_CONTEXT('2D SPACE',''
  ) );
#7992 = ORIENTED_EDGE('',*,*,#7993,.T.);
#7993 = EDGE_CURVE('',#7971,#7994,#7996,.T.);
#7994 = VERTEX_POINT('',#7995);
#7995 = CARTESIAN_POINT('',(1.125,1.75,0.2));
#7996 = SURFACE_CURVE('',#7997,(#8001,#8008),.PCURVE_S1.);
#7997 = LINE('',#7998,#7999);
#7998 = CARTESIAN_POINT('',(1.125,1.75,0.));
#7999 = VECTOR('',#8000,1.);
#8000 = DIRECTION('',(0.,0.,1.));
#8001 = PCURVE('',#7951,#8002);
#8002 = DEFINITIONAL_REPRESENTATION('',(#8003),#8007);
#8003 = LINE('',#8004,#8005);
#8004 = CARTESIAN_POINT('',(0.,-0.4));
#8005 = VECTOR('',#8006,1.);
#8006 = DIRECTION('',(1.,0.));
#8007 = ( GEOMETRIC_REPRESENTATION_CONTEXT(2) 
PARAMETRIC_REPRESENTATION_CONTEXT() REPRESENTATION_CONTEXT('2D SPACE',''
  ) );
#8008 = PCURVE('',#7899,#8009);
#8009 = DEFINITIONAL_REPRESENTATION('',(#8010),#8014);
#8010 = LINE('',#8011,#8012);
#8011 = CARTESIAN_POINT('',(0.,0.25));
#8012 = VECTOR('',#8013,1.);
#8013 = DIRECTION('',(1.,0.));
#8014 = ( GEOMETRIC_REPRESENTATION_CONTEXT(2) 
PARAMETRIC_REPRESENTATION_CONTEXT() REPRESENTATION_CONTEXT('2D SPACE',''
  ) );
#8015 = ORIENTED_EDGE('',*,*,#8016,.F.);
#8016 = EDGE_CURVE('',#7943,#7994,#8017,.T.);
#8017 = SURFACE_CURVE('',#8018,(#8022,#8029),.PCURVE_S1.);
#8018 = LINE('',#8019,#8020);
#8019 = CARTESIAN_POINT('',(1.125,1.35,0.2));
#8020 = VECTOR('',#8021,1.);
#8021 = DIRECTION('',(-0.,1.,0.));
#8022 = PCURVE('',#7951,#8023);
#8023 = DEFINITIONAL_REPRESENTATION('',(#8024),#8028);
#8024 = LINE('',#8025,#8026);
#8025 = CARTESIAN_POINT('',(0.2,0.));
#8026 = VECTOR('',#8027,1.);
#8027 = DIRECTION('',(0.,-1.));
#8028 = ( GEOMETRIC_REPRESENTATION_CONTEXT(2) 
PARAMETRIC_REPRESENTATION_CONTEXT() REPRESENTATION_CONTEXT('2D SPACE',''
  ) );
#8029 = PCURVE('',#7925,#8030);
#8030 = DEFINITIONAL_REPRESENTATION('',(#8031),#8035);
#8031 = LINE('',#8032,#8033);
#8032 = CARTESIAN_POINT('',(0.25,0.));
#8033 = VECTOR('',#8034,1.);
#8034 = DIRECTION('',(0.,1.));
#8035 = ( GEOMETRIC_REPRESENTATION_CONTEXT(2) 
PARAMETRIC_REPRESENTATION_CONTEXT() REPRESENTATION_CONTEXT('2D SPACE',''
  ) );
#8036 = ADVANCED_FACE('',(#8037),#7843,.F.);
#8037 = FACE_BOUND('',#8038,.F.);
#8038 = EDGE_LOOP('',(#8039,#8060,#8061,#8082));
#8039 = ORIENTED_EDGE('',*,*,#8040,.F.);
#8040 = EDGE_CURVE('',#7821,#7941,#8041,.T.);
#8041 = SURFACE_CURVE('',#8042,(#8046,#8053),.PCURVE_S1.);
#8042 = LINE('',#8043,#8044);
#8043 = CARTESIAN_POINT('',(0.875,1.35,0.));
#8044 = VECTOR('',#8045,1.);
#8045 = DIRECTION('',(1.,0.,-0.));
#8046 = PCURVE('',#7843,#8047);
#8047 = DEFINITIONAL_REPRESENTATION('',(#8048),#8052);
#8048 = LINE('',#8049,#8050);
#8049 = CARTESIAN_POINT('',(0.,0.));
#8050 = VECTOR('',#8051,1.);
#8051 = DIRECTION('',(0.,1.));
#8052 = ( GEOMETRIC_REPRESENTATION_CONTEXT(2) 
PARAMETRIC_REPRESENTATION_CONTEXT() REPRESENTATION_CONTEXT('2D SPACE',''
  ) );
#8053 = PCURVE('',#7871,#8054);
#8054 = DEFINITIONAL_REPRESENTATION('',(#8055),#8059);
#8055 = LINE('',#8056,#8057);
#8056 = CARTESIAN_POINT('',(0.,0.));
#8057 = VECTOR('',#8058,1.);
#8058 = DIRECTION('',(1.,0.));
#8059 = ( GEOMETRIC_REPRESENTATION_CONTEXT(2) 
PARAMETRIC_REPRESENTATION_CONTEXT() REPRESENTATION_CONTEXT('2D SPACE',''
  ) );
#8060 = ORIENTED_EDGE('',*,*,#7820,.T.);
#8061 = ORIENTED_EDGE('',*,*,#8062,.T.);
#8062 = EDGE_CURVE('',#7823,#7943,#8063,.T.);
#8063 = SURFACE_CURVE('',#8064,(#8068,#8075),.PCURVE_S1.);
#8064 = LINE('',#8065,#8066);
#8065 = CARTESIAN_POINT('',(0.875,1.35,0.2));
#8066 = VECTOR('',#8067,1.);
#8067 = DIRECTION('',(1.,0.,-0.));
#8068 = PCURVE('',#7843,#8069);
#8069 = DEFINITIONAL_REPRESENTATION('',(#8070),#8074);
#8070 = LINE('',#8071,#8072);
#8071 = CARTESIAN_POINT('',(0.2,0.));
#8072 = VECTOR('',#8073,1.);
#8073 = DIRECTION('',(0.,1.));
#8074 = ( GEOMETRIC_REPRESENTATION_CONTEXT(2) 
PARAMETRIC_REPRESENTATION_CONTEXT() REPRESENTATION_CONTEXT('2D SPACE',''
  ) );
#8075 = PCURVE('',#7925,#8076);
#8076 = DEFINITIONAL_REPRESENTATION('',(#8077),#8081);
#8077 = LINE('',#8078,#8079);
#8078 = CARTESIAN_POINT('',(0.,0.));
#8079 = VECTOR('',#8080,1.);
#8080 = DIRECTION('',(1.,0.));
#8081 = ( GEOMETRIC_REPRESENTATION_CONTEXT(2) 
PARAMETRIC_REPRESENTATION_CONTEXT() REPRESENTATION_CONTEXT('2D SPACE',''
  ) );
#8082 = ORIENTED_EDGE('',*,*,#7940,.F.);
#8083 = ADVANCED_FACE('',(#8084),#7899,.T.);
#8084 = FACE_BOUND('',#8085,.T.);
#8085 = EDGE_LOOP('',(#8086,#8107,#8108,#8129));
#8086 = ORIENTED_EDGE('',*,*,#8087,.F.);
#8087 = EDGE_CURVE('',#7856,#7971,#8088,.T.);
#8088 = SURFACE_CURVE('',#8089,(#8093,#8100),.PCURVE_S1.);
#8089 = LINE('',#8090,#8091);
#8090 = CARTESIAN_POINT('',(0.875,1.75,0.));
#8091 = VECTOR('',#8092,1.);
#8092 = DIRECTION('',(1.,0.,-0.));
#8093 = PCURVE('',#7899,#8094);
#8094 = DEFINITIONAL_REPRESENTATION('',(#8095),#8099);
#8095 = LINE('',#8096,#8097);
#8096 = CARTESIAN_POINT('',(0.,0.));
#8097 = VECTOR('',#8098,1.);
#8098 = DIRECTION('',(0.,1.));
#8099 = ( GEOMETRIC_REPRESENTATION_CONTEXT(2) 
PARAMETRIC_REPRESENTATION_CONTEXT() REPRESENTATION_CONTEXT('2D SPACE',''
  ) );
#8100 = PCURVE('',#7871,#8101);
#8101 = DEFINITIONAL_REPRESENTATION('',(#8102),#8106);
#8102 = LINE('',#8103,#8104);
#8103 = CARTESIAN_POINT('',(0.,0.4));
#8104 = VECTOR('',#8105,1.);
#8105 = DIRECTION('',(1.,0.));
#8106 = ( GEOMETRIC_REPRESENTATION_CONTEXT(2) 
PARAMETRIC_REPRESENTATION_CONTEXT() REPRESENTATION_CONTEXT('2D SPACE',''
  ) );
#8107 = ORIENTED_EDGE('',*,*,#7883,.T.);
#8108 = ORIENTED_EDGE('',*,*,#8109,.T.);
#8109 = EDGE_CURVE('',#7884,#7994,#8110,.T.);
#8110 = SURFACE_CURVE('',#8111,(#8115,#8122),.PCURVE_S1.);
#8111 = LINE('',#8112,#8113);
#8112 = CARTESIAN_POINT('',(0.875,1.75,0.2));
#8113 = VECTOR('',#8114,1.);
#8114 = DIRECTION('',(1.,0.,-0.));
#8115 = PCURVE('',#7899,#8116);
#8116 = DEFINITIONAL_REPRESENTATION('',(#8117),#8121);
#8117 = LINE('',#8118,#8119);
#8118 = CARTESIAN_POINT('',(0.2,0.));
#8119 = VECTOR('',#8120,1.);
#8120 = DIRECTION('',(0.,1.));
#8121 = ( GEOMETRIC_REPRESENTATION_CONTEXT(2) 
PARAMETRIC_REPRESENTATION_CONTEXT() REPRESENTATION_CONTEXT('2D SPACE',''
  ) );
#8122 = PCURVE('',#7925,#8123);
#8123 = DEFINITIONAL_REPRESENTATION('',(#8124),#8128);
#8124 = LINE('',#8125,#8126);
#8125 = CARTESIAN_POINT('',(0.,0.4));
#8126 = VECTOR('',#8127,1.);
#8127 = DIRECTION('',(1.,0.));
#8128 = ( GEOMETRIC_REPRESENTATION_CONTEXT(2) 
PARAMETRIC_REPRESENTATION_CONTEXT() REPRESENTATION_CONTEXT('2D SPACE',''
  ) );
#8129 = ORIENTED_EDGE('',*,*,#7993,.F.);
#8130 = ADVANCED_FACE('',(#8131),#7871,.F.);
#8131 = FACE_BOUND('',#8132,.F.);
#8132 = EDGE_LOOP('',(#8133,#8134,#8135,#8136));
#8133 = ORIENTED_EDGE('',*,*,#7855,.F.);
#8134 = ORIENTED_EDGE('',*,*,#8040,.T.);
#8135 = ORIENTED_EDGE('',*,*,#7970,.T.);
#8136 = ORIENTED_EDGE('',*,*,#8087,.F.);
#8137 = ADVANCED_FACE('',(#8138),#7925,.T.);
#8138 = FACE_BOUND('',#8139,.T.);
#8139 = EDGE_LOOP('',(#8140,#8141,#8142,#8143));
#8140 = ORIENTED_EDGE('',*,*,#7911,.F.);
#8141 = ORIENTED_EDGE('',*,*,#8062,.T.);
#8142 = ORIENTED_EDGE('',*,*,#8016,.T.);
#8143 = ORIENTED_EDGE('',*,*,#8109,.F.);
#8144 = MANIFOLD_SOLID_BREP('',#8145);
#8145 = CLOSED_SHELL('',(#8146,#8266,#8366,#8413,#8460,#8467));
#8146 = ADVANCED_FACE('',(#8147),#8161,.F.);
#8147 = FACE_BOUND('',#8148,.F.);
#8148 = EDGE_LOOP('',(#8149,#8184,#8212,#8240));
#8149 = ORIENTED_EDGE('',*,*,#8150,.F.);
#8150 = EDGE_CURVE('',#8151,#8153,#8155,.T.);
#8151 = VERTEX_POINT('',#8152);
#8152 = CARTESIAN_POINT('',(-1.75,0.375,0.));
#8153 = VERTEX_POINT('',#8154);
#8154 = CARTESIAN_POINT('',(-1.75,0.375,0.2));
#8155 = SURFACE_CURVE('',#8156,(#8160,#8172),.PCURVE_S1.);
#8156 = LINE('',#8157,#8158);
#8157 = CARTESIAN_POINT('',(-1.75,0.375,0.));
#8158 = VECTOR('',#8159,1.);
#8159 = DIRECTION('',(0.,0.,1.));
#8160 = PCURVE('',#8161,#8166);
#8161 = PLANE('',#8162);
#8162 = AXIS2_PLACEMENT_3D('',#8163,#8164,#8165);
#8163 = CARTESIAN_POINT('',(-1.75,0.375,0.));
#8164 = DIRECTION('',(1.,0.,-0.));
#8165 = DIRECTION('',(0.,0.,1.));
#8166 = DEFINITIONAL_REPRESENTATION('',(#8167),#8171);
#8167 = LINE('',#8168,#8169);
#8168 = CARTESIAN_POINT('',(0.,0.));
#8169 = VECTOR('',#8170,1.);
#8170 = DIRECTION('',(1.,0.));
#8171 = ( GEOMETRIC_REPRESENTATION_CONTEXT(2) 
PARAMETRIC_REPRESENTATION_CONTEXT() REPRESENTATION_CONTEXT('2D SPACE',''
  ) );
#8172 = PCURVE('',#8173,#8178);
#8173 = PLANE('',#8174);
#8174 = AXIS2_PLACEMENT_3D('',#8175,#8176,#8177);
#8175 = CARTESIAN_POINT('',(-1.75,0.375,0.));
#8176 = DIRECTION('',(-0.,1.,0.));
#8177 = DIRECTION('',(0.,0.,1.));
#8178 = DEFINITIONAL_REPRESENTATION('',(#8179),#8183);
#8179 = LINE('',#8180,#8181);
#8180 = CARTESIAN_POINT('',(0.,0.));
#8181 = VECTOR('',#8182,1.);
#8182 = DIRECTION('',(1.,0.));
#8183 = ( GEOMETRIC_REPRESENTATION_CONTEXT(2) 
PARAMETRIC_REPRESENTATION_CONTEXT() REPRESENTATION_CONTEXT('2D SPACE',''
  ) );
#8184 = ORIENTED_EDGE('',*,*,#8185,.T.);
#8185 = EDGE_CURVE('',#8151,#8186,#8188,.T.);
#8186 = VERTEX_POINT('',#8187);
#8187 = CARTESIAN_POINT('',(-1.75,0.625,0.));
#8188 = SURFACE_CURVE('',#8189,(#8193,#8200),.PCURVE_S1.);
#8189 = LINE('',#8190,#8191);
#8190 = CARTESIAN_POINT('',(-1.75,0.375,0.));
#8191 = VECTOR('',#8192,1.);
#8192 = DIRECTION('',(-0.,1.,0.));
#8193 = PCURVE('',#8161,#8194);
#8194 = DEFINITIONAL_REPRESENTATION('',(#8195),#8199);
#8195 = LINE('',#8196,#8197);
#8196 = CARTESIAN_POINT('',(0.,0.));
#8197 = VECTOR('',#8198,1.);
#8198 = DIRECTION('',(0.,-1.));
#8199 = ( GEOMETRIC_REPRESENTATION_CONTEXT(2) 
PARAMETRIC_REPRESENTATION_CONTEXT() REPRESENTATION_CONTEXT('2D SPACE',''
  ) );
#8200 = PCURVE('',#8201,#8206);
#8201 = PLANE('',#8202);
#8202 = AXIS2_PLACEMENT_3D('',#8203,#8204,#8205);
#8203 = CARTESIAN_POINT('',(-1.75,0.375,0.));
#8204 = DIRECTION('',(0.,0.,1.));
#8205 = DIRECTION('',(1.,0.,-0.));
#8206 = DEFINITIONAL_REPRESENTATION('',(#8207),#8211);
#8207 = LINE('',#8208,#8209);
#8208 = CARTESIAN_POINT('',(0.,0.));
#8209 = VECTOR('',#8210,1.);
#8210 = DIRECTION('',(0.,1.));
#8211 = ( GEOMETRIC_REPRESENTATION_CONTEXT(2) 
PARAMETRIC_REPRESENTATION_CONTEXT() REPRESENTATION_CONTEXT('2D SPACE',''
  ) );
#8212 = ORIENTED_EDGE('',*,*,#8213,.T.);
#8213 = EDGE_CURVE('',#8186,#8214,#8216,.T.);
#8214 = VERTEX_POINT('',#8215);
#8215 = CARTESIAN_POINT('',(-1.75,0.625,0.2));
#8216 = SURFACE_CURVE('',#8217,(#8221,#8228),.PCURVE_S1.);
#8217 = LINE('',#8218,#8219);
#8218 = CARTESIAN_POINT('',(-1.75,0.625,0.));
#8219 = VECTOR('',#8220,1.);
#8220 = DIRECTION('',(0.,0.,1.));
#8221 = PCURVE('',#8161,#8222);
#8222 = DEFINITIONAL_REPRESENTATION('',(#8223),#8227);
#8223 = LINE('',#8224,#8225);
#8224 = CARTESIAN_POINT('',(0.,-0.25));
#8225 = VECTOR('',#8226,1.);
#8226 = DIRECTION('',(1.,0.));
#8227 = ( GEOMETRIC_REPRESENTATION_CONTEXT(2) 
PARAMETRIC_REPRESENTATION_CONTEXT() REPRESENTATION_CONTEXT('2D SPACE',''
  ) );
#8228 = PCURVE('',#8229,#8234);
#8229 = PLANE('',#8230);
#8230 = AXIS2_PLACEMENT_3D('',#8231,#8232,#8233);
#8231 = CARTESIAN_POINT('',(-1.75,0.625,0.));
#8232 = DIRECTION('',(-0.,1.,0.));
#8233 = DIRECTION('',(0.,0.,1.));
#8234 = DEFINITIONAL_REPRESENTATION('',(#8235),#8239);
#8235 = LINE('',#8236,#8237);
#8236 = CARTESIAN_POINT('',(0.,0.));
#8237 = VECTOR('',#8238,1.);
#8238 = DIRECTION('',(1.,0.));
#8239 = ( GEOMETRIC_REPRESENTATION_CONTEXT(2) 
PARAMETRIC_REPRESENTATION_CONTEXT() REPRESENTATION_CONTEXT('2D SPACE',''
  ) );
#8240 = ORIENTED_EDGE('',*,*,#8241,.F.);
#8241 = EDGE_CURVE('',#8153,#8214,#8242,.T.);
#8242 = SURFACE_CURVE('',#8243,(#8247,#8254),.PCURVE_S1.);
#8243 = LINE('',#8244,#8245);
#8244 = CARTESIAN_POINT('',(-1.75,0.375,0.2));
#8245 = VECTOR('',#8246,1.);
#8246 = DIRECTION('',(-0.,1.,0.));
#8247 = PCURVE('',#8161,#8248);
#8248 = DEFINITIONAL_REPRESENTATION('',(#8249),#8253);
#8249 = LINE('',#8250,#8251);
#8250 = CARTESIAN_POINT('',(0.2,0.));
#8251 = VECTOR('',#8252,1.);
#8252 = DIRECTION('',(0.,-1.));
#8253 = ( GEOMETRIC_REPRESENTATION_CONTEXT(2) 
PARAMETRIC_REPRESENTATION_CONTEXT() REPRESENTATION_CONTEXT('2D SPACE',''
  ) );
#8254 = PCURVE('',#8255,#8260);
#8255 = PLANE('',#8256);
#8256 = AXIS2_PLACEMENT_3D('',#8257,#8258,#8259);
#8257 = CARTESIAN_POINT('',(-1.75,0.375,0.2));
#8258 = DIRECTION('',(0.,0.,1.));
#8259 = DIRECTION('',(1.,0.,-0.));
#8260 = DEFINITIONAL_REPRESENTATION('',(#8261),#8265);
#8261 = LINE('',#8262,#8263);
#8262 = CARTESIAN_POINT('',(0.,0.));
#8263 = VECTOR('',#8264,1.);
#8264 = DIRECTION('',(0.,1.));
#8265 = ( GEOMETRIC_REPRESENTATION_CONTEXT(2) 
PARAMETRIC_REPRESENTATION_CONTEXT() REPRESENTATION_CONTEXT('2D SPACE',''
  ) );
#8266 = ADVANCED_FACE('',(#8267),#8281,.T.);
#8267 = FACE_BOUND('',#8268,.T.);
#8268 = EDGE_LOOP('',(#8269,#8299,#8322,#8345));
#8269 = ORIENTED_EDGE('',*,*,#8270,.F.);
#8270 = EDGE_CURVE('',#8271,#8273,#8275,.T.);
#8271 = VERTEX_POINT('',#8272);
#8272 = CARTESIAN_POINT('',(-1.35,0.375,0.));
#8273 = VERTEX_POINT('',#8274);
#8274 = CARTESIAN_POINT('',(-1.35,0.375,0.2));
#8275 = SURFACE_CURVE('',#8276,(#8280,#8292),.PCURVE_S1.);
#8276 = LINE('',#8277,#8278);
#8277 = CARTESIAN_POINT('',(-1.35,0.375,0.));
#8278 = VECTOR('',#8279,1.);
#8279 = DIRECTION('',(0.,0.,1.));
#8280 = PCURVE('',#8281,#8286);
#8281 = PLANE('',#8282);
#8282 = AXIS2_PLACEMENT_3D('',#8283,#8284,#8285);
#8283 = CARTESIAN_POINT('',(-1.35,0.375,0.));
#8284 = DIRECTION('',(1.,0.,-0.));
#8285 = DIRECTION('',(0.,0.,1.));
#8286 = DEFINITIONAL_REPRESENTATION('',(#8287),#8291);
#8287 = LINE('',#8288,#8289);
#8288 = CARTESIAN_POINT('',(0.,0.));
#8289 = VECTOR('',#8290,1.);
#8290 = DIRECTION('',(1.,0.));
#8291 = ( GEOMETRIC_REPRESENTATION_CONTEXT(2) 
PARAMETRIC_REPRESENTATION_CONTEXT() REPRESENTATION_CONTEXT('2D SPACE',''
  ) );
#8292 = PCURVE('',#8173,#8293);
#8293 = DEFINITIONAL_REPRESENTATION('',(#8294),#8298);
#8294 = LINE('',#8295,#8296);
#8295 = CARTESIAN_POINT('',(0.,0.4));
#8296 = VECTOR('',#8297,1.);
#8297 = DIRECTION('',(1.,0.));
#8298 = ( GEOMETRIC_REPRESENTATION_CONTEXT(2) 
PARAMETRIC_REPRESENTATION_CONTEXT() REPRESENTATION_CONTEXT('2D SPACE',''
  ) );
#8299 = ORIENTED_EDGE('',*,*,#8300,.T.);
#8300 = EDGE_CURVE('',#8271,#8301,#8303,.T.);
#8301 = VERTEX_POINT('',#8302);
#8302 = CARTESIAN_POINT('',(-1.35,0.625,0.));
#8303 = SURFACE_CURVE('',#8304,(#8308,#8315),.PCURVE_S1.);
#8304 = LINE('',#8305,#8306);
#8305 = CARTESIAN_POINT('',(-1.35,0.375,0.));
#8306 = VECTOR('',#8307,1.);
#8307 = DIRECTION('',(-0.,1.,0.));
#8308 = PCURVE('',#8281,#8309);
#8309 = DEFINITIONAL_REPRESENTATION('',(#8310),#8314);
#8310 = LINE('',#8311,#8312);
#8311 = CARTESIAN_POINT('',(0.,0.));
#8312 = VECTOR('',#8313,1.);
#8313 = DIRECTION('',(0.,-1.));
#8314 = ( GEOMETRIC_REPRESENTATION_CONTEXT(2) 
PARAMETRIC_REPRESENTATION_CONTEXT() REPRESENTATION_CONTEXT('2D SPACE',''
  ) );
#8315 = PCURVE('',#8201,#8316);
#8316 = DEFINITIONAL_REPRESENTATION('',(#8317),#8321);
#8317 = LINE('',#8318,#8319);
#8318 = CARTESIAN_POINT('',(0.4,0.));
#8319 = VECTOR('',#8320,1.);
#8320 = DIRECTION('',(0.,1.));
#8321 = ( GEOMETRIC_REPRESENTATION_CONTEXT(2) 
PARAMETRIC_REPRESENTATION_CONTEXT() REPRESENTATION_CONTEXT('2D SPACE',''
  ) );
#8322 = ORIENTED_EDGE('',*,*,#8323,.T.);
#8323 = EDGE_CURVE('',#8301,#8324,#8326,.T.);
#8324 = VERTEX_POINT('',#8325);
#8325 = CARTESIAN_POINT('',(-1.35,0.625,0.2));
#8326 = SURFACE_CURVE('',#8327,(#8331,#8338),.PCURVE_S1.);
#8327 = LINE('',#8328,#8329);
#8328 = CARTESIAN_POINT('',(-1.35,0.625,0.));
#8329 = VECTOR('',#8330,1.);
#8330 = DIRECTION('',(0.,0.,1.));
#8331 = PCURVE('',#8281,#8332);
#8332 = DEFINITIONAL_REPRESENTATION('',(#8333),#8337);
#8333 = LINE('',#8334,#8335);
#8334 = CARTESIAN_POINT('',(0.,-0.25));
#8335 = VECTOR('',#8336,1.);
#8336 = DIRECTION('',(1.,0.));
#8337 = ( GEOMETRIC_REPRESENTATION_CONTEXT(2) 
PARAMETRIC_REPRESENTATION_CONTEXT() REPRESENTATION_CONTEXT('2D SPACE',''
  ) );
#8338 = PCURVE('',#8229,#8339);
#8339 = DEFINITIONAL_REPRESENTATION('',(#8340),#8344);
#8340 = LINE('',#8341,#8342);
#8341 = CARTESIAN_POINT('',(0.,0.4));
#8342 = VECTOR('',#8343,1.);
#8343 = DIRECTION('',(1.,0.));
#8344 = ( GEOMETRIC_REPRESENTATION_CONTEXT(2) 
PARAMETRIC_REPRESENTATION_CONTEXT() REPRESENTATION_CONTEXT('2D SPACE',''
  ) );
#8345 = ORIENTED_EDGE('',*,*,#8346,.F.);
#8346 = EDGE_CURVE('',#8273,#8324,#8347,.T.);
#8347 = SURFACE_CURVE('',#8348,(#8352,#8359),.PCURVE_S1.);
#8348 = LINE('',#8349,#8350);
#8349 = CARTESIAN_POINT('',(-1.35,0.375,0.2));
#8350 = VECTOR('',#8351,1.);
#8351 = DIRECTION('',(-0.,1.,0.));
#8352 = PCURVE('',#8281,#8353);
#8353 = DEFINITIONAL_REPRESENTATION('',(#8354),#8358);
#8354 = LINE('',#8355,#8356);
#8355 = CARTESIAN_POINT('',(0.2,0.));
#8356 = VECTOR('',#8357,1.);
#8357 = DIRECTION('',(0.,-1.));
#8358 = ( GEOMETRIC_REPRESENTATION_CONTEXT(2) 
PARAMETRIC_REPRESENTATION_CONTEXT() REPRESENTATION_CONTEXT('2D SPACE',''
  ) );
#8359 = PCURVE('',#8255,#8360);
#8360 = DEFINITIONAL_REPRESENTATION('',(#8361),#8365);
#8361 = LINE('',#8362,#8363);
#8362 = CARTESIAN_POINT('',(0.4,0.));
#8363 = VECTOR('',#8364,1.);
#8364 = DIRECTION('',(0.,1.));
#8365 = ( GEOMETRIC_REPRESENTATION_CONTEXT(2) 
PARAMETRIC_REPRESENTATION_CONTEXT() REPRESENTATION_CONTEXT('2D SPACE',''
  ) );
#8366 = ADVANCED_FACE('',(#8367),#8173,.F.);
#8367 = FACE_BOUND('',#8368,.F.);
#8368 = EDGE_LOOP('',(#8369,#8390,#8391,#8412));
#8369 = ORIENTED_EDGE('',*,*,#8370,.F.);
#8370 = EDGE_CURVE('',#8151,#8271,#8371,.T.);
#8371 = SURFACE_CURVE('',#8372,(#8376,#8383),.PCURVE_S1.);
#8372 = LINE('',#8373,#8374);
#8373 = CARTESIAN_POINT('',(-1.75,0.375,0.));
#8374 = VECTOR('',#8375,1.);
#8375 = DIRECTION('',(1.,0.,-0.));
#8376 = PCURVE('',#8173,#8377);
#8377 = DEFINITIONAL_REPRESENTATION('',(#8378),#8382);
#8378 = LINE('',#8379,#8380);
#8379 = CARTESIAN_POINT('',(0.,0.));
#8380 = VECTOR('',#8381,1.);
#8381 = DIRECTION('',(0.,1.));
#8382 = ( GEOMETRIC_REPRESENTATION_CONTEXT(2) 
PARAMETRIC_REPRESENTATION_CONTEXT() REPRESENTATION_CONTEXT('2D SPACE',''
  ) );
#8383 = PCURVE('',#8201,#8384);
#8384 = DEFINITIONAL_REPRESENTATION('',(#8385),#8389);
#8385 = LINE('',#8386,#8387);
#8386 = CARTESIAN_POINT('',(0.,0.));
#8387 = VECTOR('',#8388,1.);
#8388 = DIRECTION('',(1.,0.));
#8389 = ( GEOMETRIC_REPRESENTATION_CONTEXT(2) 
PARAMETRIC_REPRESENTATION_CONTEXT() REPRESENTATION_CONTEXT('2D SPACE',''
  ) );
#8390 = ORIENTED_EDGE('',*,*,#8150,.T.);
#8391 = ORIENTED_EDGE('',*,*,#8392,.T.);
#8392 = EDGE_CURVE('',#8153,#8273,#8393,.T.);
#8393 = SURFACE_CURVE('',#8394,(#8398,#8405),.PCURVE_S1.);
#8394 = LINE('',#8395,#8396);
#8395 = CARTESIAN_POINT('',(-1.75,0.375,0.2));
#8396 = VECTOR('',#8397,1.);
#8397 = DIRECTION('',(1.,0.,-0.));
#8398 = PCURVE('',#8173,#8399);
#8399 = DEFINITIONAL_REPRESENTATION('',(#8400),#8404);
#8400 = LINE('',#8401,#8402);
#8401 = CARTESIAN_POINT('',(0.2,0.));
#8402 = VECTOR('',#8403,1.);
#8403 = DIRECTION('',(0.,1.));
#8404 = ( GEOMETRIC_REPRESENTATION_CONTEXT(2) 
PARAMETRIC_REPRESENTATION_CONTEXT() REPRESENTATION_CONTEXT('2D SPACE',''
  ) );
#8405 = PCURVE('',#8255,#8406);
#8406 = DEFINITIONAL_REPRESENTATION('',(#8407),#8411);
#8407 = LINE('',#8408,#8409);
#8408 = CARTESIAN_POINT('',(0.,0.));
#8409 = VECTOR('',#8410,1.);
#8410 = DIRECTION('',(1.,0.));
#8411 = ( GEOMETRIC_REPRESENTATION_CONTEXT(2) 
PARAMETRIC_REPRESENTATION_CONTEXT() REPRESENTATION_CONTEXT('2D SPACE',''
  ) );
#8412 = ORIENTED_EDGE('',*,*,#8270,.F.);
#8413 = ADVANCED_FACE('',(#8414),#8229,.T.);
#8414 = FACE_BOUND('',#8415,.T.);
#8415 = EDGE_LOOP('',(#8416,#8437,#8438,#8459));
#8416 = ORIENTED_EDGE('',*,*,#8417,.F.);
#8417 = EDGE_CURVE('',#8186,#8301,#8418,.T.);
#8418 = SURFACE_CURVE('',#8419,(#8423,#8430),.PCURVE_S1.);
#8419 = LINE('',#8420,#8421);
#8420 = CARTESIAN_POINT('',(-1.75,0.625,0.));
#8421 = VECTOR('',#8422,1.);
#8422 = DIRECTION('',(1.,0.,-0.));
#8423 = PCURVE('',#8229,#8424);
#8424 = DEFINITIONAL_REPRESENTATION('',(#8425),#8429);
#8425 = LINE('',#8426,#8427);
#8426 = CARTESIAN_POINT('',(0.,0.));
#8427 = VECTOR('',#8428,1.);
#8428 = DIRECTION('',(0.,1.));
#8429 = ( GEOMETRIC_REPRESENTATION_CONTEXT(2) 
PARAMETRIC_REPRESENTATION_CONTEXT() REPRESENTATION_CONTEXT('2D SPACE',''
  ) );
#8430 = PCURVE('',#8201,#8431);
#8431 = DEFINITIONAL_REPRESENTATION('',(#8432),#8436);
#8432 = LINE('',#8433,#8434);
#8433 = CARTESIAN_POINT('',(0.,0.25));
#8434 = VECTOR('',#8435,1.);
#8435 = DIRECTION('',(1.,0.));
#8436 = ( GEOMETRIC_REPRESENTATION_CONTEXT(2) 
PARAMETRIC_REPRESENTATION_CONTEXT() REPRESENTATION_CONTEXT('2D SPACE',''
  ) );
#8437 = ORIENTED_EDGE('',*,*,#8213,.T.);
#8438 = ORIENTED_EDGE('',*,*,#8439,.T.);
#8439 = EDGE_CURVE('',#8214,#8324,#8440,.T.);
#8440 = SURFACE_CURVE('',#8441,(#8445,#8452),.PCURVE_S1.);
#8441 = LINE('',#8442,#8443);
#8442 = CARTESIAN_POINT('',(-1.75,0.625,0.2));
#8443 = VECTOR('',#8444,1.);
#8444 = DIRECTION('',(1.,0.,-0.));
#8445 = PCURVE('',#8229,#8446);
#8446 = DEFINITIONAL_REPRESENTATION('',(#8447),#8451);
#8447 = LINE('',#8448,#8449);
#8448 = CARTESIAN_POINT('',(0.2,0.));
#8449 = VECTOR('',#8450,1.);
#8450 = DIRECTION('',(0.,1.));
#8451 = ( GEOMETRIC_REPRESENTATION_CONTEXT(2) 
PARAMETRIC_REPRESENTATION_CONTEXT() REPRESENTATION_CONTEXT('2D SPACE',''
  ) );
#8452 = PCURVE('',#8255,#8453);
#8453 = DEFINITIONAL_REPRESENTATION('',(#8454),#8458);
#8454 = LINE('',#8455,#8456);
#8455 = CARTESIAN_POINT('',(0.,0.25));
#8456 = VECTOR('',#8457,1.);
#8457 = DIRECTION('',(1.,0.));
#8458 = ( GEOMETRIC_REPRESENTATION_CONTEXT(2) 
PARAMETRIC_REPRESENTATION_CONTEXT() REPRESENTATION_CONTEXT('2D SPACE',''
  ) );
#8459 = ORIENTED_EDGE('',*,*,#8323,.F.);
#8460 = ADVANCED_FACE('',(#8461),#8201,.F.);
#8461 = FACE_BOUND('',#8462,.F.);
#8462 = EDGE_LOOP('',(#8463,#8464,#8465,#8466));
#8463 = ORIENTED_EDGE('',*,*,#8185,.F.);
#8464 = ORIENTED_EDGE('',*,*,#8370,.T.);
#8465 = ORIENTED_EDGE('',*,*,#8300,.T.);
#8466 = ORIENTED_EDGE('',*,*,#8417,.F.);
#8467 = ADVANCED_FACE('',(#8468),#8255,.T.);
#8468 = FACE_BOUND('',#8469,.T.);
#8469 = EDGE_LOOP('',(#8470,#8471,#8472,#8473));
#8470 = ORIENTED_EDGE('',*,*,#8241,.F.);
#8471 = ORIENTED_EDGE('',*,*,#8392,.T.);
#8472 = ORIENTED_EDGE('',*,*,#8346,.T.);
#8473 = ORIENTED_EDGE('',*,*,#8439,.F.);
#8474 = MANIFOLD_SOLID_BREP('',#8475);
#8475 = CLOSED_SHELL('',(#8476,#8596,#8696,#8743,#8790,#8797));
#8476 = ADVANCED_FACE('',(#8477),#8491,.F.);
#8477 = FACE_BOUND('',#8478,.F.);
#8478 = EDGE_LOOP('',(#8479,#8514,#8542,#8570));
#8479 = ORIENTED_EDGE('',*,*,#8480,.F.);
#8480 = EDGE_CURVE('',#8481,#8483,#8485,.T.);
#8481 = VERTEX_POINT('',#8482);
#8482 = CARTESIAN_POINT('',(-0.625,-1.75,0.));
#8483 = VERTEX_POINT('',#8484);
#8484 = CARTESIAN_POINT('',(-0.625,-1.75,0.2));
#8485 = SURFACE_CURVE('',#8486,(#8490,#8502),.PCURVE_S1.);
#8486 = LINE('',#8487,#8488);
#8487 = CARTESIAN_POINT('',(-0.625,-1.75,0.));
#8488 = VECTOR('',#8489,1.);
#8489 = DIRECTION('',(0.,0.,1.));
#8490 = PCURVE('',#8491,#8496);
#8491 = PLANE('',#8492);
#8492 = AXIS2_PLACEMENT_3D('',#8493,#8494,#8495);
#8493 = CARTESIAN_POINT('',(-0.625,-1.75,0.));
#8494 = DIRECTION('',(1.,0.,-0.));
#8495 = DIRECTION('',(0.,0.,1.));
#8496 = DEFINITIONAL_REPRESENTATION('',(#8497),#8501);
#8497 = LINE('',#8498,#8499);
#8498 = CARTESIAN_POINT('',(0.,0.));
#8499 = VECTOR('',#8500,1.);
#8500 = DIRECTION('',(1.,0.));
#8501 = ( GEOMETRIC_REPRESENTATION_CONTEXT(2) 
PARAMETRIC_REPRESENTATION_CONTEXT() REPRESENTATION_CONTEXT('2D SPACE',''
  ) );
#8502 = PCURVE('',#8503,#8508);
#8503 = PLANE('',#8504);
#8504 = AXIS2_PLACEMENT_3D('',#8505,#8506,#8507);
#8505 = CARTESIAN_POINT('',(-0.625,-1.75,0.));
#8506 = DIRECTION('',(-0.,1.,0.));
#8507 = DIRECTION('',(0.,0.,1.));
#8508 = DEFINITIONAL_REPRESENTATION('',(#8509),#8513);
#8509 = LINE('',#8510,#8511);
#8510 = CARTESIAN_POINT('',(0.,0.));
#8511 = VECTOR('',#8512,1.);
#8512 = DIRECTION('',(1.,0.));
#8513 = ( GEOMETRIC_REPRESENTATION_CONTEXT(2) 
PARAMETRIC_REPRESENTATION_CONTEXT() REPRESENTATION_CONTEXT('2D SPACE',''
  ) );
#8514 = ORIENTED_EDGE('',*,*,#8515,.T.);
#8515 = EDGE_CURVE('',#8481,#8516,#8518,.T.);
#8516 = VERTEX_POINT('',#8517);
#8517 = CARTESIAN_POINT('',(-0.625,-1.35,0.));
#8518 = SURFACE_CURVE('',#8519,(#8523,#8530),.PCURVE_S1.);
#8519 = LINE('',#8520,#8521);
#8520 = CARTESIAN_POINT('',(-0.625,-1.75,0.));
#8521 = VECTOR('',#8522,1.);
#8522 = DIRECTION('',(-0.,1.,0.));
#8523 = PCURVE('',#8491,#8524);
#8524 = DEFINITIONAL_REPRESENTATION('',(#8525),#8529);
#8525 = LINE('',#8526,#8527);
#8526 = CARTESIAN_POINT('',(0.,0.));
#8527 = VECTOR('',#8528,1.);
#8528 = DIRECTION('',(0.,-1.));
#8529 = ( GEOMETRIC_REPRESENTATION_CONTEXT(2) 
PARAMETRIC_REPRESENTATION_CONTEXT() REPRESENTATION_CONTEXT('2D SPACE',''
  ) );
#8530 = PCURVE('',#8531,#8536);
#8531 = PLANE('',#8532);
#8532 = AXIS2_PLACEMENT_3D('',#8533,#8534,#8535);
#8533 = CARTESIAN_POINT('',(-0.625,-1.75,0.));
#8534 = DIRECTION('',(0.,0.,1.));
#8535 = DIRECTION('',(1.,0.,-0.));
#8536 = DEFINITIONAL_REPRESENTATION('',(#8537),#8541);
#8537 = LINE('',#8538,#8539);
#8538 = CARTESIAN_POINT('',(0.,0.));
#8539 = VECTOR('',#8540,1.);
#8540 = DIRECTION('',(0.,1.));
#8541 = ( GEOMETRIC_REPRESENTATION_CONTEXT(2) 
PARAMETRIC_REPRESENTATION_CONTEXT() REPRESENTATION_CONTEXT('2D SPACE',''
  ) );
#8542 = ORIENTED_EDGE('',*,*,#8543,.T.);
#8543 = EDGE_CURVE('',#8516,#8544,#8546,.T.);
#8544 = VERTEX_POINT('',#8545);
#8545 = CARTESIAN_POINT('',(-0.625,-1.35,0.2));
#8546 = SURFACE_CURVE('',#8547,(#8551,#8558),.PCURVE_S1.);
#8547 = LINE('',#8548,#8549);
#8548 = CARTESIAN_POINT('',(-0.625,-1.35,0.));
#8549 = VECTOR('',#8550,1.);
#8550 = DIRECTION('',(0.,0.,1.));
#8551 = PCURVE('',#8491,#8552);
#8552 = DEFINITIONAL_REPRESENTATION('',(#8553),#8557);
#8553 = LINE('',#8554,#8555);
#8554 = CARTESIAN_POINT('',(0.,-0.4));
#8555 = VECTOR('',#8556,1.);
#8556 = DIRECTION('',(1.,0.));
#8557 = ( GEOMETRIC_REPRESENTATION_CONTEXT(2) 
PARAMETRIC_REPRESENTATION_CONTEXT() REPRESENTATION_CONTEXT('2D SPACE',''
  ) );
#8558 = PCURVE('',#8559,#8564);
#8559 = PLANE('',#8560);
#8560 = AXIS2_PLACEMENT_3D('',#8561,#8562,#8563);
#8561 = CARTESIAN_POINT('',(-0.625,-1.35,0.));
#8562 = DIRECTION('',(-0.,1.,0.));
#8563 = DIRECTION('',(0.,0.,1.));
#8564 = DEFINITIONAL_REPRESENTATION('',(#8565),#8569);
#8565 = LINE('',#8566,#8567);
#8566 = CARTESIAN_POINT('',(0.,0.));
#8567 = VECTOR('',#8568,1.);
#8568 = DIRECTION('',(1.,0.));
#8569 = ( GEOMETRIC_REPRESENTATION_CONTEXT(2) 
PARAMETRIC_REPRESENTATION_CONTEXT() REPRESENTATION_CONTEXT('2D SPACE',''
  ) );
#8570 = ORIENTED_EDGE('',*,*,#8571,.F.);
#8571 = EDGE_CURVE('',#8483,#8544,#8572,.T.);
#8572 = SURFACE_CURVE('',#8573,(#8577,#8584),.PCURVE_S1.);
#8573 = LINE('',#8574,#8575);
#8574 = CARTESIAN_POINT('',(-0.625,-1.75,0.2));
#8575 = VECTOR('',#8576,1.);
#8576 = DIRECTION('',(-0.,1.,0.));
#8577 = PCURVE('',#8491,#8578);
#8578 = DEFINITIONAL_REPRESENTATION('',(#8579),#8583);
#8579 = LINE('',#8580,#8581);
#8580 = CARTESIAN_POINT('',(0.2,0.));
#8581 = VECTOR('',#8582,1.);
#8582 = DIRECTION('',(0.,-1.));
#8583 = ( GEOMETRIC_REPRESENTATION_CONTEXT(2) 
PARAMETRIC_REPRESENTATION_CONTEXT() REPRESENTATION_CONTEXT('2D SPACE',''
  ) );
#8584 = PCURVE('',#8585,#8590);
#8585 = PLANE('',#8586);
#8586 = AXIS2_PLACEMENT_3D('',#8587,#8588,#8589);
#8587 = CARTESIAN_POINT('',(-0.625,-1.75,0.2));
#8588 = DIRECTION('',(0.,0.,1.));
#8589 = DIRECTION('',(1.,0.,-0.));
#8590 = DEFINITIONAL_REPRESENTATION('',(#8591),#8595);
#8591 = LINE('',#8592,#8593);
#8592 = CARTESIAN_POINT('',(0.,0.));
#8593 = VECTOR('',#8594,1.);
#8594 = DIRECTION('',(0.,1.));
#8595 = ( GEOMETRIC_REPRESENTATION_CONTEXT(2) 
PARAMETRIC_REPRESENTATION_CONTEXT() REPRESENTATION_CONTEXT('2D SPACE',''
  ) );
#8596 = ADVANCED_FACE('',(#8597),#8611,.T.);
#8597 = FACE_BOUND('',#8598,.T.);
#8598 = EDGE_LOOP('',(#8599,#8629,#8652,#8675));
#8599 = ORIENTED_EDGE('',*,*,#8600,.F.);
#8600 = EDGE_CURVE('',#8601,#8603,#8605,.T.);
#8601 = VERTEX_POINT('',#8602);
#8602 = CARTESIAN_POINT('',(-0.375,-1.75,0.));
#8603 = VERTEX_POINT('',#8604);
#8604 = CARTESIAN_POINT('',(-0.375,-1.75,0.2));
#8605 = SURFACE_CURVE('',#8606,(#8610,#8622),.PCURVE_S1.);
#8606 = LINE('',#8607,#8608);
#8607 = CARTESIAN_POINT('',(-0.375,-1.75,0.));
#8608 = VECTOR('',#8609,1.);
#8609 = DIRECTION('',(0.,0.,1.));
#8610 = PCURVE('',#8611,#8616);
#8611 = PLANE('',#8612);
#8612 = AXIS2_PLACEMENT_3D('',#8613,#8614,#8615);
#8613 = CARTESIAN_POINT('',(-0.375,-1.75,0.));
#8614 = DIRECTION('',(1.,0.,-0.));
#8615 = DIRECTION('',(0.,0.,1.));
#8616 = DEFINITIONAL_REPRESENTATION('',(#8617),#8621);
#8617 = LINE('',#8618,#8619);
#8618 = CARTESIAN_POINT('',(0.,0.));
#8619 = VECTOR('',#8620,1.);
#8620 = DIRECTION('',(1.,0.));
#8621 = ( GEOMETRIC_REPRESENTATION_CONTEXT(2) 
PARAMETRIC_REPRESENTATION_CONTEXT() REPRESENTATION_CONTEXT('2D SPACE',''
  ) );
#8622 = PCURVE('',#8503,#8623);
#8623 = DEFINITIONAL_REPRESENTATION('',(#8624),#8628);
#8624 = LINE('',#8625,#8626);
#8625 = CARTESIAN_POINT('',(0.,0.25));
#8626 = VECTOR('',#8627,1.);
#8627 = DIRECTION('',(1.,0.));
#8628 = ( GEOMETRIC_REPRESENTATION_CONTEXT(2) 
PARAMETRIC_REPRESENTATION_CONTEXT() REPRESENTATION_CONTEXT('2D SPACE',''
  ) );
#8629 = ORIENTED_EDGE('',*,*,#8630,.T.);
#8630 = EDGE_CURVE('',#8601,#8631,#8633,.T.);
#8631 = VERTEX_POINT('',#8632);
#8632 = CARTESIAN_POINT('',(-0.375,-1.35,0.));
#8633 = SURFACE_CURVE('',#8634,(#8638,#8645),.PCURVE_S1.);
#8634 = LINE('',#8635,#8636);
#8635 = CARTESIAN_POINT('',(-0.375,-1.75,0.));
#8636 = VECTOR('',#8637,1.);
#8637 = DIRECTION('',(-0.,1.,0.));
#8638 = PCURVE('',#8611,#8639);
#8639 = DEFINITIONAL_REPRESENTATION('',(#8640),#8644);
#8640 = LINE('',#8641,#8642);
#8641 = CARTESIAN_POINT('',(0.,0.));
#8642 = VECTOR('',#8643,1.);
#8643 = DIRECTION('',(0.,-1.));
#8644 = ( GEOMETRIC_REPRESENTATION_CONTEXT(2) 
PARAMETRIC_REPRESENTATION_CONTEXT() REPRESENTATION_CONTEXT('2D SPACE',''
  ) );
#8645 = PCURVE('',#8531,#8646);
#8646 = DEFINITIONAL_REPRESENTATION('',(#8647),#8651);
#8647 = LINE('',#8648,#8649);
#8648 = CARTESIAN_POINT('',(0.25,0.));
#8649 = VECTOR('',#8650,1.);
#8650 = DIRECTION('',(0.,1.));
#8651 = ( GEOMETRIC_REPRESENTATION_CONTEXT(2) 
PARAMETRIC_REPRESENTATION_CONTEXT() REPRESENTATION_CONTEXT('2D SPACE',''
  ) );
#8652 = ORIENTED_EDGE('',*,*,#8653,.T.);
#8653 = EDGE_CURVE('',#8631,#8654,#8656,.T.);
#8654 = VERTEX_POINT('',#8655);
#8655 = CARTESIAN_POINT('',(-0.375,-1.35,0.2));
#8656 = SURFACE_CURVE('',#8657,(#8661,#8668),.PCURVE_S1.);
#8657 = LINE('',#8658,#8659);
#8658 = CARTESIAN_POINT('',(-0.375,-1.35,0.));
#8659 = VECTOR('',#8660,1.);
#8660 = DIRECTION('',(0.,0.,1.));
#8661 = PCURVE('',#8611,#8662);
#8662 = DEFINITIONAL_REPRESENTATION('',(#8663),#8667);
#8663 = LINE('',#8664,#8665);
#8664 = CARTESIAN_POINT('',(0.,-0.4));
#8665 = VECTOR('',#8666,1.);
#8666 = DIRECTION('',(1.,0.));
#8667 = ( GEOMETRIC_REPRESENTATION_CONTEXT(2) 
PARAMETRIC_REPRESENTATION_CONTEXT() REPRESENTATION_CONTEXT('2D SPACE',''
  ) );
#8668 = PCURVE('',#8559,#8669);
#8669 = DEFINITIONAL_REPRESENTATION('',(#8670),#8674);
#8670 = LINE('',#8671,#8672);
#8671 = CARTESIAN_POINT('',(0.,0.25));
#8672 = VECTOR('',#8673,1.);
#8673 = DIRECTION('',(1.,0.));
#8674 = ( GEOMETRIC_REPRESENTATION_CONTEXT(2) 
PARAMETRIC_REPRESENTATION_CONTEXT() REPRESENTATION_CONTEXT('2D SPACE',''
  ) );
#8675 = ORIENTED_EDGE('',*,*,#8676,.F.);
#8676 = EDGE_CURVE('',#8603,#8654,#8677,.T.);
#8677 = SURFACE_CURVE('',#8678,(#8682,#8689),.PCURVE_S1.);
#8678 = LINE('',#8679,#8680);
#8679 = CARTESIAN_POINT('',(-0.375,-1.75,0.2));
#8680 = VECTOR('',#8681,1.);
#8681 = DIRECTION('',(-0.,1.,0.));
#8682 = PCURVE('',#8611,#8683);
#8683 = DEFINITIONAL_REPRESENTATION('',(#8684),#8688);
#8684 = LINE('',#8685,#8686);
#8685 = CARTESIAN_POINT('',(0.2,0.));
#8686 = VECTOR('',#8687,1.);
#8687 = DIRECTION('',(0.,-1.));
#8688 = ( GEOMETRIC_REPRESENTATION_CONTEXT(2) 
PARAMETRIC_REPRESENTATION_CONTEXT() REPRESENTATION_CONTEXT('2D SPACE',''
  ) );
#8689 = PCURVE('',#8585,#8690);
#8690 = DEFINITIONAL_REPRESENTATION('',(#8691),#8695);
#8691 = LINE('',#8692,#8693);
#8692 = CARTESIAN_POINT('',(0.25,0.));
#8693 = VECTOR('',#8694,1.);
#8694 = DIRECTION('',(0.,1.));
#8695 = ( GEOMETRIC_REPRESENTATION_CONTEXT(2) 
PARAMETRIC_REPRESENTATION_CONTEXT() REPRESENTATION_CONTEXT('2D SPACE',''
  ) );
#8696 = ADVANCED_FACE('',(#8697),#8503,.F.);
#8697 = FACE_BOUND('',#8698,.F.);
#8698 = EDGE_LOOP('',(#8699,#8720,#8721,#8742));
#8699 = ORIENTED_EDGE('',*,*,#8700,.F.);
#8700 = EDGE_CURVE('',#8481,#8601,#8701,.T.);
#8701 = SURFACE_CURVE('',#8702,(#8706,#8713),.PCURVE_S1.);
#8702 = LINE('',#8703,#8704);
#8703 = CARTESIAN_POINT('',(-0.625,-1.75,0.));
#8704 = VECTOR('',#8705,1.);
#8705 = DIRECTION('',(1.,0.,-0.));
#8706 = PCURVE('',#8503,#8707);
#8707 = DEFINITIONAL_REPRESENTATION('',(#8708),#8712);
#8708 = LINE('',#8709,#8710);
#8709 = CARTESIAN_POINT('',(0.,0.));
#8710 = VECTOR('',#8711,1.);
#8711 = DIRECTION('',(0.,1.));
#8712 = ( GEOMETRIC_REPRESENTATION_CONTEXT(2) 
PARAMETRIC_REPRESENTATION_CONTEXT() REPRESENTATION_CONTEXT('2D SPACE',''
  ) );
#8713 = PCURVE('',#8531,#8714);
#8714 = DEFINITIONAL_REPRESENTATION('',(#8715),#8719);
#8715 = LINE('',#8716,#8717);
#8716 = CARTESIAN_POINT('',(0.,0.));
#8717 = VECTOR('',#8718,1.);
#8718 = DIRECTION('',(1.,0.));
#8719 = ( GEOMETRIC_REPRESENTATION_CONTEXT(2) 
PARAMETRIC_REPRESENTATION_CONTEXT() REPRESENTATION_CONTEXT('2D SPACE',''
  ) );
#8720 = ORIENTED_EDGE('',*,*,#8480,.T.);
#8721 = ORIENTED_EDGE('',*,*,#8722,.T.);
#8722 = EDGE_CURVE('',#8483,#8603,#8723,.T.);
#8723 = SURFACE_CURVE('',#8724,(#8728,#8735),.PCURVE_S1.);
#8724 = LINE('',#8725,#8726);
#8725 = CARTESIAN_POINT('',(-0.625,-1.75,0.2));
#8726 = VECTOR('',#8727,1.);
#8727 = DIRECTION('',(1.,0.,-0.));
#8728 = PCURVE('',#8503,#8729);
#8729 = DEFINITIONAL_REPRESENTATION('',(#8730),#8734);
#8730 = LINE('',#8731,#8732);
#8731 = CARTESIAN_POINT('',(0.2,0.));
#8732 = VECTOR('',#8733,1.);
#8733 = DIRECTION('',(0.,1.));
#8734 = ( GEOMETRIC_REPRESENTATION_CONTEXT(2) 
PARAMETRIC_REPRESENTATION_CONTEXT() REPRESENTATION_CONTEXT('2D SPACE',''
  ) );
#8735 = PCURVE('',#8585,#8736);
#8736 = DEFINITIONAL_REPRESENTATION('',(#8737),#8741);
#8737 = LINE('',#8738,#8739);
#8738 = CARTESIAN_POINT('',(0.,0.));
#8739 = VECTOR('',#8740,1.);
#8740 = DIRECTION('',(1.,0.));
#8741 = ( GEOMETRIC_REPRESENTATION_CONTEXT(2) 
PARAMETRIC_REPRESENTATION_CONTEXT() REPRESENTATION_CONTEXT('2D SPACE',''
  ) );
#8742 = ORIENTED_EDGE('',*,*,#8600,.F.);
#8743 = ADVANCED_FACE('',(#8744),#8559,.T.);
#8744 = FACE_BOUND('',#8745,.T.);
#8745 = EDGE_LOOP('',(#8746,#8767,#8768,#8789));
#8746 = ORIENTED_EDGE('',*,*,#8747,.F.);
#8747 = EDGE_CURVE('',#8516,#8631,#8748,.T.);
#8748 = SURFACE_CURVE('',#8749,(#8753,#8760),.PCURVE_S1.);
#8749 = LINE('',#8750,#8751);
#8750 = CARTESIAN_POINT('',(-0.625,-1.35,0.));
#8751 = VECTOR('',#8752,1.);
#8752 = DIRECTION('',(1.,0.,-0.));
#8753 = PCURVE('',#8559,#8754);
#8754 = DEFINITIONAL_REPRESENTATION('',(#8755),#8759);
#8755 = LINE('',#8756,#8757);
#8756 = CARTESIAN_POINT('',(0.,0.));
#8757 = VECTOR('',#8758,1.);
#8758 = DIRECTION('',(0.,1.));
#8759 = ( GEOMETRIC_REPRESENTATION_CONTEXT(2) 
PARAMETRIC_REPRESENTATION_CONTEXT() REPRESENTATION_CONTEXT('2D SPACE',''
  ) );
#8760 = PCURVE('',#8531,#8761);
#8761 = DEFINITIONAL_REPRESENTATION('',(#8762),#8766);
#8762 = LINE('',#8763,#8764);
#8763 = CARTESIAN_POINT('',(0.,0.4));
#8764 = VECTOR('',#8765,1.);
#8765 = DIRECTION('',(1.,0.));
#8766 = ( GEOMETRIC_REPRESENTATION_CONTEXT(2) 
PARAMETRIC_REPRESENTATION_CONTEXT() REPRESENTATION_CONTEXT('2D SPACE',''
  ) );
#8767 = ORIENTED_EDGE('',*,*,#8543,.T.);
#8768 = ORIENTED_EDGE('',*,*,#8769,.T.);
#8769 = EDGE_CURVE('',#8544,#8654,#8770,.T.);
#8770 = SURFACE_CURVE('',#8771,(#8775,#8782),.PCURVE_S1.);
#8771 = LINE('',#8772,#8773);
#8772 = CARTESIAN_POINT('',(-0.625,-1.35,0.2));
#8773 = VECTOR('',#8774,1.);
#8774 = DIRECTION('',(1.,0.,-0.));
#8775 = PCURVE('',#8559,#8776);
#8776 = DEFINITIONAL_REPRESENTATION('',(#8777),#8781);
#8777 = LINE('',#8778,#8779);
#8778 = CARTESIAN_POINT('',(0.2,0.));
#8779 = VECTOR('',#8780,1.);
#8780 = DIRECTION('',(0.,1.));
#8781 = ( GEOMETRIC_REPRESENTATION_CONTEXT(2) 
PARAMETRIC_REPRESENTATION_CONTEXT() REPRESENTATION_CONTEXT('2D SPACE',''
  ) );
#8782 = PCURVE('',#8585,#8783);
#8783 = DEFINITIONAL_REPRESENTATION('',(#8784),#8788);
#8784 = LINE('',#8785,#8786);
#8785 = CARTESIAN_POINT('',(0.,0.4));
#8786 = VECTOR('',#8787,1.);
#8787 = DIRECTION('',(1.,0.));
#8788 = ( GEOMETRIC_REPRESENTATION_CONTEXT(2) 
PARAMETRIC_REPRESENTATION_CONTEXT() REPRESENTATION_CONTEXT('2D SPACE',''
  ) );
#8789 = ORIENTED_EDGE('',*,*,#8653,.F.);
#8790 = ADVANCED_FACE('',(#8791),#8531,.F.);
#8791 = FACE_BOUND('',#8792,.F.);
#8792 = EDGE_LOOP('',(#8793,#8794,#8795,#8796));
#8793 = ORIENTED_EDGE('',*,*,#8515,.F.);
#8794 = ORIENTED_EDGE('',*,*,#8700,.T.);
#8795 = ORIENTED_EDGE('',*,*,#8630,.T.);
#8796 = ORIENTED_EDGE('',*,*,#8747,.F.);
#8797 = ADVANCED_FACE('',(#8798),#8585,.T.);
#8798 = FACE_BOUND('',#8799,.T.);
#8799 = EDGE_LOOP('',(#8800,#8801,#8802,#8803));
#8800 = ORIENTED_EDGE('',*,*,#8571,.F.);
#8801 = ORIENTED_EDGE('',*,*,#8722,.T.);
#8802 = ORIENTED_EDGE('',*,*,#8676,.T.);
#8803 = ORIENTED_EDGE('',*,*,#8769,.F.);
#8804 = MANIFOLD_SOLID_BREP('',#8805);
#8805 = CLOSED_SHELL('',(#8806,#8926,#9026,#9073,#9120,#9127));
#8806 = ADVANCED_FACE('',(#8807),#8821,.F.);
#8807 = FACE_BOUND('',#8808,.F.);
#8808 = EDGE_LOOP('',(#8809,#8844,#8872,#8900));
#8809 = ORIENTED_EDGE('',*,*,#8810,.F.);
#8810 = EDGE_CURVE('',#8811,#8813,#8815,.T.);
#8811 = VERTEX_POINT('',#8812);
#8812 = CARTESIAN_POINT('',(1.35,-0.625,0.));
#8813 = VERTEX_POINT('',#8814);
#8814 = CARTESIAN_POINT('',(1.35,-0.625,0.2));
#8815 = SURFACE_CURVE('',#8816,(#8820,#8832),.PCURVE_S1.);
#8816 = LINE('',#8817,#8818);
#8817 = CARTESIAN_POINT('',(1.35,-0.625,0.));
#8818 = VECTOR('',#8819,1.);
#8819 = DIRECTION('',(0.,0.,1.));
#8820 = PCURVE('',#8821,#8826);
#8821 = PLANE('',#8822);
#8822 = AXIS2_PLACEMENT_3D('',#8823,#8824,#8825);
#8823 = CARTESIAN_POINT('',(1.35,-0.625,0.));
#8824 = DIRECTION('',(1.,0.,-0.));
#8825 = DIRECTION('',(0.,0.,1.));
#8826 = DEFINITIONAL_REPRESENTATION('',(#8827),#8831);
#8827 = LINE('',#8828,#8829);
#8828 = CARTESIAN_POINT('',(0.,0.));
#8829 = VECTOR('',#8830,1.);
#8830 = DIRECTION('',(1.,0.));
#8831 = ( GEOMETRIC_REPRESENTATION_CONTEXT(2) 
PARAMETRIC_REPRESENTATION_CONTEXT() REPRESENTATION_CONTEXT('2D SPACE',''
  ) );
#8832 = PCURVE('',#8833,#8838);
#8833 = PLANE('',#8834);
#8834 = AXIS2_PLACEMENT_3D('',#8835,#8836,#8837);
#8835 = CARTESIAN_POINT('',(1.35,-0.625,0.));
#8836 = DIRECTION('',(-0.,1.,0.));
#8837 = DIRECTION('',(0.,0.,1.));
#8838 = DEFINITIONAL_REPRESENTATION('',(#8839),#8843);
#8839 = LINE('',#8840,#8841);
#8840 = CARTESIAN_POINT('',(0.,0.));
#8841 = VECTOR('',#8842,1.);
#8842 = DIRECTION('',(1.,0.));
#8843 = ( GEOMETRIC_REPRESENTATION_CONTEXT(2) 
PARAMETRIC_REPRESENTATION_CONTEXT() REPRESENTATION_CONTEXT('2D SPACE',''
  ) );
#8844 = ORIENTED_EDGE('',*,*,#8845,.T.);
#8845 = EDGE_CURVE('',#8811,#8846,#8848,.T.);
#8846 = VERTEX_POINT('',#8847);
#8847 = CARTESIAN_POINT('',(1.35,-0.375,0.));
#8848 = SURFACE_CURVE('',#8849,(#8853,#8860),.PCURVE_S1.);
#8849 = LINE('',#8850,#8851);
#8850 = CARTESIAN_POINT('',(1.35,-0.625,0.));
#8851 = VECTOR('',#8852,1.);
#8852 = DIRECTION('',(-0.,1.,0.));
#8853 = PCURVE('',#8821,#8854);
#8854 = DEFINITIONAL_REPRESENTATION('',(#8855),#8859);
#8855 = LINE('',#8856,#8857);
#8856 = CARTESIAN_POINT('',(0.,0.));
#8857 = VECTOR('',#8858,1.);
#8858 = DIRECTION('',(0.,-1.));
#8859 = ( GEOMETRIC_REPRESENTATION_CONTEXT(2) 
PARAMETRIC_REPRESENTATION_CONTEXT() REPRESENTATION_CONTEXT('2D SPACE',''
  ) );
#8860 = PCURVE('',#8861,#8866);
#8861 = PLANE('',#8862);
#8862 = AXIS2_PLACEMENT_3D('',#8863,#8864,#8865);
#8863 = CARTESIAN_POINT('',(1.35,-0.625,0.));
#8864 = DIRECTION('',(0.,0.,1.));
#8865 = DIRECTION('',(1.,0.,-0.));
#8866 = DEFINITIONAL_REPRESENTATION('',(#8867),#8871);
#8867 = LINE('',#8868,#8869);
#8868 = CARTESIAN_POINT('',(0.,0.));
#8869 = VECTOR('',#8870,1.);
#8870 = DIRECTION('',(0.,1.));
#8871 = ( GEOMETRIC_REPRESENTATION_CONTEXT(2) 
PARAMETRIC_REPRESENTATION_CONTEXT() REPRESENTATION_CONTEXT('2D SPACE',''
  ) );
#8872 = ORIENTED_EDGE('',*,*,#8873,.T.);
#8873 = EDGE_CURVE('',#8846,#8874,#8876,.T.);
#8874 = VERTEX_POINT('',#8875);
#8875 = CARTESIAN_POINT('',(1.35,-0.375,0.2));
#8876 = SURFACE_CURVE('',#8877,(#8881,#8888),.PCURVE_S1.);
#8877 = LINE('',#8878,#8879);
#8878 = CARTESIAN_POINT('',(1.35,-0.375,0.));
#8879 = VECTOR('',#8880,1.);
#8880 = DIRECTION('',(0.,0.,1.));
#8881 = PCURVE('',#8821,#8882);
#8882 = DEFINITIONAL_REPRESENTATION('',(#8883),#8887);
#8883 = LINE('',#8884,#8885);
#8884 = CARTESIAN_POINT('',(0.,-0.25));
#8885 = VECTOR('',#8886,1.);
#8886 = DIRECTION('',(1.,0.));
#8887 = ( GEOMETRIC_REPRESENTATION_CONTEXT(2) 
PARAMETRIC_REPRESENTATION_CONTEXT() REPRESENTATION_CONTEXT('2D SPACE',''
  ) );
#8888 = PCURVE('',#8889,#8894);
#8889 = PLANE('',#8890);
#8890 = AXIS2_PLACEMENT_3D('',#8891,#8892,#8893);
#8891 = CARTESIAN_POINT('',(1.35,-0.375,0.));
#8892 = DIRECTION('',(-0.,1.,0.));
#8893 = DIRECTION('',(0.,0.,1.));
#8894 = DEFINITIONAL_REPRESENTATION('',(#8895),#8899);
#8895 = LINE('',#8896,#8897);
#8896 = CARTESIAN_POINT('',(0.,0.));
#8897 = VECTOR('',#8898,1.);
#8898 = DIRECTION('',(1.,0.));
#8899 = ( GEOMETRIC_REPRESENTATION_CONTEXT(2) 
PARAMETRIC_REPRESENTATION_CONTEXT() REPRESENTATION_CONTEXT('2D SPACE',''
  ) );
#8900 = ORIENTED_EDGE('',*,*,#8901,.F.);
#8901 = EDGE_CURVE('',#8813,#8874,#8902,.T.);
#8902 = SURFACE_CURVE('',#8903,(#8907,#8914),.PCURVE_S1.);
#8903 = LINE('',#8904,#8905);
#8904 = CARTESIAN_POINT('',(1.35,-0.625,0.2));
#8905 = VECTOR('',#8906,1.);
#8906 = DIRECTION('',(-0.,1.,0.));
#8907 = PCURVE('',#8821,#8908);
#8908 = DEFINITIONAL_REPRESENTATION('',(#8909),#8913);
#8909 = LINE('',#8910,#8911);
#8910 = CARTESIAN_POINT('',(0.2,0.));
#8911 = VECTOR('',#8912,1.);
#8912 = DIRECTION('',(0.,-1.));
#8913 = ( GEOMETRIC_REPRESENTATION_CONTEXT(2) 
PARAMETRIC_REPRESENTATION_CONTEXT() REPRESENTATION_CONTEXT('2D SPACE',''
  ) );
#8914 = PCURVE('',#8915,#8920);
#8915 = PLANE('',#8916);
#8916 = AXIS2_PLACEMENT_3D('',#8917,#8918,#8919);
#8917 = CARTESIAN_POINT('',(1.35,-0.625,0.2));
#8918 = DIRECTION('',(0.,0.,1.));
#8919 = DIRECTION('',(1.,0.,-0.));
#8920 = DEFINITIONAL_REPRESENTATION('',(#8921),#8925);
#8921 = LINE('',#8922,#8923);
#8922 = CARTESIAN_POINT('',(0.,0.));
#8923 = VECTOR('',#8924,1.);
#8924 = DIRECTION('',(0.,1.));
#8925 = ( GEOMETRIC_REPRESENTATION_CONTEXT(2) 
PARAMETRIC_REPRESENTATION_CONTEXT() REPRESENTATION_CONTEXT('2D SPACE',''
  ) );
#8926 = ADVANCED_FACE('',(#8927),#8941,.T.);
#8927 = FACE_BOUND('',#8928,.T.);
#8928 = EDGE_LOOP('',(#8929,#8959,#8982,#9005));
#8929 = ORIENTED_EDGE('',*,*,#8930,.F.);
#8930 = EDGE_CURVE('',#8931,#8933,#8935,.T.);
#8931 = VERTEX_POINT('',#8932);
#8932 = CARTESIAN_POINT('',(1.75,-0.625,0.));
#8933 = VERTEX_POINT('',#8934);
#8934 = CARTESIAN_POINT('',(1.75,-0.625,0.2));
#8935 = SURFACE_CURVE('',#8936,(#8940,#8952),.PCURVE_S1.);
#8936 = LINE('',#8937,#8938);
#8937 = CARTESIAN_POINT('',(1.75,-0.625,0.));
#8938 = VECTOR('',#8939,1.);
#8939 = DIRECTION('',(0.,0.,1.));
#8940 = PCURVE('',#8941,#8946);
#8941 = PLANE('',#8942);
#8942 = AXIS2_PLACEMENT_3D('',#8943,#8944,#8945);
#8943 = CARTESIAN_POINT('',(1.75,-0.625,0.));
#8944 = DIRECTION('',(1.,0.,-0.));
#8945 = DIRECTION('',(0.,0.,1.));
#8946 = DEFINITIONAL_REPRESENTATION('',(#8947),#8951);
#8947 = LINE('',#8948,#8949);
#8948 = CARTESIAN_POINT('',(0.,0.));
#8949 = VECTOR('',#8950,1.);
#8950 = DIRECTION('',(1.,0.));
#8951 = ( GEOMETRIC_REPRESENTATION_CONTEXT(2) 
PARAMETRIC_REPRESENTATION_CONTEXT() REPRESENTATION_CONTEXT('2D SPACE',''
  ) );
#8952 = PCURVE('',#8833,#8953);
#8953 = DEFINITIONAL_REPRESENTATION('',(#8954),#8958);
#8954 = LINE('',#8955,#8956);
#8955 = CARTESIAN_POINT('',(0.,0.4));
#8956 = VECTOR('',#8957,1.);
#8957 = DIRECTION('',(1.,0.));
#8958 = ( GEOMETRIC_REPRESENTATION_CONTEXT(2) 
PARAMETRIC_REPRESENTATION_CONTEXT() REPRESENTATION_CONTEXT('2D SPACE',''
  ) );
#8959 = ORIENTED_EDGE('',*,*,#8960,.T.);
#8960 = EDGE_CURVE('',#8931,#8961,#8963,.T.);
#8961 = VERTEX_POINT('',#8962);
#8962 = CARTESIAN_POINT('',(1.75,-0.375,0.));
#8963 = SURFACE_CURVE('',#8964,(#8968,#8975),.PCURVE_S1.);
#8964 = LINE('',#8965,#8966);
#8965 = CARTESIAN_POINT('',(1.75,-0.625,0.));
#8966 = VECTOR('',#8967,1.);
#8967 = DIRECTION('',(-0.,1.,0.));
#8968 = PCURVE('',#8941,#8969);
#8969 = DEFINITIONAL_REPRESENTATION('',(#8970),#8974);
#8970 = LINE('',#8971,#8972);
#8971 = CARTESIAN_POINT('',(0.,0.));
#8972 = VECTOR('',#8973,1.);
#8973 = DIRECTION('',(0.,-1.));
#8974 = ( GEOMETRIC_REPRESENTATION_CONTEXT(2) 
PARAMETRIC_REPRESENTATION_CONTEXT() REPRESENTATION_CONTEXT('2D SPACE',''
  ) );
#8975 = PCURVE('',#8861,#8976);
#8976 = DEFINITIONAL_REPRESENTATION('',(#8977),#8981);
#8977 = LINE('',#8978,#8979);
#8978 = CARTESIAN_POINT('',(0.4,0.));
#8979 = VECTOR('',#8980,1.);
#8980 = DIRECTION('',(0.,1.));
#8981 = ( GEOMETRIC_REPRESENTATION_CONTEXT(2) 
PARAMETRIC_REPRESENTATION_CONTEXT() REPRESENTATION_CONTEXT('2D SPACE',''
  ) );
#8982 = ORIENTED_EDGE('',*,*,#8983,.T.);
#8983 = EDGE_CURVE('',#8961,#8984,#8986,.T.);
#8984 = VERTEX_POINT('',#8985);
#8985 = CARTESIAN_POINT('',(1.75,-0.375,0.2));
#8986 = SURFACE_CURVE('',#8987,(#8991,#8998),.PCURVE_S1.);
#8987 = LINE('',#8988,#8989);
#8988 = CARTESIAN_POINT('',(1.75,-0.375,0.));
#8989 = VECTOR('',#8990,1.);
#8990 = DIRECTION('',(0.,0.,1.));
#8991 = PCURVE('',#8941,#8992);
#8992 = DEFINITIONAL_REPRESENTATION('',(#8993),#8997);
#8993 = LINE('',#8994,#8995);
#8994 = CARTESIAN_POINT('',(0.,-0.25));
#8995 = VECTOR('',#8996,1.);
#8996 = DIRECTION('',(1.,0.));
#8997 = ( GEOMETRIC_REPRESENTATION_CONTEXT(2) 
PARAMETRIC_REPRESENTATION_CONTEXT() REPRESENTATION_CONTEXT('2D SPACE',''
  ) );
#8998 = PCURVE('',#8889,#8999);
#8999 = DEFINITIONAL_REPRESENTATION('',(#9000),#9004);
#9000 = LINE('',#9001,#9002);
#9001 = CARTESIAN_POINT('',(0.,0.4));
#9002 = VECTOR('',#9003,1.);
#9003 = DIRECTION('',(1.,0.));
#9004 = ( GEOMETRIC_REPRESENTATION_CONTEXT(2) 
PARAMETRIC_REPRESENTATION_CONTEXT() REPRESENTATION_CONTEXT('2D SPACE',''
  ) );
#9005 = ORIENTED_EDGE('',*,*,#9006,.F.);
#9006 = EDGE_CURVE('',#8933,#8984,#9007,.T.);
#9007 = SURFACE_CURVE('',#9008,(#9012,#9019),.PCURVE_S1.);
#9008 = LINE('',#9009,#9010);
#9009 = CARTESIAN_POINT('',(1.75,-0.625,0.2));
#9010 = VECTOR('',#9011,1.);
#9011 = DIRECTION('',(-0.,1.,0.));
#9012 = PCURVE('',#8941,#9013);
#9013 = DEFINITIONAL_REPRESENTATION('',(#9014),#9018);
#9014 = LINE('',#9015,#9016);
#9015 = CARTESIAN_POINT('',(0.2,0.));
#9016 = VECTOR('',#9017,1.);
#9017 = DIRECTION('',(0.,-1.));
#9018 = ( GEOMETRIC_REPRESENTATION_CONTEXT(2) 
PARAMETRIC_REPRESENTATION_CONTEXT() REPRESENTATION_CONTEXT('2D SPACE',''
  ) );
#9019 = PCURVE('',#8915,#9020);
#9020 = DEFINITIONAL_REPRESENTATION('',(#9021),#9025);
#9021 = LINE('',#9022,#9023);
#9022 = CARTESIAN_POINT('',(0.4,0.));
#9023 = VECTOR('',#9024,1.);
#9024 = DIRECTION('',(0.,1.));
#9025 = ( GEOMETRIC_REPRESENTATION_CONTEXT(2) 
PARAMETRIC_REPRESENTATION_CONTEXT() REPRESENTATION_CONTEXT('2D SPACE',''
  ) );
#9026 = ADVANCED_FACE('',(#9027),#8833,.F.);
#9027 = FACE_BOUND('',#9028,.F.);
#9028 = EDGE_LOOP('',(#9029,#9050,#9051,#9072));
#9029 = ORIENTED_EDGE('',*,*,#9030,.F.);
#9030 = EDGE_CURVE('',#8811,#8931,#9031,.T.);
#9031 = SURFACE_CURVE('',#9032,(#9036,#9043),.PCURVE_S1.);
#9032 = LINE('',#9033,#9034);
#9033 = CARTESIAN_POINT('',(1.35,-0.625,0.));
#9034 = VECTOR('',#9035,1.);
#9035 = DIRECTION('',(1.,0.,-0.));
#9036 = PCURVE('',#8833,#9037);
#9037 = DEFINITIONAL_REPRESENTATION('',(#9038),#9042);
#9038 = LINE('',#9039,#9040);
#9039 = CARTESIAN_POINT('',(0.,0.));
#9040 = VECTOR('',#9041,1.);
#9041 = DIRECTION('',(0.,1.));
#9042 = ( GEOMETRIC_REPRESENTATION_CONTEXT(2) 
PARAMETRIC_REPRESENTATION_CONTEXT() REPRESENTATION_CONTEXT('2D SPACE',''
  ) );
#9043 = PCURVE('',#8861,#9044);
#9044 = DEFINITIONAL_REPRESENTATION('',(#9045),#9049);
#9045 = LINE('',#9046,#9047);
#9046 = CARTESIAN_POINT('',(0.,0.));
#9047 = VECTOR('',#9048,1.);
#9048 = DIRECTION('',(1.,0.));
#9049 = ( GEOMETRIC_REPRESENTATION_CONTEXT(2) 
PARAMETRIC_REPRESENTATION_CONTEXT() REPRESENTATION_CONTEXT('2D SPACE',''
  ) );
#9050 = ORIENTED_EDGE('',*,*,#8810,.T.);
#9051 = ORIENTED_EDGE('',*,*,#9052,.T.);
#9052 = EDGE_CURVE('',#8813,#8933,#9053,.T.);
#9053 = SURFACE_CURVE('',#9054,(#9058,#9065),.PCURVE_S1.);
#9054 = LINE('',#9055,#9056);
#9055 = CARTESIAN_POINT('',(1.35,-0.625,0.2));
#9056 = VECTOR('',#9057,1.);
#9057 = DIRECTION('',(1.,0.,-0.));
#9058 = PCURVE('',#8833,#9059);
#9059 = DEFINITIONAL_REPRESENTATION('',(#9060),#9064);
#9060 = LINE('',#9061,#9062);
#9061 = CARTESIAN_POINT('',(0.2,0.));
#9062 = VECTOR('',#9063,1.);
#9063 = DIRECTION('',(0.,1.));
#9064 = ( GEOMETRIC_REPRESENTATION_CONTEXT(2) 
PARAMETRIC_REPRESENTATION_CONTEXT() REPRESENTATION_CONTEXT('2D SPACE',''
  ) );
#9065 = PCURVE('',#8915,#9066);
#9066 = DEFINITIONAL_REPRESENTATION('',(#9067),#9071);
#9067 = LINE('',#9068,#9069);
#9068 = CARTESIAN_POINT('',(0.,0.));
#9069 = VECTOR('',#9070,1.);
#9070 = DIRECTION('',(1.,0.));
#9071 = ( GEOMETRIC_REPRESENTATION_CONTEXT(2) 
PARAMETRIC_REPRESENTATION_CONTEXT() REPRESENTATION_CONTEXT('2D SPACE',''
  ) );
#9072 = ORIENTED_EDGE('',*,*,#8930,.F.);
#9073 = ADVANCED_FACE('',(#9074),#8889,.T.);
#9074 = FACE_BOUND('',#9075,.T.);
#9075 = EDGE_LOOP('',(#9076,#9097,#9098,#9119));
#9076 = ORIENTED_EDGE('',*,*,#9077,.F.);
#9077 = EDGE_CURVE('',#8846,#8961,#9078,.T.);
#9078 = SURFACE_CURVE('',#9079,(#9083,#9090),.PCURVE_S1.);
#9079 = LINE('',#9080,#9081);
#9080 = CARTESIAN_POINT('',(1.35,-0.375,0.));
#9081 = VECTOR('',#9082,1.);
#9082 = DIRECTION('',(1.,0.,-0.));
#9083 = PCURVE('',#8889,#9084);
#9084 = DEFINITIONAL_REPRESENTATION('',(#9085),#9089);
#9085 = LINE('',#9086,#9087);
#9086 = CARTESIAN_POINT('',(0.,0.));
#9087 = VECTOR('',#9088,1.);
#9088 = DIRECTION('',(0.,1.));
#9089 = ( GEOMETRIC_REPRESENTATION_CONTEXT(2) 
PARAMETRIC_REPRESENTATION_CONTEXT() REPRESENTATION_CONTEXT('2D SPACE',''
  ) );
#9090 = PCURVE('',#8861,#9091);
#9091 = DEFINITIONAL_REPRESENTATION('',(#9092),#9096);
#9092 = LINE('',#9093,#9094);
#9093 = CARTESIAN_POINT('',(0.,0.25));
#9094 = VECTOR('',#9095,1.);
#9095 = DIRECTION('',(1.,0.));
#9096 = ( GEOMETRIC_REPRESENTATION_CONTEXT(2) 
PARAMETRIC_REPRESENTATION_CONTEXT() REPRESENTATION_CONTEXT('2D SPACE',''
  ) );
#9097 = ORIENTED_EDGE('',*,*,#8873,.T.);
#9098 = ORIENTED_EDGE('',*,*,#9099,.T.);
#9099 = EDGE_CURVE('',#8874,#8984,#9100,.T.);
#9100 = SURFACE_CURVE('',#9101,(#9105,#9112),.PCURVE_S1.);
#9101 = LINE('',#9102,#9103);
#9102 = CARTESIAN_POINT('',(1.35,-0.375,0.2));
#9103 = VECTOR('',#9104,1.);
#9104 = DIRECTION('',(1.,0.,-0.));
#9105 = PCURVE('',#8889,#9106);
#9106 = DEFINITIONAL_REPRESENTATION('',(#9107),#9111);
#9107 = LINE('',#9108,#9109);
#9108 = CARTESIAN_POINT('',(0.2,0.));
#9109 = VECTOR('',#9110,1.);
#9110 = DIRECTION('',(0.,1.));
#9111 = ( GEOMETRIC_REPRESENTATION_CONTEXT(2) 
PARAMETRIC_REPRESENTATION_CONTEXT() REPRESENTATION_CONTEXT('2D SPACE',''
  ) );
#9112 = PCURVE('',#8915,#9113);
#9113 = DEFINITIONAL_REPRESENTATION('',(#9114),#9118);
#9114 = LINE('',#9115,#9116);
#9115 = CARTESIAN_POINT('',(0.,0.25));
#9116 = VECTOR('',#9117,1.);
#9117 = DIRECTION('',(1.,0.));
#9118 = ( GEOMETRIC_REPRESENTATION_CONTEXT(2) 
PARAMETRIC_REPRESENTATION_CONTEXT() REPRESENTATION_CONTEXT('2D SPACE',''
  ) );
#9119 = ORIENTED_EDGE('',*,*,#8983,.F.);
#9120 = ADVANCED_FACE('',(#9121),#8861,.F.);
#9121 = FACE_BOUND('',#9122,.F.);
#9122 = EDGE_LOOP('',(#9123,#9124,#9125,#9126));
#9123 = ORIENTED_EDGE('',*,*,#8845,.F.);
#9124 = ORIENTED_EDGE('',*,*,#9030,.T.);
#9125 = ORIENTED_EDGE('',*,*,#8960,.T.);
#9126 = ORIENTED_EDGE('',*,*,#9077,.F.);
#9127 = ADVANCED_FACE('',(#9128),#8915,.T.);
#9128 = FACE_BOUND('',#9129,.T.);
#9129 = EDGE_LOOP('',(#9130,#9131,#9132,#9133));
#9130 = ORIENTED_EDGE('',*,*,#8901,.F.);
#9131 = ORIENTED_EDGE('',*,*,#9052,.T.);
#9132 = ORIENTED_EDGE('',*,*,#9006,.T.);
#9133 = ORIENTED_EDGE('',*,*,#9099,.F.);
#9134 = MANIFOLD_SOLID_BREP('',#9135);
#9135 = CLOSED_SHELL('',(#9136,#9256,#9356,#9403,#9450,#9457));
#9136 = ADVANCED_FACE('',(#9137),#9151,.F.);
#9137 = FACE_BOUND('',#9138,.F.);
#9138 = EDGE_LOOP('',(#9139,#9174,#9202,#9230));
#9139 = ORIENTED_EDGE('',*,*,#9140,.F.);
#9140 = EDGE_CURVE('',#9141,#9143,#9145,.T.);
#9141 = VERTEX_POINT('',#9142);
#9142 = CARTESIAN_POINT('',(0.375,1.35,0.));
#9143 = VERTEX_POINT('',#9144);
#9144 = CARTESIAN_POINT('',(0.375,1.35,0.2));
#9145 = SURFACE_CURVE('',#9146,(#9150,#9162),.PCURVE_S1.);
#9146 = LINE('',#9147,#9148);
#9147 = CARTESIAN_POINT('',(0.375,1.35,0.));
#9148 = VECTOR('',#9149,1.);
#9149 = DIRECTION('',(0.,0.,1.));
#9150 = PCURVE('',#9151,#9156);
#9151 = PLANE('',#9152);
#9152 = AXIS2_PLACEMENT_3D('',#9153,#9154,#9155);
#9153 = CARTESIAN_POINT('',(0.375,1.35,0.));
#9154 = DIRECTION('',(1.,0.,-0.));
#9155 = DIRECTION('',(0.,0.,1.));
#9156 = DEFINITIONAL_REPRESENTATION('',(#9157),#9161);
#9157 = LINE('',#9158,#9159);
#9158 = CARTESIAN_POINT('',(0.,0.));
#9159 = VECTOR('',#9160,1.);
#9160 = DIRECTION('',(1.,0.));
#9161 = ( GEOMETRIC_REPRESENTATION_CONTEXT(2) 
PARAMETRIC_REPRESENTATION_CONTEXT() REPRESENTATION_CONTEXT('2D SPACE',''
  ) );
#9162 = PCURVE('',#9163,#9168);
#9163 = PLANE('',#9164);
#9164 = AXIS2_PLACEMENT_3D('',#9165,#9166,#9167);
#9165 = CARTESIAN_POINT('',(0.375,1.35,0.));
#9166 = DIRECTION('',(-0.,1.,0.));
#9167 = DIRECTION('',(0.,0.,1.));
#9168 = DEFINITIONAL_REPRESENTATION('',(#9169),#9173);
#9169 = LINE('',#9170,#9171);
#9170 = CARTESIAN_POINT('',(0.,0.));
#9171 = VECTOR('',#9172,1.);
#9172 = DIRECTION('',(1.,0.));
#9173 = ( GEOMETRIC_REPRESENTATION_CONTEXT(2) 
PARAMETRIC_REPRESENTATION_CONTEXT() REPRESENTATION_CONTEXT('2D SPACE',''
  ) );
#9174 = ORIENTED_EDGE('',*,*,#9175,.T.);
#9175 = EDGE_CURVE('',#9141,#9176,#9178,.T.);
#9176 = VERTEX_POINT('',#9177);
#9177 = CARTESIAN_POINT('',(0.375,1.75,0.));
#9178 = SURFACE_CURVE('',#9179,(#9183,#9190),.PCURVE_S1.);
#9179 = LINE('',#9180,#9181);
#9180 = CARTESIAN_POINT('',(0.375,1.35,0.));
#9181 = VECTOR('',#9182,1.);
#9182 = DIRECTION('',(-0.,1.,0.));
#9183 = PCURVE('',#9151,#9184);
#9184 = DEFINITIONAL_REPRESENTATION('',(#9185),#9189);
#9185 = LINE('',#9186,#9187);
#9186 = CARTESIAN_POINT('',(0.,0.));
#9187 = VECTOR('',#9188,1.);
#9188 = DIRECTION('',(0.,-1.));
#9189 = ( GEOMETRIC_REPRESENTATION_CONTEXT(2) 
PARAMETRIC_REPRESENTATION_CONTEXT() REPRESENTATION_CONTEXT('2D SPACE',''
  ) );
#9190 = PCURVE('',#9191,#9196);
#9191 = PLANE('',#9192);
#9192 = AXIS2_PLACEMENT_3D('',#9193,#9194,#9195);
#9193 = CARTESIAN_POINT('',(0.375,1.35,0.));
#9194 = DIRECTION('',(0.,0.,1.));
#9195 = DIRECTION('',(1.,0.,-0.));
#9196 = DEFINITIONAL_REPRESENTATION('',(#9197),#9201);
#9197 = LINE('',#9198,#9199);
#9198 = CARTESIAN_POINT('',(0.,0.));
#9199 = VECTOR('',#9200,1.);
#9200 = DIRECTION('',(0.,1.));
#9201 = ( GEOMETRIC_REPRESENTATION_CONTEXT(2) 
PARAMETRIC_REPRESENTATION_CONTEXT() REPRESENTATION_CONTEXT('2D SPACE',''
  ) );
#9202 = ORIENTED_EDGE('',*,*,#9203,.T.);
#9203 = EDGE_CURVE('',#9176,#9204,#9206,.T.);
#9204 = VERTEX_POINT('',#9205);
#9205 = CARTESIAN_POINT('',(0.375,1.75,0.2));
#9206 = SURFACE_CURVE('',#9207,(#9211,#9218),.PCURVE_S1.);
#9207 = LINE('',#9208,#9209);
#9208 = CARTESIAN_POINT('',(0.375,1.75,0.));
#9209 = VECTOR('',#9210,1.);
#9210 = DIRECTION('',(0.,0.,1.));
#9211 = PCURVE('',#9151,#9212);
#9212 = DEFINITIONAL_REPRESENTATION('',(#9213),#9217);
#9213 = LINE('',#9214,#9215);
#9214 = CARTESIAN_POINT('',(0.,-0.4));
#9215 = VECTOR('',#9216,1.);
#9216 = DIRECTION('',(1.,0.));
#9217 = ( GEOMETRIC_REPRESENTATION_CONTEXT(2) 
PARAMETRIC_REPRESENTATION_CONTEXT() REPRESENTATION_CONTEXT('2D SPACE',''
  ) );
#9218 = PCURVE('',#9219,#9224);
#9219 = PLANE('',#9220);
#9220 = AXIS2_PLACEMENT_3D('',#9221,#9222,#9223);
#9221 = CARTESIAN_POINT('',(0.375,1.75,0.));
#9222 = DIRECTION('',(-0.,1.,0.));
#9223 = DIRECTION('',(0.,0.,1.));
#9224 = DEFINITIONAL_REPRESENTATION('',(#9225),#9229);
#9225 = LINE('',#9226,#9227);
#9226 = CARTESIAN_POINT('',(0.,0.));
#9227 = VECTOR('',#9228,1.);
#9228 = DIRECTION('',(1.,0.));
#9229 = ( GEOMETRIC_REPRESENTATION_CONTEXT(2) 
PARAMETRIC_REPRESENTATION_CONTEXT() REPRESENTATION_CONTEXT('2D SPACE',''
  ) );
#9230 = ORIENTED_EDGE('',*,*,#9231,.F.);
#9231 = EDGE_CURVE('',#9143,#9204,#9232,.T.);
#9232 = SURFACE_CURVE('',#9233,(#9237,#9244),.PCURVE_S1.);
#9233 = LINE('',#9234,#9235);
#9234 = CARTESIAN_POINT('',(0.375,1.35,0.2));
#9235 = VECTOR('',#9236,1.);
#9236 = DIRECTION('',(-0.,1.,0.));
#9237 = PCURVE('',#9151,#9238);
#9238 = DEFINITIONAL_REPRESENTATION('',(#9239),#9243);
#9239 = LINE('',#9240,#9241);
#9240 = CARTESIAN_POINT('',(0.2,0.));
#9241 = VECTOR('',#9242,1.);
#9242 = DIRECTION('',(0.,-1.));
#9243 = ( GEOMETRIC_REPRESENTATION_CONTEXT(2) 
PARAMETRIC_REPRESENTATION_CONTEXT() REPRESENTATION_CONTEXT('2D SPACE',''
  ) );
#9244 = PCURVE('',#9245,#9250);
#9245 = PLANE('',#9246);
#9246 = AXIS2_PLACEMENT_3D('',#9247,#9248,#9249);
#9247 = CARTESIAN_POINT('',(0.375,1.35,0.2));
#9248 = DIRECTION('',(0.,0.,1.));
#9249 = DIRECTION('',(1.,0.,-0.));
#9250 = DEFINITIONAL_REPRESENTATION('',(#9251),#9255);
#9251 = LINE('',#9252,#9253);
#9252 = CARTESIAN_POINT('',(0.,0.));
#9253 = VECTOR('',#9254,1.);
#9254 = DIRECTION('',(0.,1.));
#9255 = ( GEOMETRIC_REPRESENTATION_CONTEXT(2) 
PARAMETRIC_REPRESENTATION_CONTEXT() REPRESENTATION_CONTEXT('2D SPACE',''
  ) );
#9256 = ADVANCED_FACE('',(#9257),#9271,.T.);
#9257 = FACE_BOUND('',#9258,.T.);
#9258 = EDGE_LOOP('',(#9259,#9289,#9312,#9335));
#9259 = ORIENTED_EDGE('',*,*,#9260,.F.);
#9260 = EDGE_CURVE('',#9261,#9263,#9265,.T.);
#9261 = VERTEX_POINT('',#9262);
#9262 = CARTESIAN_POINT('',(0.625,1.35,0.));
#9263 = VERTEX_POINT('',#9264);
#9264 = CARTESIAN_POINT('',(0.625,1.35,0.2));
#9265 = SURFACE_CURVE('',#9266,(#9270,#9282),.PCURVE_S1.);
#9266 = LINE('',#9267,#9268);
#9267 = CARTESIAN_POINT('',(0.625,1.35,0.));
#9268 = VECTOR('',#9269,1.);
#9269 = DIRECTION('',(0.,0.,1.));
#9270 = PCURVE('',#9271,#9276);
#9271 = PLANE('',#9272);
#9272 = AXIS2_PLACEMENT_3D('',#9273,#9274,#9275);
#9273 = CARTESIAN_POINT('',(0.625,1.35,0.));
#9274 = DIRECTION('',(1.,0.,-0.));
#9275 = DIRECTION('',(0.,0.,1.));
#9276 = DEFINITIONAL_REPRESENTATION('',(#9277),#9281);
#9277 = LINE('',#9278,#9279);
#9278 = CARTESIAN_POINT('',(0.,0.));
#9279 = VECTOR('',#9280,1.);
#9280 = DIRECTION('',(1.,0.));
#9281 = ( GEOMETRIC_REPRESENTATION_CONTEXT(2) 
PARAMETRIC_REPRESENTATION_CONTEXT() REPRESENTATION_CONTEXT('2D SPACE',''
  ) );
#9282 = PCURVE('',#9163,#9283);
#9283 = DEFINITIONAL_REPRESENTATION('',(#9284),#9288);
#9284 = LINE('',#9285,#9286);
#9285 = CARTESIAN_POINT('',(0.,0.25));
#9286 = VECTOR('',#9287,1.);
#9287 = DIRECTION('',(1.,0.));
#9288 = ( GEOMETRIC_REPRESENTATION_CONTEXT(2) 
PARAMETRIC_REPRESENTATION_CONTEXT() REPRESENTATION_CONTEXT('2D SPACE',''
  ) );
#9289 = ORIENTED_EDGE('',*,*,#9290,.T.);
#9290 = EDGE_CURVE('',#9261,#9291,#9293,.T.);
#9291 = VERTEX_POINT('',#9292);
#9292 = CARTESIAN_POINT('',(0.625,1.75,0.));
#9293 = SURFACE_CURVE('',#9294,(#9298,#9305),.PCURVE_S1.);
#9294 = LINE('',#9295,#9296);
#9295 = CARTESIAN_POINT('',(0.625,1.35,0.));
#9296 = VECTOR('',#9297,1.);
#9297 = DIRECTION('',(-0.,1.,0.));
#9298 = PCURVE('',#9271,#9299);
#9299 = DEFINITIONAL_REPRESENTATION('',(#9300),#9304);
#9300 = LINE('',#9301,#9302);
#9301 = CARTESIAN_POINT('',(0.,0.));
#9302 = VECTOR('',#9303,1.);
#9303 = DIRECTION('',(0.,-1.));
#9304 = ( GEOMETRIC_REPRESENTATION_CONTEXT(2) 
PARAMETRIC_REPRESENTATION_CONTEXT() REPRESENTATION_CONTEXT('2D SPACE',''
  ) );
#9305 = PCURVE('',#9191,#9306);
#9306 = DEFINITIONAL_REPRESENTATION('',(#9307),#9311);
#9307 = LINE('',#9308,#9309);
#9308 = CARTESIAN_POINT('',(0.25,0.));
#9309 = VECTOR('',#9310,1.);
#9310 = DIRECTION('',(0.,1.));
#9311 = ( GEOMETRIC_REPRESENTATION_CONTEXT(2) 
PARAMETRIC_REPRESENTATION_CONTEXT() REPRESENTATION_CONTEXT('2D SPACE',''
  ) );
#9312 = ORIENTED_EDGE('',*,*,#9313,.T.);
#9313 = EDGE_CURVE('',#9291,#9314,#9316,.T.);
#9314 = VERTEX_POINT('',#9315);
#9315 = CARTESIAN_POINT('',(0.625,1.75,0.2));
#9316 = SURFACE_CURVE('',#9317,(#9321,#9328),.PCURVE_S1.);
#9317 = LINE('',#9318,#9319);
#9318 = CARTESIAN_POINT('',(0.625,1.75,0.));
#9319 = VECTOR('',#9320,1.);
#9320 = DIRECTION('',(0.,0.,1.));
#9321 = PCURVE('',#9271,#9322);
#9322 = DEFINITIONAL_REPRESENTATION('',(#9323),#9327);
#9323 = LINE('',#9324,#9325);
#9324 = CARTESIAN_POINT('',(0.,-0.4));
#9325 = VECTOR('',#9326,1.);
#9326 = DIRECTION('',(1.,0.));
#9327 = ( GEOMETRIC_REPRESENTATION_CONTEXT(2) 
PARAMETRIC_REPRESENTATION_CONTEXT() REPRESENTATION_CONTEXT('2D SPACE',''
  ) );
#9328 = PCURVE('',#9219,#9329);
#9329 = DEFINITIONAL_REPRESENTATION('',(#9330),#9334);
#9330 = LINE('',#9331,#9332);
#9331 = CARTESIAN_POINT('',(0.,0.25));
#9332 = VECTOR('',#9333,1.);
#9333 = DIRECTION('',(1.,0.));
#9334 = ( GEOMETRIC_REPRESENTATION_CONTEXT(2) 
PARAMETRIC_REPRESENTATION_CONTEXT() REPRESENTATION_CONTEXT('2D SPACE',''
  ) );
#9335 = ORIENTED_EDGE('',*,*,#9336,.F.);
#9336 = EDGE_CURVE('',#9263,#9314,#9337,.T.);
#9337 = SURFACE_CURVE('',#9338,(#9342,#9349),.PCURVE_S1.);
#9338 = LINE('',#9339,#9340);
#9339 = CARTESIAN_POINT('',(0.625,1.35,0.2));
#9340 = VECTOR('',#9341,1.);
#9341 = DIRECTION('',(-0.,1.,0.));
#9342 = PCURVE('',#9271,#9343);
#9343 = DEFINITIONAL_REPRESENTATION('',(#9344),#9348);
#9344 = LINE('',#9345,#9346);
#9345 = CARTESIAN_POINT('',(0.2,0.));
#9346 = VECTOR('',#9347,1.);
#9347 = DIRECTION('',(0.,-1.));
#9348 = ( GEOMETRIC_REPRESENTATION_CONTEXT(2) 
PARAMETRIC_REPRESENTATION_CONTEXT() REPRESENTATION_CONTEXT('2D SPACE',''
  ) );
#9349 = PCURVE('',#9245,#9350);
#9350 = DEFINITIONAL_REPRESENTATION('',(#9351),#9355);
#9351 = LINE('',#9352,#9353);
#9352 = CARTESIAN_POINT('',(0.25,0.));
#9353 = VECTOR('',#9354,1.);
#9354 = DIRECTION('',(0.,1.));
#9355 = ( GEOMETRIC_REPRESENTATION_CONTEXT(2) 
PARAMETRIC_REPRESENTATION_CONTEXT() REPRESENTATION_CONTEXT('2D SPACE',''
  ) );
#9356 = ADVANCED_FACE('',(#9357),#9163,.F.);
#9357 = FACE_BOUND('',#9358,.F.);
#9358 = EDGE_LOOP('',(#9359,#9380,#9381,#9402));
#9359 = ORIENTED_EDGE('',*,*,#9360,.F.);
#9360 = EDGE_CURVE('',#9141,#9261,#9361,.T.);
#9361 = SURFACE_CURVE('',#9362,(#9366,#9373),.PCURVE_S1.);
#9362 = LINE('',#9363,#9364);
#9363 = CARTESIAN_POINT('',(0.375,1.35,0.));
#9364 = VECTOR('',#9365,1.);
#9365 = DIRECTION('',(1.,0.,-0.));
#9366 = PCURVE('',#9163,#9367);
#9367 = DEFINITIONAL_REPRESENTATION('',(#9368),#9372);
#9368 = LINE('',#9369,#9370);
#9369 = CARTESIAN_POINT('',(0.,0.));
#9370 = VECTOR('',#9371,1.);
#9371 = DIRECTION('',(0.,1.));
#9372 = ( GEOMETRIC_REPRESENTATION_CONTEXT(2) 
PARAMETRIC_REPRESENTATION_CONTEXT() REPRESENTATION_CONTEXT('2D SPACE',''
  ) );
#9373 = PCURVE('',#9191,#9374);
#9374 = DEFINITIONAL_REPRESENTATION('',(#9375),#9379);
#9375 = LINE('',#9376,#9377);
#9376 = CARTESIAN_POINT('',(0.,0.));
#9377 = VECTOR('',#9378,1.);
#9378 = DIRECTION('',(1.,0.));
#9379 = ( GEOMETRIC_REPRESENTATION_CONTEXT(2) 
PARAMETRIC_REPRESENTATION_CONTEXT() REPRESENTATION_CONTEXT('2D SPACE',''
  ) );
#9380 = ORIENTED_EDGE('',*,*,#9140,.T.);
#9381 = ORIENTED_EDGE('',*,*,#9382,.T.);
#9382 = EDGE_CURVE('',#9143,#9263,#9383,.T.);
#9383 = SURFACE_CURVE('',#9384,(#9388,#9395),.PCURVE_S1.);
#9384 = LINE('',#9385,#9386);
#9385 = CARTESIAN_POINT('',(0.375,1.35,0.2));
#9386 = VECTOR('',#9387,1.);
#9387 = DIRECTION('',(1.,0.,-0.));
#9388 = PCURVE('',#9163,#9389);
#9389 = DEFINITIONAL_REPRESENTATION('',(#9390),#9394);
#9390 = LINE('',#9391,#9392);
#9391 = CARTESIAN_POINT('',(0.2,0.));
#9392 = VECTOR('',#9393,1.);
#9393 = DIRECTION('',(0.,1.));
#9394 = ( GEOMETRIC_REPRESENTATION_CONTEXT(2) 
PARAMETRIC_REPRESENTATION_CONTEXT() REPRESENTATION_CONTEXT('2D SPACE',''
  ) );
#9395 = PCURVE('',#9245,#9396);
#9396 = DEFINITIONAL_REPRESENTATION('',(#9397),#9401);
#9397 = LINE('',#9398,#9399);
#9398 = CARTESIAN_POINT('',(0.,0.));
#9399 = VECTOR('',#9400,1.);
#9400 = DIRECTION('',(1.,0.));
#9401 = ( GEOMETRIC_REPRESENTATION_CONTEXT(2) 
PARAMETRIC_REPRESENTATION_CONTEXT() REPRESENTATION_CONTEXT('2D SPACE',''
  ) );
#9402 = ORIENTED_EDGE('',*,*,#9260,.F.);
#9403 = ADVANCED_FACE('',(#9404),#9219,.T.);
#9404 = FACE_BOUND('',#9405,.T.);
#9405 = EDGE_LOOP('',(#9406,#9427,#9428,#9449));
#9406 = ORIENTED_EDGE('',*,*,#9407,.F.);
#9407 = EDGE_CURVE('',#9176,#9291,#9408,.T.);
#9408 = SURFACE_CURVE('',#9409,(#9413,#9420),.PCURVE_S1.);
#9409 = LINE('',#9410,#9411);
#9410 = CARTESIAN_POINT('',(0.375,1.75,0.));
#9411 = VECTOR('',#9412,1.);
#9412 = DIRECTION('',(1.,0.,-0.));
#9413 = PCURVE('',#9219,#9414);
#9414 = DEFINITIONAL_REPRESENTATION('',(#9415),#9419);
#9415 = LINE('',#9416,#9417);
#9416 = CARTESIAN_POINT('',(0.,0.));
#9417 = VECTOR('',#9418,1.);
#9418 = DIRECTION('',(0.,1.));
#9419 = ( GEOMETRIC_REPRESENTATION_CONTEXT(2) 
PARAMETRIC_REPRESENTATION_CONTEXT() REPRESENTATION_CONTEXT('2D SPACE',''
  ) );
#9420 = PCURVE('',#9191,#9421);
#9421 = DEFINITIONAL_REPRESENTATION('',(#9422),#9426);
#9422 = LINE('',#9423,#9424);
#9423 = CARTESIAN_POINT('',(0.,0.4));
#9424 = VECTOR('',#9425,1.);
#9425 = DIRECTION('',(1.,0.));
#9426 = ( GEOMETRIC_REPRESENTATION_CONTEXT(2) 
PARAMETRIC_REPRESENTATION_CONTEXT() REPRESENTATION_CONTEXT('2D SPACE',''
  ) );
#9427 = ORIENTED_EDGE('',*,*,#9203,.T.);
#9428 = ORIENTED_EDGE('',*,*,#9429,.T.);
#9429 = EDGE_CURVE('',#9204,#9314,#9430,.T.);
#9430 = SURFACE_CURVE('',#9431,(#9435,#9442),.PCURVE_S1.);
#9431 = LINE('',#9432,#9433);
#9432 = CARTESIAN_POINT('',(0.375,1.75,0.2));
#9433 = VECTOR('',#9434,1.);
#9434 = DIRECTION('',(1.,0.,-0.));
#9435 = PCURVE('',#9219,#9436);
#9436 = DEFINITIONAL_REPRESENTATION('',(#9437),#9441);
#9437 = LINE('',#9438,#9439);
#9438 = CARTESIAN_POINT('',(0.2,0.));
#9439 = VECTOR('',#9440,1.);
#9440 = DIRECTION('',(0.,1.));
#9441 = ( GEOMETRIC_REPRESENTATION_CONTEXT(2) 
PARAMETRIC_REPRESENTATION_CONTEXT() REPRESENTATION_CONTEXT('2D SPACE',''
  ) );
#9442 = PCURVE('',#9245,#9443);
#9443 = DEFINITIONAL_REPRESENTATION('',(#9444),#9448);
#9444 = LINE('',#9445,#9446);
#9445 = CARTESIAN_POINT('',(0.,0.4));
#9446 = VECTOR('',#9447,1.);
#9447 = DIRECTION('',(1.,0.));
#9448 = ( GEOMETRIC_REPRESENTATION_CONTEXT(2) 
PARAMETRIC_REPRESENTATION_CONTEXT() REPRESENTATION_CONTEXT('2D SPACE',''
  ) );
#9449 = ORIENTED_EDGE('',*,*,#9313,.F.);
#9450 = ADVANCED_FACE('',(#9451),#9191,.F.);
#9451 = FACE_BOUND('',#9452,.F.);
#9452 = EDGE_LOOP('',(#9453,#9454,#9455,#9456));
#9453 = ORIENTED_EDGE('',*,*,#9175,.F.);
#9454 = ORIENTED_EDGE('',*,*,#9360,.T.);
#9455 = ORIENTED_EDGE('',*,*,#9290,.T.);
#9456 = ORIENTED_EDGE('',*,*,#9407,.F.);
#9457 = ADVANCED_FACE('',(#9458),#9245,.T.);
#9458 = FACE_BOUND('',#9459,.T.);
#9459 = EDGE_LOOP('',(#9460,#9461,#9462,#9463));
#9460 = ORIENTED_EDGE('',*,*,#9231,.F.);
#9461 = ORIENTED_EDGE('',*,*,#9382,.T.);
#9462 = ORIENTED_EDGE('',*,*,#9336,.T.);
#9463 = ORIENTED_EDGE('',*,*,#9429,.F.);
#9464 = MANIFOLD_SOLID_BREP('',#9465);
#9465 = CLOSED_SHELL('',(#9466,#9586,#9686,#9733,#9780,#9787));
#9466 = ADVANCED_FACE('',(#9467),#9481,.F.);
#9467 = FACE_BOUND('',#9468,.F.);
#9468 = EDGE_LOOP('',(#9469,#9504,#9532,#9560));
#9469 = ORIENTED_EDGE('',*,*,#9470,.F.);
#9470 = EDGE_CURVE('',#9471,#9473,#9475,.T.);
#9471 = VERTEX_POINT('',#9472);
#9472 = CARTESIAN_POINT('',(-1.75,-0.125,0.));
#9473 = VERTEX_POINT('',#9474);
#9474 = CARTESIAN_POINT('',(-1.75,-0.125,0.2));
#9475 = SURFACE_CURVE('',#9476,(#9480,#9492),.PCURVE_S1.);
#9476 = LINE('',#9477,#9478);
#9477 = CARTESIAN_POINT('',(-1.75,-0.125,0.));
#9478 = VECTOR('',#9479,1.);
#9479 = DIRECTION('',(0.,0.,1.));
#9480 = PCURVE('',#9481,#9486);
#9481 = PLANE('',#9482);
#9482 = AXIS2_PLACEMENT_3D('',#9483,#9484,#9485);
#9483 = CARTESIAN_POINT('',(-1.75,-0.125,0.));
#9484 = DIRECTION('',(1.,0.,-0.));
#9485 = DIRECTION('',(0.,0.,1.));
#9486 = DEFINITIONAL_REPRESENTATION('',(#9487),#9491);
#9487 = LINE('',#9488,#9489);
#9488 = CARTESIAN_POINT('',(0.,0.));
#9489 = VECTOR('',#9490,1.);
#9490 = DIRECTION('',(1.,0.));
#9491 = ( GEOMETRIC_REPRESENTATION_CONTEXT(2) 
PARAMETRIC_REPRESENTATION_CONTEXT() REPRESENTATION_CONTEXT('2D SPACE',''
  ) );
#9492 = PCURVE('',#9493,#9498);
#9493 = PLANE('',#9494);
#9494 = AXIS2_PLACEMENT_3D('',#9495,#9496,#9497);
#9495 = CARTESIAN_POINT('',(-1.75,-0.125,0.));
#9496 = DIRECTION('',(-0.,1.,0.));
#9497 = DIRECTION('',(0.,0.,1.));
#9498 = DEFINITIONAL_REPRESENTATION('',(#9499),#9503);
#9499 = LINE('',#9500,#9501);
#9500 = CARTESIAN_POINT('',(0.,0.));
#9501 = VECTOR('',#9502,1.);
#9502 = DIRECTION('',(1.,0.));
#9503 = ( GEOMETRIC_REPRESENTATION_CONTEXT(2) 
PARAMETRIC_REPRESENTATION_CONTEXT() REPRESENTATION_CONTEXT('2D SPACE',''
  ) );
#9504 = ORIENTED_EDGE('',*,*,#9505,.T.);
#9505 = EDGE_CURVE('',#9471,#9506,#9508,.T.);
#9506 = VERTEX_POINT('',#9507);
#9507 = CARTESIAN_POINT('',(-1.75,0.125,0.));
#9508 = SURFACE_CURVE('',#9509,(#9513,#9520),.PCURVE_S1.);
#9509 = LINE('',#9510,#9511);
#9510 = CARTESIAN_POINT('',(-1.75,-0.125,0.));
#9511 = VECTOR('',#9512,1.);
#9512 = DIRECTION('',(-0.,1.,0.));
#9513 = PCURVE('',#9481,#9514);
#9514 = DEFINITIONAL_REPRESENTATION('',(#9515),#9519);
#9515 = LINE('',#9516,#9517);
#9516 = CARTESIAN_POINT('',(0.,0.));
#9517 = VECTOR('',#9518,1.);
#9518 = DIRECTION('',(0.,-1.));
#9519 = ( GEOMETRIC_REPRESENTATION_CONTEXT(2) 
PARAMETRIC_REPRESENTATION_CONTEXT() REPRESENTATION_CONTEXT('2D SPACE',''
  ) );
#9520 = PCURVE('',#9521,#9526);
#9521 = PLANE('',#9522);
#9522 = AXIS2_PLACEMENT_3D('',#9523,#9524,#9525);
#9523 = CARTESIAN_POINT('',(-1.75,-0.125,0.));
#9524 = DIRECTION('',(0.,0.,1.));
#9525 = DIRECTION('',(1.,0.,-0.));
#9526 = DEFINITIONAL_REPRESENTATION('',(#9527),#9531);
#9527 = LINE('',#9528,#9529);
#9528 = CARTESIAN_POINT('',(0.,0.));
#9529 = VECTOR('',#9530,1.);
#9530 = DIRECTION('',(0.,1.));
#9531 = ( GEOMETRIC_REPRESENTATION_CONTEXT(2) 
PARAMETRIC_REPRESENTATION_CONTEXT() REPRESENTATION_CONTEXT('2D SPACE',''
  ) );
#9532 = ORIENTED_EDGE('',*,*,#9533,.T.);
#9533 = EDGE_CURVE('',#9506,#9534,#9536,.T.);
#9534 = VERTEX_POINT('',#9535);
#9535 = CARTESIAN_POINT('',(-1.75,0.125,0.2));
#9536 = SURFACE_CURVE('',#9537,(#9541,#9548),.PCURVE_S1.);
#9537 = LINE('',#9538,#9539);
#9538 = CARTESIAN_POINT('',(-1.75,0.125,0.));
#9539 = VECTOR('',#9540,1.);
#9540 = DIRECTION('',(0.,0.,1.));
#9541 = PCURVE('',#9481,#9542);
#9542 = DEFINITIONAL_REPRESENTATION('',(#9543),#9547);
#9543 = LINE('',#9544,#9545);
#9544 = CARTESIAN_POINT('',(0.,-0.25));
#9545 = VECTOR('',#9546,1.);
#9546 = DIRECTION('',(1.,0.));
#9547 = ( GEOMETRIC_REPRESENTATION_CONTEXT(2) 
PARAMETRIC_REPRESENTATION_CONTEXT() REPRESENTATION_CONTEXT('2D SPACE',''
  ) );
#9548 = PCURVE('',#9549,#9554);
#9549 = PLANE('',#9550);
#9550 = AXIS2_PLACEMENT_3D('',#9551,#9552,#9553);
#9551 = CARTESIAN_POINT('',(-1.75,0.125,0.));
#9552 = DIRECTION('',(-0.,1.,0.));
#9553 = DIRECTION('',(0.,0.,1.));
#9554 = DEFINITIONAL_REPRESENTATION('',(#9555),#9559);
#9555 = LINE('',#9556,#9557);
#9556 = CARTESIAN_POINT('',(0.,0.));
#9557 = VECTOR('',#9558,1.);
#9558 = DIRECTION('',(1.,0.));
#9559 = ( GEOMETRIC_REPRESENTATION_CONTEXT(2) 
PARAMETRIC_REPRESENTATION_CONTEXT() REPRESENTATION_CONTEXT('2D SPACE',''
  ) );
#9560 = ORIENTED_EDGE('',*,*,#9561,.F.);
#9561 = EDGE_CURVE('',#9473,#9534,#9562,.T.);
#9562 = SURFACE_CURVE('',#9563,(#9567,#9574),.PCURVE_S1.);
#9563 = LINE('',#9564,#9565);
#9564 = CARTESIAN_POINT('',(-1.75,-0.125,0.2));
#9565 = VECTOR('',#9566,1.);
#9566 = DIRECTION('',(-0.,1.,0.));
#9567 = PCURVE('',#9481,#9568);
#9568 = DEFINITIONAL_REPRESENTATION('',(#9569),#9573);
#9569 = LINE('',#9570,#9571);
#9570 = CARTESIAN_POINT('',(0.2,0.));
#9571 = VECTOR('',#9572,1.);
#9572 = DIRECTION('',(0.,-1.));
#9573 = ( GEOMETRIC_REPRESENTATION_CONTEXT(2) 
PARAMETRIC_REPRESENTATION_CONTEXT() REPRESENTATION_CONTEXT('2D SPACE',''
  ) );
#9574 = PCURVE('',#9575,#9580);
#9575 = PLANE('',#9576);
#9576 = AXIS2_PLACEMENT_3D('',#9577,#9578,#9579);
#9577 = CARTESIAN_POINT('',(-1.75,-0.125,0.2));
#9578 = DIRECTION('',(0.,0.,1.));
#9579 = DIRECTION('',(1.,0.,-0.));
#9580 = DEFINITIONAL_REPRESENTATION('',(#9581),#9585);
#9581 = LINE('',#9582,#9583);
#9582 = CARTESIAN_POINT('',(0.,0.));
#9583 = VECTOR('',#9584,1.);
#9584 = DIRECTION('',(0.,1.));
#9585 = ( GEOMETRIC_REPRESENTATION_CONTEXT(2) 
PARAMETRIC_REPRESENTATION_CONTEXT() REPRESENTATION_CONTEXT('2D SPACE',''
  ) );
#9586 = ADVANCED_FACE('',(#9587),#9601,.T.);
#9587 = FACE_BOUND('',#9588,.T.);
#9588 = EDGE_LOOP('',(#9589,#9619,#9642,#9665));
#9589 = ORIENTED_EDGE('',*,*,#9590,.F.);
#9590 = EDGE_CURVE('',#9591,#9593,#9595,.T.);
#9591 = VERTEX_POINT('',#9592);
#9592 = CARTESIAN_POINT('',(-1.35,-0.125,0.));
#9593 = VERTEX_POINT('',#9594);
#9594 = CARTESIAN_POINT('',(-1.35,-0.125,0.2));
#9595 = SURFACE_CURVE('',#9596,(#9600,#9612),.PCURVE_S1.);
#9596 = LINE('',#9597,#9598);
#9597 = CARTESIAN_POINT('',(-1.35,-0.125,0.));
#9598 = VECTOR('',#9599,1.);
#9599 = DIRECTION('',(0.,0.,1.));
#9600 = PCURVE('',#9601,#9606);
#9601 = PLANE('',#9602);
#9602 = AXIS2_PLACEMENT_3D('',#9603,#9604,#9605);
#9603 = CARTESIAN_POINT('',(-1.35,-0.125,0.));
#9604 = DIRECTION('',(1.,0.,-0.));
#9605 = DIRECTION('',(0.,0.,1.));
#9606 = DEFINITIONAL_REPRESENTATION('',(#9607),#9611);
#9607 = LINE('',#9608,#9609);
#9608 = CARTESIAN_POINT('',(0.,0.));
#9609 = VECTOR('',#9610,1.);
#9610 = DIRECTION('',(1.,0.));
#9611 = ( GEOMETRIC_REPRESENTATION_CONTEXT(2) 
PARAMETRIC_REPRESENTATION_CONTEXT() REPRESENTATION_CONTEXT('2D SPACE',''
  ) );
#9612 = PCURVE('',#9493,#9613);
#9613 = DEFINITIONAL_REPRESENTATION('',(#9614),#9618);
#9614 = LINE('',#9615,#9616);
#9615 = CARTESIAN_POINT('',(0.,0.4));
#9616 = VECTOR('',#9617,1.);
#9617 = DIRECTION('',(1.,0.));
#9618 = ( GEOMETRIC_REPRESENTATION_CONTEXT(2) 
PARAMETRIC_REPRESENTATION_CONTEXT() REPRESENTATION_CONTEXT('2D SPACE',''
  ) );
#9619 = ORIENTED_EDGE('',*,*,#9620,.T.);
#9620 = EDGE_CURVE('',#9591,#9621,#9623,.T.);
#9621 = VERTEX_POINT('',#9622);
#9622 = CARTESIAN_POINT('',(-1.35,0.125,0.));
#9623 = SURFACE_CURVE('',#9624,(#9628,#9635),.PCURVE_S1.);
#9624 = LINE('',#9625,#9626);
#9625 = CARTESIAN_POINT('',(-1.35,-0.125,0.));
#9626 = VECTOR('',#9627,1.);
#9627 = DIRECTION('',(-0.,1.,0.));
#9628 = PCURVE('',#9601,#9629);
#9629 = DEFINITIONAL_REPRESENTATION('',(#9630),#9634);
#9630 = LINE('',#9631,#9632);
#9631 = CARTESIAN_POINT('',(0.,0.));
#9632 = VECTOR('',#9633,1.);
#9633 = DIRECTION('',(0.,-1.));
#9634 = ( GEOMETRIC_REPRESENTATION_CONTEXT(2) 
PARAMETRIC_REPRESENTATION_CONTEXT() REPRESENTATION_CONTEXT('2D SPACE',''
  ) );
#9635 = PCURVE('',#9521,#9636);
#9636 = DEFINITIONAL_REPRESENTATION('',(#9637),#9641);
#9637 = LINE('',#9638,#9639);
#9638 = CARTESIAN_POINT('',(0.4,0.));
#9639 = VECTOR('',#9640,1.);
#9640 = DIRECTION('',(0.,1.));
#9641 = ( GEOMETRIC_REPRESENTATION_CONTEXT(2) 
PARAMETRIC_REPRESENTATION_CONTEXT() REPRESENTATION_CONTEXT('2D SPACE',''
  ) );
#9642 = ORIENTED_EDGE('',*,*,#9643,.T.);
#9643 = EDGE_CURVE('',#9621,#9644,#9646,.T.);
#9644 = VERTEX_POINT('',#9645);
#9645 = CARTESIAN_POINT('',(-1.35,0.125,0.2));
#9646 = SURFACE_CURVE('',#9647,(#9651,#9658),.PCURVE_S1.);
#9647 = LINE('',#9648,#9649);
#9648 = CARTESIAN_POINT('',(-1.35,0.125,0.));
#9649 = VECTOR('',#9650,1.);
#9650 = DIRECTION('',(0.,0.,1.));
#9651 = PCURVE('',#9601,#9652);
#9652 = DEFINITIONAL_REPRESENTATION('',(#9653),#9657);
#9653 = LINE('',#9654,#9655);
#9654 = CARTESIAN_POINT('',(0.,-0.25));
#9655 = VECTOR('',#9656,1.);
#9656 = DIRECTION('',(1.,0.));
#9657 = ( GEOMETRIC_REPRESENTATION_CONTEXT(2) 
PARAMETRIC_REPRESENTATION_CONTEXT() REPRESENTATION_CONTEXT('2D SPACE',''
  ) );
#9658 = PCURVE('',#9549,#9659);
#9659 = DEFINITIONAL_REPRESENTATION('',(#9660),#9664);
#9660 = LINE('',#9661,#9662);
#9661 = CARTESIAN_POINT('',(0.,0.4));
#9662 = VECTOR('',#9663,1.);
#9663 = DIRECTION('',(1.,0.));
#9664 = ( GEOMETRIC_REPRESENTATION_CONTEXT(2) 
PARAMETRIC_REPRESENTATION_CONTEXT() REPRESENTATION_CONTEXT('2D SPACE',''
  ) );
#9665 = ORIENTED_EDGE('',*,*,#9666,.F.);
#9666 = EDGE_CURVE('',#9593,#9644,#9667,.T.);
#9667 = SURFACE_CURVE('',#9668,(#9672,#9679),.PCURVE_S1.);
#9668 = LINE('',#9669,#9670);
#9669 = CARTESIAN_POINT('',(-1.35,-0.125,0.2));
#9670 = VECTOR('',#9671,1.);
#9671 = DIRECTION('',(-0.,1.,0.));
#9672 = PCURVE('',#9601,#9673);
#9673 = DEFINITIONAL_REPRESENTATION('',(#9674),#9678);
#9674 = LINE('',#9675,#9676);
#9675 = CARTESIAN_POINT('',(0.2,0.));
#9676 = VECTOR('',#9677,1.);
#9677 = DIRECTION('',(0.,-1.));
#9678 = ( GEOMETRIC_REPRESENTATION_CONTEXT(2) 
PARAMETRIC_REPRESENTATION_CONTEXT() REPRESENTATION_CONTEXT('2D SPACE',''
  ) );
#9679 = PCURVE('',#9575,#9680);
#9680 = DEFINITIONAL_REPRESENTATION('',(#9681),#9685);
#9681 = LINE('',#9682,#9683);
#9682 = CARTESIAN_POINT('',(0.4,0.));
#9683 = VECTOR('',#9684,1.);
#9684 = DIRECTION('',(0.,1.));
#9685 = ( GEOMETRIC_REPRESENTATION_CONTEXT(2) 
PARAMETRIC_REPRESENTATION_CONTEXT() REPRESENTATION_CONTEXT('2D SPACE',''
  ) );
#9686 = ADVANCED_FACE('',(#9687),#9493,.F.);
#9687 = FACE_BOUND('',#9688,.F.);
#9688 = EDGE_LOOP('',(#9689,#9710,#9711,#9732));
#9689 = ORIENTED_EDGE('',*,*,#9690,.F.);
#9690 = EDGE_CURVE('',#9471,#9591,#9691,.T.);
#9691 = SURFACE_CURVE('',#9692,(#9696,#9703),.PCURVE_S1.);
#9692 = LINE('',#9693,#9694);
#9693 = CARTESIAN_POINT('',(-1.75,-0.125,0.));
#9694 = VECTOR('',#9695,1.);
#9695 = DIRECTION('',(1.,0.,-0.));
#9696 = PCURVE('',#9493,#9697);
#9697 = DEFINITIONAL_REPRESENTATION('',(#9698),#9702);
#9698 = LINE('',#9699,#9700);
#9699 = CARTESIAN_POINT('',(0.,0.));
#9700 = VECTOR('',#9701,1.);
#9701 = DIRECTION('',(0.,1.));
#9702 = ( GEOMETRIC_REPRESENTATION_CONTEXT(2) 
PARAMETRIC_REPRESENTATION_CONTEXT() REPRESENTATION_CONTEXT('2D SPACE',''
  ) );
#9703 = PCURVE('',#9521,#9704);
#9704 = DEFINITIONAL_REPRESENTATION('',(#9705),#9709);
#9705 = LINE('',#9706,#9707);
#9706 = CARTESIAN_POINT('',(0.,0.));
#9707 = VECTOR('',#9708,1.);
#9708 = DIRECTION('',(1.,0.));
#9709 = ( GEOMETRIC_REPRESENTATION_CONTEXT(2) 
PARAMETRIC_REPRESENTATION_CONTEXT() REPRESENTATION_CONTEXT('2D SPACE',''
  ) );
#9710 = ORIENTED_EDGE('',*,*,#9470,.T.);
#9711 = ORIENTED_EDGE('',*,*,#9712,.T.);
#9712 = EDGE_CURVE('',#9473,#9593,#9713,.T.);
#9713 = SURFACE_CURVE('',#9714,(#9718,#9725),.PCURVE_S1.);
#9714 = LINE('',#9715,#9716);
#9715 = CARTESIAN_POINT('',(-1.75,-0.125,0.2));
#9716 = VECTOR('',#9717,1.);
#9717 = DIRECTION('',(1.,0.,-0.));
#9718 = PCURVE('',#9493,#9719);
#9719 = DEFINITIONAL_REPRESENTATION('',(#9720),#9724);
#9720 = LINE('',#9721,#9722);
#9721 = CARTESIAN_POINT('',(0.2,0.));
#9722 = VECTOR('',#9723,1.);
#9723 = DIRECTION('',(0.,1.));
#9724 = ( GEOMETRIC_REPRESENTATION_CONTEXT(2) 
PARAMETRIC_REPRESENTATION_CONTEXT() REPRESENTATION_CONTEXT('2D SPACE',''
  ) );
#9725 = PCURVE('',#9575,#9726);
#9726 = DEFINITIONAL_REPRESENTATION('',(#9727),#9731);
#9727 = LINE('',#9728,#9729);
#9728 = CARTESIAN_POINT('',(0.,0.));
#9729 = VECTOR('',#9730,1.);
#9730 = DIRECTION('',(1.,0.));
#9731 = ( GEOMETRIC_REPRESENTATION_CONTEXT(2) 
PARAMETRIC_REPRESENTATION_CONTEXT() REPRESENTATION_CONTEXT('2D SPACE',''
  ) );
#9732 = ORIENTED_EDGE('',*,*,#9590,.F.);
#9733 = ADVANCED_FACE('',(#9734),#9549,.T.);
#9734 = FACE_BOUND('',#9735,.T.);
#9735 = EDGE_LOOP('',(#9736,#9757,#9758,#9779));
#9736 = ORIENTED_EDGE('',*,*,#9737,.F.);
#9737 = EDGE_CURVE('',#9506,#9621,#9738,.T.);
#9738 = SURFACE_CURVE('',#9739,(#9743,#9750),.PCURVE_S1.);
#9739 = LINE('',#9740,#9741);
#9740 = CARTESIAN_POINT('',(-1.75,0.125,0.));
#9741 = VECTOR('',#9742,1.);
#9742 = DIRECTION('',(1.,0.,-0.));
#9743 = PCURVE('',#9549,#9744);
#9744 = DEFINITIONAL_REPRESENTATION('',(#9745),#9749);
#9745 = LINE('',#9746,#9747);
#9746 = CARTESIAN_POINT('',(0.,0.));
#9747 = VECTOR('',#9748,1.);
#9748 = DIRECTION('',(0.,1.));
#9749 = ( GEOMETRIC_REPRESENTATION_CONTEXT(2) 
PARAMETRIC_REPRESENTATION_CONTEXT() REPRESENTATION_CONTEXT('2D SPACE',''
  ) );
#9750 = PCURVE('',#9521,#9751);
#9751 = DEFINITIONAL_REPRESENTATION('',(#9752),#9756);
#9752 = LINE('',#9753,#9754);
#9753 = CARTESIAN_POINT('',(0.,0.25));
#9754 = VECTOR('',#9755,1.);
#9755 = DIRECTION('',(1.,0.));
#9756 = ( GEOMETRIC_REPRESENTATION_CONTEXT(2) 
PARAMETRIC_REPRESENTATION_CONTEXT() REPRESENTATION_CONTEXT('2D SPACE',''
  ) );
#9757 = ORIENTED_EDGE('',*,*,#9533,.T.);
#9758 = ORIENTED_EDGE('',*,*,#9759,.T.);
#9759 = EDGE_CURVE('',#9534,#9644,#9760,.T.);
#9760 = SURFACE_CURVE('',#9761,(#9765,#9772),.PCURVE_S1.);
#9761 = LINE('',#9762,#9763);
#9762 = CARTESIAN_POINT('',(-1.75,0.125,0.2));
#9763 = VECTOR('',#9764,1.);
#9764 = DIRECTION('',(1.,0.,-0.));
#9765 = PCURVE('',#9549,#9766);
#9766 = DEFINITIONAL_REPRESENTATION('',(#9767),#9771);
#9767 = LINE('',#9768,#9769);
#9768 = CARTESIAN_POINT('',(0.2,0.));
#9769 = VECTOR('',#9770,1.);
#9770 = DIRECTION('',(0.,1.));
#9771 = ( GEOMETRIC_REPRESENTATION_CONTEXT(2) 
PARAMETRIC_REPRESENTATION_CONTEXT() REPRESENTATION_CONTEXT('2D SPACE',''
  ) );
#9772 = PCURVE('',#9575,#9773);
#9773 = DEFINITIONAL_REPRESENTATION('',(#9774),#9778);
#9774 = LINE('',#9775,#9776);
#9775 = CARTESIAN_POINT('',(0.,0.25));
#9776 = VECTOR('',#9777,1.);
#9777 = DIRECTION('',(1.,0.));
#9778 = ( GEOMETRIC_REPRESENTATION_CONTEXT(2) 
PARAMETRIC_REPRESENTATION_CONTEXT() REPRESENTATION_CONTEXT('2D SPACE',''
  ) );
#9779 = ORIENTED_EDGE('',*,*,#9643,.F.);
#9780 = ADVANCED_FACE('',(#9781),#9521,.F.);
#9781 = FACE_BOUND('',#9782,.F.);
#9782 = EDGE_LOOP('',(#9783,#9784,#9785,#9786));
#9783 = ORIENTED_EDGE('',*,*,#9505,.F.);
#9784 = ORIENTED_EDGE('',*,*,#9690,.T.);
#9785 = ORIENTED_EDGE('',*,*,#9620,.T.);
#9786 = ORIENTED_EDGE('',*,*,#9737,.F.);
#9787 = ADVANCED_FACE('',(#9788),#9575,.T.);
#9788 = FACE_BOUND('',#9789,.T.);
#9789 = EDGE_LOOP('',(#9790,#9791,#9792,#9793));
#9790 = ORIENTED_EDGE('',*,*,#9561,.F.);
#9791 = ORIENTED_EDGE('',*,*,#9712,.T.);
#9792 = ORIENTED_EDGE('',*,*,#9666,.T.);
#9793 = ORIENTED_EDGE('',*,*,#9759,.F.);
#9794 = MANIFOLD_SOLID_BREP('',#9795);
#9795 = CLOSED_SHELL('',(#9796,#9916,#10016,#10063,#10110,#10117));
#9796 = ADVANCED_FACE('',(#9797),#9811,.F.);
#9797 = FACE_BOUND('',#9798,.F.);
#9798 = EDGE_LOOP('',(#9799,#9834,#9862,#9890));
#9799 = ORIENTED_EDGE('',*,*,#9800,.F.);
#9800 = EDGE_CURVE('',#9801,#9803,#9805,.T.);
#9801 = VERTEX_POINT('',#9802);
#9802 = CARTESIAN_POINT('',(-0.125,-1.75,0.));
#9803 = VERTEX_POINT('',#9804);
#9804 = CARTESIAN_POINT('',(-0.125,-1.75,0.2));
#9805 = SURFACE_CURVE('',#9806,(#9810,#9822),.PCURVE_S1.);
#9806 = LINE('',#9807,#9808);
#9807 = CARTESIAN_POINT('',(-0.125,-1.75,0.));
#9808 = VECTOR('',#9809,1.);
#9809 = DIRECTION('',(0.,0.,1.));
#9810 = PCURVE('',#9811,#9816);
#9811 = PLANE('',#9812);
#9812 = AXIS2_PLACEMENT_3D('',#9813,#9814,#9815);
#9813 = CARTESIAN_POINT('',(-0.125,-1.75,0.));
#9814 = DIRECTION('',(1.,0.,-0.));
#9815 = DIRECTION('',(0.,0.,1.));
#9816 = DEFINITIONAL_REPRESENTATION('',(#9817),#9821);
#9817 = LINE('',#9818,#9819);
#9818 = CARTESIAN_POINT('',(0.,0.));
#9819 = VECTOR('',#9820,1.);
#9820 = DIRECTION('',(1.,0.));
#9821 = ( GEOMETRIC_REPRESENTATION_CONTEXT(2) 
PARAMETRIC_REPRESENTATION_CONTEXT() REPRESENTATION_CONTEXT('2D SPACE',''
  ) );
#9822 = PCURVE('',#9823,#9828);
#9823 = PLANE('',#9824);
#9824 = AXIS2_PLACEMENT_3D('',#9825,#9826,#9827);
#9825 = CARTESIAN_POINT('',(-0.125,-1.75,0.));
#9826 = DIRECTION('',(-0.,1.,0.));
#9827 = DIRECTION('',(0.,0.,1.));
#9828 = DEFINITIONAL_REPRESENTATION('',(#9829),#9833);
#9829 = LINE('',#9830,#9831);
#9830 = CARTESIAN_POINT('',(0.,0.));
#9831 = VECTOR('',#9832,1.);
#9832 = DIRECTION('',(1.,0.));
#9833 = ( GEOMETRIC_REPRESENTATION_CONTEXT(2) 
PARAMETRIC_REPRESENTATION_CONTEXT() REPRESENTATION_CONTEXT('2D SPACE',''
  ) );
#9834 = ORIENTED_EDGE('',*,*,#9835,.T.);
#9835 = EDGE_CURVE('',#9801,#9836,#9838,.T.);
#9836 = VERTEX_POINT('',#9837);
#9837 = CARTESIAN_POINT('',(-0.125,-1.35,0.));
#9838 = SURFACE_CURVE('',#9839,(#9843,#9850),.PCURVE_S1.);
#9839 = LINE('',#9840,#9841);
#9840 = CARTESIAN_POINT('',(-0.125,-1.75,0.));
#9841 = VECTOR('',#9842,1.);
#9842 = DIRECTION('',(-0.,1.,0.));
#9843 = PCURVE('',#9811,#9844);
#9844 = DEFINITIONAL_REPRESENTATION('',(#9845),#9849);
#9845 = LINE('',#9846,#9847);
#9846 = CARTESIAN_POINT('',(0.,0.));
#9847 = VECTOR('',#9848,1.);
#9848 = DIRECTION('',(0.,-1.));
#9849 = ( GEOMETRIC_REPRESENTATION_CONTEXT(2) 
PARAMETRIC_REPRESENTATION_CONTEXT() REPRESENTATION_CONTEXT('2D SPACE',''
  ) );
#9850 = PCURVE('',#9851,#9856);
#9851 = PLANE('',#9852);
#9852 = AXIS2_PLACEMENT_3D('',#9853,#9854,#9855);
#9853 = CARTESIAN_POINT('',(-0.125,-1.75,0.));
#9854 = DIRECTION('',(0.,0.,1.));
#9855 = DIRECTION('',(1.,0.,-0.));
#9856 = DEFINITIONAL_REPRESENTATION('',(#9857),#9861);
#9857 = LINE('',#9858,#9859);
#9858 = CARTESIAN_POINT('',(0.,0.));
#9859 = VECTOR('',#9860,1.);
#9860 = DIRECTION('',(0.,1.));
#9861 = ( GEOMETRIC_REPRESENTATION_CONTEXT(2) 
PARAMETRIC_REPRESENTATION_CONTEXT() REPRESENTATION_CONTEXT('2D SPACE',''
  ) );
#9862 = ORIENTED_EDGE('',*,*,#9863,.T.);
#9863 = EDGE_CURVE('',#9836,#9864,#9866,.T.);
#9864 = VERTEX_POINT('',#9865);
#9865 = CARTESIAN_POINT('',(-0.125,-1.35,0.2));
#9866 = SURFACE_CURVE('',#9867,(#9871,#9878),.PCURVE_S1.);
#9867 = LINE('',#9868,#9869);
#9868 = CARTESIAN_POINT('',(-0.125,-1.35,0.));
#9869 = VECTOR('',#9870,1.);
#9870 = DIRECTION('',(0.,0.,1.));
#9871 = PCURVE('',#9811,#9872);
#9872 = DEFINITIONAL_REPRESENTATION('',(#9873),#9877);
#9873 = LINE('',#9874,#9875);
#9874 = CARTESIAN_POINT('',(0.,-0.4));
#9875 = VECTOR('',#9876,1.);
#9876 = DIRECTION('',(1.,0.));
#9877 = ( GEOMETRIC_REPRESENTATION_CONTEXT(2) 
PARAMETRIC_REPRESENTATION_CONTEXT() REPRESENTATION_CONTEXT('2D SPACE',''
  ) );
#9878 = PCURVE('',#9879,#9884);
#9879 = PLANE('',#9880);
#9880 = AXIS2_PLACEMENT_3D('',#9881,#9882,#9883);
#9881 = CARTESIAN_POINT('',(-0.125,-1.35,0.));
#9882 = DIRECTION('',(-0.,1.,0.));
#9883 = DIRECTION('',(0.,0.,1.));
#9884 = DEFINITIONAL_REPRESENTATION('',(#9885),#9889);
#9885 = LINE('',#9886,#9887);
#9886 = CARTESIAN_POINT('',(0.,0.));
#9887 = VECTOR('',#9888,1.);
#9888 = DIRECTION('',(1.,0.));
#9889 = ( GEOMETRIC_REPRESENTATION_CONTEXT(2) 
PARAMETRIC_REPRESENTATION_CONTEXT() REPRESENTATION_CONTEXT('2D SPACE',''
  ) );
#9890 = ORIENTED_EDGE('',*,*,#9891,.F.);
#9891 = EDGE_CURVE('',#9803,#9864,#9892,.T.);
#9892 = SURFACE_CURVE('',#9893,(#9897,#9904),.PCURVE_S1.);
#9893 = LINE('',#9894,#9895);
#9894 = CARTESIAN_POINT('',(-0.125,-1.75,0.2));
#9895 = VECTOR('',#9896,1.);
#9896 = DIRECTION('',(-0.,1.,0.));
#9897 = PCURVE('',#9811,#9898);
#9898 = DEFINITIONAL_REPRESENTATION('',(#9899),#9903);
#9899 = LINE('',#9900,#9901);
#9900 = CARTESIAN_POINT('',(0.2,0.));
#9901 = VECTOR('',#9902,1.);
#9902 = DIRECTION('',(0.,-1.));
#9903 = ( GEOMETRIC_REPRESENTATION_CONTEXT(2) 
PARAMETRIC_REPRESENTATION_CONTEXT() REPRESENTATION_CONTEXT('2D SPACE',''
  ) );
#9904 = PCURVE('',#9905,#9910);
#9905 = PLANE('',#9906);
#9906 = AXIS2_PLACEMENT_3D('',#9907,#9908,#9909);
#9907 = CARTESIAN_POINT('',(-0.125,-1.75,0.2));
#9908 = DIRECTION('',(0.,0.,1.));
#9909 = DIRECTION('',(1.,0.,-0.));
#9910 = DEFINITIONAL_REPRESENTATION('',(#9911),#9915);
#9911 = LINE('',#9912,#9913);
#9912 = CARTESIAN_POINT('',(0.,0.));
#9913 = VECTOR('',#9914,1.);
#9914 = DIRECTION('',(0.,1.));
#9915 = ( GEOMETRIC_REPRESENTATION_CONTEXT(2) 
PARAMETRIC_REPRESENTATION_CONTEXT() REPRESENTATION_CONTEXT('2D SPACE',''
  ) );
#9916 = ADVANCED_FACE('',(#9917),#9931,.T.);
#9917 = FACE_BOUND('',#9918,.T.);
#9918 = EDGE_LOOP('',(#9919,#9949,#9972,#9995));
#9919 = ORIENTED_EDGE('',*,*,#9920,.F.);
#9920 = EDGE_CURVE('',#9921,#9923,#9925,.T.);
#9921 = VERTEX_POINT('',#9922);
#9922 = CARTESIAN_POINT('',(0.125,-1.75,0.));
#9923 = VERTEX_POINT('',#9924);
#9924 = CARTESIAN_POINT('',(0.125,-1.75,0.2));
#9925 = SURFACE_CURVE('',#9926,(#9930,#9942),.PCURVE_S1.);
#9926 = LINE('',#9927,#9928);
#9927 = CARTESIAN_POINT('',(0.125,-1.75,0.));
#9928 = VECTOR('',#9929,1.);
#9929 = DIRECTION('',(0.,0.,1.));
#9930 = PCURVE('',#9931,#9936);
#9931 = PLANE('',#9932);
#9932 = AXIS2_PLACEMENT_3D('',#9933,#9934,#9935);
#9933 = CARTESIAN_POINT('',(0.125,-1.75,0.));
#9934 = DIRECTION('',(1.,0.,-0.));
#9935 = DIRECTION('',(0.,0.,1.));
#9936 = DEFINITIONAL_REPRESENTATION('',(#9937),#9941);
#9937 = LINE('',#9938,#9939);
#9938 = CARTESIAN_POINT('',(0.,0.));
#9939 = VECTOR('',#9940,1.);
#9940 = DIRECTION('',(1.,0.));
#9941 = ( GEOMETRIC_REPRESENTATION_CONTEXT(2) 
PARAMETRIC_REPRESENTATION_CONTEXT() REPRESENTATION_CONTEXT('2D SPACE',''
  ) );
#9942 = PCURVE('',#9823,#9943);
#9943 = DEFINITIONAL_REPRESENTATION('',(#9944),#9948);
#9944 = LINE('',#9945,#9946);
#9945 = CARTESIAN_POINT('',(0.,0.25));
#9946 = VECTOR('',#9947,1.);
#9947 = DIRECTION('',(1.,0.));
#9948 = ( GEOMETRIC_REPRESENTATION_CONTEXT(2) 
PARAMETRIC_REPRESENTATION_CONTEXT() REPRESENTATION_CONTEXT('2D SPACE',''
  ) );
#9949 = ORIENTED_EDGE('',*,*,#9950,.T.);
#9950 = EDGE_CURVE('',#9921,#9951,#9953,.T.);
#9951 = VERTEX_POINT('',#9952);
#9952 = CARTESIAN_POINT('',(0.125,-1.35,0.));
#9953 = SURFACE_CURVE('',#9954,(#9958,#9965),.PCURVE_S1.);
#9954 = LINE('',#9955,#9956);
#9955 = CARTESIAN_POINT('',(0.125,-1.75,0.));
#9956 = VECTOR('',#9957,1.);
#9957 = DIRECTION('',(-0.,1.,0.));
#9958 = PCURVE('',#9931,#9959);
#9959 = DEFINITIONAL_REPRESENTATION('',(#9960),#9964);
#9960 = LINE('',#9961,#9962);
#9961 = CARTESIAN_POINT('',(0.,0.));
#9962 = VECTOR('',#9963,1.);
#9963 = DIRECTION('',(0.,-1.));
#9964 = ( GEOMETRIC_REPRESENTATION_CONTEXT(2) 
PARAMETRIC_REPRESENTATION_CONTEXT() REPRESENTATION_CONTEXT('2D SPACE',''
  ) );
#9965 = PCURVE('',#9851,#9966);
#9966 = DEFINITIONAL_REPRESENTATION('',(#9967),#9971);
#9967 = LINE('',#9968,#9969);
#9968 = CARTESIAN_POINT('',(0.25,0.));
#9969 = VECTOR('',#9970,1.);
#9970 = DIRECTION('',(0.,1.));
#9971 = ( GEOMETRIC_REPRESENTATION_CONTEXT(2) 
PARAMETRIC_REPRESENTATION_CONTEXT() REPRESENTATION_CONTEXT('2D SPACE',''
  ) );
#9972 = ORIENTED_EDGE('',*,*,#9973,.T.);
#9973 = EDGE_CURVE('',#9951,#9974,#9976,.T.);
#9974 = VERTEX_POINT('',#9975);
#9975 = CARTESIAN_POINT('',(0.125,-1.35,0.2));
#9976 = SURFACE_CURVE('',#9977,(#9981,#9988),.PCURVE_S1.);
#9977 = LINE('',#9978,#9979);
#9978 = CARTESIAN_POINT('',(0.125,-1.35,0.));
#9979 = VECTOR('',#9980,1.);
#9980 = DIRECTION('',(0.,0.,1.));
#9981 = PCURVE('',#9931,#9982);
#9982 = DEFINITIONAL_REPRESENTATION('',(#9983),#9987);
#9983 = LINE('',#9984,#9985);
#9984 = CARTESIAN_POINT('',(0.,-0.4));
#9985 = VECTOR('',#9986,1.);
#9986 = DIRECTION('',(1.,0.));
#9987 = ( GEOMETRIC_REPRESENTATION_CONTEXT(2) 
PARAMETRIC_REPRESENTATION_CONTEXT() REPRESENTATION_CONTEXT('2D SPACE',''
  ) );
#9988 = PCURVE('',#9879,#9989);
#9989 = DEFINITIONAL_REPRESENTATION('',(#9990),#9994);
#9990 = LINE('',#9991,#9992);
#9991 = CARTESIAN_POINT('',(0.,0.25));
#9992 = VECTOR('',#9993,1.);
#9993 = DIRECTION('',(1.,0.));
#9994 = ( GEOMETRIC_REPRESENTATION_CONTEXT(2) 
PARAMETRIC_REPRESENTATION_CONTEXT() REPRESENTATION_CONTEXT('2D SPACE',''
  ) );
#9995 = ORIENTED_EDGE('',*,*,#9996,.F.);
#9996 = EDGE_CURVE('',#9923,#9974,#9997,.T.);
#9997 = SURFACE_CURVE('',#9998,(#10002,#10009),.PCURVE_S1.);
#9998 = LINE('',#9999,#10000);
#9999 = CARTESIAN_POINT('',(0.125,-1.75,0.2));
#10000 = VECTOR('',#10001,1.);
#10001 = DIRECTION('',(-0.,1.,0.));
#10002 = PCURVE('',#9931,#10003);
#10003 = DEFINITIONAL_REPRESENTATION('',(#10004),#10008);
#10004 = LINE('',#10005,#10006);
#10005 = CARTESIAN_POINT('',(0.2,0.));
#10006 = VECTOR('',#10007,1.);
#10007 = DIRECTION('',(0.,-1.));
#10008 = ( GEOMETRIC_REPRESENTATION_CONTEXT(2) 
PARAMETRIC_REPRESENTATION_CONTEXT() REPRESENTATION_CONTEXT('2D SPACE',''
  ) );
#10009 = PCURVE('',#9905,#10010);
#10010 = DEFINITIONAL_REPRESENTATION('',(#10011),#10015);
#10011 = LINE('',#10012,#10013);
#10012 = CARTESIAN_POINT('',(0.25,0.));
#10013 = VECTOR('',#10014,1.);
#10014 = DIRECTION('',(0.,1.));
#10015 = ( GEOMETRIC_REPRESENTATION_CONTEXT(2) 
PARAMETRIC_REPRESENTATION_CONTEXT() REPRESENTATION_CONTEXT('2D SPACE',''
  ) );
#10016 = ADVANCED_FACE('',(#10017),#9823,.F.);
#10017 = FACE_BOUND('',#10018,.F.);
#10018 = EDGE_LOOP('',(#10019,#10040,#10041,#10062));
#10019 = ORIENTED_EDGE('',*,*,#10020,.F.);
#10020 = EDGE_CURVE('',#9801,#9921,#10021,.T.);
#10021 = SURFACE_CURVE('',#10022,(#10026,#10033),.PCURVE_S1.);
#10022 = LINE('',#10023,#10024);
#10023 = CARTESIAN_POINT('',(-0.125,-1.75,0.));
#10024 = VECTOR('',#10025,1.);
#10025 = DIRECTION('',(1.,0.,-0.));
#10026 = PCURVE('',#9823,#10027);
#10027 = DEFINITIONAL_REPRESENTATION('',(#10028),#10032);
#10028 = LINE('',#10029,#10030);
#10029 = CARTESIAN_POINT('',(0.,0.));
#10030 = VECTOR('',#10031,1.);
#10031 = DIRECTION('',(0.,1.));
#10032 = ( GEOMETRIC_REPRESENTATION_CONTEXT(2) 
PARAMETRIC_REPRESENTATION_CONTEXT() REPRESENTATION_CONTEXT('2D SPACE',''
  ) );
#10033 = PCURVE('',#9851,#10034);
#10034 = DEFINITIONAL_REPRESENTATION('',(#10035),#10039);
#10035 = LINE('',#10036,#10037);
#10036 = CARTESIAN_POINT('',(0.,0.));
#10037 = VECTOR('',#10038,1.);
#10038 = DIRECTION('',(1.,0.));
#10039 = ( GEOMETRIC_REPRESENTATION_CONTEXT(2) 
PARAMETRIC_REPRESENTATION_CONTEXT() REPRESENTATION_CONTEXT('2D SPACE',''
  ) );
#10040 = ORIENTED_EDGE('',*,*,#9800,.T.);
#10041 = ORIENTED_EDGE('',*,*,#10042,.T.);
#10042 = EDGE_CURVE('',#9803,#9923,#10043,.T.);
#10043 = SURFACE_CURVE('',#10044,(#10048,#10055),.PCURVE_S1.);
#10044 = LINE('',#10045,#10046);
#10045 = CARTESIAN_POINT('',(-0.125,-1.75,0.2));
#10046 = VECTOR('',#10047,1.);
#10047 = DIRECTION('',(1.,0.,-0.));
#10048 = PCURVE('',#9823,#10049);
#10049 = DEFINITIONAL_REPRESENTATION('',(#10050),#10054);
#10050 = LINE('',#10051,#10052);
#10051 = CARTESIAN_POINT('',(0.2,0.));
#10052 = VECTOR('',#10053,1.);
#10053 = DIRECTION('',(0.,1.));
#10054 = ( GEOMETRIC_REPRESENTATION_CONTEXT(2) 
PARAMETRIC_REPRESENTATION_CONTEXT() REPRESENTATION_CONTEXT('2D SPACE',''
  ) );
#10055 = PCURVE('',#9905,#10056);
#10056 = DEFINITIONAL_REPRESENTATION('',(#10057),#10061);
#10057 = LINE('',#10058,#10059);
#10058 = CARTESIAN_POINT('',(0.,0.));
#10059 = VECTOR('',#10060,1.);
#10060 = DIRECTION('',(1.,0.));
#10061 = ( GEOMETRIC_REPRESENTATION_CONTEXT(2) 
PARAMETRIC_REPRESENTATION_CONTEXT() REPRESENTATION_CONTEXT('2D SPACE',''
  ) );
#10062 = ORIENTED_EDGE('',*,*,#9920,.F.);
#10063 = ADVANCED_FACE('',(#10064),#9879,.T.);
#10064 = FACE_BOUND('',#10065,.T.);
#10065 = EDGE_LOOP('',(#10066,#10087,#10088,#10109));
#10066 = ORIENTED_EDGE('',*,*,#10067,.F.);
#10067 = EDGE_CURVE('',#9836,#9951,#10068,.T.);
#10068 = SURFACE_CURVE('',#10069,(#10073,#10080),.PCURVE_S1.);
#10069 = LINE('',#10070,#10071);
#10070 = CARTESIAN_POINT('',(-0.125,-1.35,0.));
#10071 = VECTOR('',#10072,1.);
#10072 = DIRECTION('',(1.,0.,-0.));
#10073 = PCURVE('',#9879,#10074);
#10074 = DEFINITIONAL_REPRESENTATION('',(#10075),#10079);
#10075 = LINE('',#10076,#10077);
#10076 = CARTESIAN_POINT('',(0.,0.));
#10077 = VECTOR('',#10078,1.);
#10078 = DIRECTION('',(0.,1.));
#10079 = ( GEOMETRIC_REPRESENTATION_CONTEXT(2) 
PARAMETRIC_REPRESENTATION_CONTEXT() REPRESENTATION_CONTEXT('2D SPACE',''
  ) );
#10080 = PCURVE('',#9851,#10081);
#10081 = DEFINITIONAL_REPRESENTATION('',(#10082),#10086);
#10082 = LINE('',#10083,#10084);
#10083 = CARTESIAN_POINT('',(0.,0.4));
#10084 = VECTOR('',#10085,1.);
#10085 = DIRECTION('',(1.,0.));
#10086 = ( GEOMETRIC_REPRESENTATION_CONTEXT(2) 
PARAMETRIC_REPRESENTATION_CONTEXT() REPRESENTATION_CONTEXT('2D SPACE',''
  ) );
#10087 = ORIENTED_EDGE('',*,*,#9863,.T.);
#10088 = ORIENTED_EDGE('',*,*,#10089,.T.);
#10089 = EDGE_CURVE('',#9864,#9974,#10090,.T.);
#10090 = SURFACE_CURVE('',#10091,(#10095,#10102),.PCURVE_S1.);
#10091 = LINE('',#10092,#10093);
#10092 = CARTESIAN_POINT('',(-0.125,-1.35,0.2));
#10093 = VECTOR('',#10094,1.);
#10094 = DIRECTION('',(1.,0.,-0.));
#10095 = PCURVE('',#9879,#10096);
#10096 = DEFINITIONAL_REPRESENTATION('',(#10097),#10101);
#10097 = LINE('',#10098,#10099);
#10098 = CARTESIAN_POINT('',(0.2,0.));
#10099 = VECTOR('',#10100,1.);
#10100 = DIRECTION('',(0.,1.));
#10101 = ( GEOMETRIC_REPRESENTATION_CONTEXT(2) 
PARAMETRIC_REPRESENTATION_CONTEXT() REPRESENTATION_CONTEXT('2D SPACE',''
  ) );
#10102 = PCURVE('',#9905,#10103);
#10103 = DEFINITIONAL_REPRESENTATION('',(#10104),#10108);
#10104 = LINE('',#10105,#10106);
#10105 = CARTESIAN_POINT('',(0.,0.4));
#10106 = VECTOR('',#10107,1.);
#10107 = DIRECTION('',(1.,0.));
#10108 = ( GEOMETRIC_REPRESENTATION_CONTEXT(2) 
PARAMETRIC_REPRESENTATION_CONTEXT() REPRESENTATION_CONTEXT('2D SPACE',''
  ) );
#10109 = ORIENTED_EDGE('',*,*,#9973,.F.);
#10110 = ADVANCED_FACE('',(#10111),#9851,.F.);
#10111 = FACE_BOUND('',#10112,.F.);
#10112 = EDGE_LOOP('',(#10113,#10114,#10115,#10116));
#10113 = ORIENTED_EDGE('',*,*,#9835,.F.);
#10114 = ORIENTED_EDGE('',*,*,#10020,.T.);
#10115 = ORIENTED_EDGE('',*,*,#9950,.T.);
#10116 = ORIENTED_EDGE('',*,*,#10067,.F.);
#10117 = ADVANCED_FACE('',(#10118),#9905,.T.);
#10118 = FACE_BOUND('',#10119,.T.);
#10119 = EDGE_LOOP('',(#10120,#10121,#10122,#10123));
#10120 = ORIENTED_EDGE('',*,*,#9891,.F.);
#10121 = ORIENTED_EDGE('',*,*,#10042,.T.);
#10122 = ORIENTED_EDGE('',*,*,#9996,.T.);
#10123 = ORIENTED_EDGE('',*,*,#10089,.F.);
#10124 = MANIFOLD_SOLID_BREP('',#10125);
#10125 = CLOSED_SHELL('',(#10126,#10246,#10346,#10393,#10440,#10447));
#10126 = ADVANCED_FACE('',(#10127),#10141,.F.);
#10127 = FACE_BOUND('',#10128,.F.);
#10128 = EDGE_LOOP('',(#10129,#10164,#10192,#10220));
#10129 = ORIENTED_EDGE('',*,*,#10130,.F.);
#10130 = EDGE_CURVE('',#10131,#10133,#10135,.T.);
#10131 = VERTEX_POINT('',#10132);
#10132 = CARTESIAN_POINT('',(1.35,-0.125,0.));
#10133 = VERTEX_POINT('',#10134);
#10134 = CARTESIAN_POINT('',(1.35,-0.125,0.2));
#10135 = SURFACE_CURVE('',#10136,(#10140,#10152),.PCURVE_S1.);
#10136 = LINE('',#10137,#10138);
#10137 = CARTESIAN_POINT('',(1.35,-0.125,0.));
#10138 = VECTOR('',#10139,1.);
#10139 = DIRECTION('',(0.,0.,1.));
#10140 = PCURVE('',#10141,#10146);
#10141 = PLANE('',#10142);
#10142 = AXIS2_PLACEMENT_3D('',#10143,#10144,#10145);
#10143 = CARTESIAN_POINT('',(1.35,-0.125,0.));
#10144 = DIRECTION('',(1.,0.,-0.));
#10145 = DIRECTION('',(0.,0.,1.));
#10146 = DEFINITIONAL_REPRESENTATION('',(#10147),#10151);
#10147 = LINE('',#10148,#10149);
#10148 = CARTESIAN_POINT('',(0.,0.));
#10149 = VECTOR('',#10150,1.);
#10150 = DIRECTION('',(1.,0.));
#10151 = ( GEOMETRIC_REPRESENTATION_CONTEXT(2) 
PARAMETRIC_REPRESENTATION_CONTEXT() REPRESENTATION_CONTEXT('2D SPACE',''
  ) );
#10152 = PCURVE('',#10153,#10158);
#10153 = PLANE('',#10154);
#10154 = AXIS2_PLACEMENT_3D('',#10155,#10156,#10157);
#10155 = CARTESIAN_POINT('',(1.35,-0.125,0.));
#10156 = DIRECTION('',(-0.,1.,0.));
#10157 = DIRECTION('',(0.,0.,1.));
#10158 = DEFINITIONAL_REPRESENTATION('',(#10159),#10163);
#10159 = LINE('',#10160,#10161);
#10160 = CARTESIAN_POINT('',(0.,0.));
#10161 = VECTOR('',#10162,1.);
#10162 = DIRECTION('',(1.,0.));
#10163 = ( GEOMETRIC_REPRESENTATION_CONTEXT(2) 
PARAMETRIC_REPRESENTATION_CONTEXT() REPRESENTATION_CONTEXT('2D SPACE',''
  ) );
#10164 = ORIENTED_EDGE('',*,*,#10165,.T.);
#10165 = EDGE_CURVE('',#10131,#10166,#10168,.T.);
#10166 = VERTEX_POINT('',#10167);
#10167 = CARTESIAN_POINT('',(1.35,0.125,0.));
#10168 = SURFACE_CURVE('',#10169,(#10173,#10180),.PCURVE_S1.);
#10169 = LINE('',#10170,#10171);
#10170 = CARTESIAN_POINT('',(1.35,-0.125,0.));
#10171 = VECTOR('',#10172,1.);
#10172 = DIRECTION('',(-0.,1.,0.));
#10173 = PCURVE('',#10141,#10174);
#10174 = DEFINITIONAL_REPRESENTATION('',(#10175),#10179);
#10175 = LINE('',#10176,#10177);
#10176 = CARTESIAN_POINT('',(0.,0.));
#10177 = VECTOR('',#10178,1.);
#10178 = DIRECTION('',(0.,-1.));
#10179 = ( GEOMETRIC_REPRESENTATION_CONTEXT(2) 
PARAMETRIC_REPRESENTATION_CONTEXT() REPRESENTATION_CONTEXT('2D SPACE',''
  ) );
#10180 = PCURVE('',#10181,#10186);
#10181 = PLANE('',#10182);
#10182 = AXIS2_PLACEMENT_3D('',#10183,#10184,#10185);
#10183 = CARTESIAN_POINT('',(1.35,-0.125,0.));
#10184 = DIRECTION('',(0.,0.,1.));
#10185 = DIRECTION('',(1.,0.,-0.));
#10186 = DEFINITIONAL_REPRESENTATION('',(#10187),#10191);
#10187 = LINE('',#10188,#10189);
#10188 = CARTESIAN_POINT('',(0.,0.));
#10189 = VECTOR('',#10190,1.);
#10190 = DIRECTION('',(0.,1.));
#10191 = ( GEOMETRIC_REPRESENTATION_CONTEXT(2) 
PARAMETRIC_REPRESENTATION_CONTEXT() REPRESENTATION_CONTEXT('2D SPACE',''
  ) );
#10192 = ORIENTED_EDGE('',*,*,#10193,.T.);
#10193 = EDGE_CURVE('',#10166,#10194,#10196,.T.);
#10194 = VERTEX_POINT('',#10195);
#10195 = CARTESIAN_POINT('',(1.35,0.125,0.2));
#10196 = SURFACE_CURVE('',#10197,(#10201,#10208),.PCURVE_S1.);
#10197 = LINE('',#10198,#10199);
#10198 = CARTESIAN_POINT('',(1.35,0.125,0.));
#10199 = VECTOR('',#10200,1.);
#10200 = DIRECTION('',(0.,0.,1.));
#10201 = PCURVE('',#10141,#10202);
#10202 = DEFINITIONAL_REPRESENTATION('',(#10203),#10207);
#10203 = LINE('',#10204,#10205);
#10204 = CARTESIAN_POINT('',(0.,-0.25));
#10205 = VECTOR('',#10206,1.);
#10206 = DIRECTION('',(1.,0.));
#10207 = ( GEOMETRIC_REPRESENTATION_CONTEXT(2) 
PARAMETRIC_REPRESENTATION_CONTEXT() REPRESENTATION_CONTEXT('2D SPACE',''
  ) );
#10208 = PCURVE('',#10209,#10214);
#10209 = PLANE('',#10210);
#10210 = AXIS2_PLACEMENT_3D('',#10211,#10212,#10213);
#10211 = CARTESIAN_POINT('',(1.35,0.125,0.));
#10212 = DIRECTION('',(-0.,1.,0.));
#10213 = DIRECTION('',(0.,0.,1.));
#10214 = DEFINITIONAL_REPRESENTATION('',(#10215),#10219);
#10215 = LINE('',#10216,#10217);
#10216 = CARTESIAN_POINT('',(0.,0.));
#10217 = VECTOR('',#10218,1.);
#10218 = DIRECTION('',(1.,0.));
#10219 = ( GEOMETRIC_REPRESENTATION_CONTEXT(2) 
PARAMETRIC_REPRESENTATION_CONTEXT() REPRESENTATION_CONTEXT('2D SPACE',''
  ) );
#10220 = ORIENTED_EDGE('',*,*,#10221,.F.);
#10221 = EDGE_CURVE('',#10133,#10194,#10222,.T.);
#10222 = SURFACE_CURVE('',#10223,(#10227,#10234),.PCURVE_S1.);
#10223 = LINE('',#10224,#10225);
#10224 = CARTESIAN_POINT('',(1.35,-0.125,0.2));
#10225 = VECTOR('',#10226,1.);
#10226 = DIRECTION('',(-0.,1.,0.));
#10227 = PCURVE('',#10141,#10228);
#10228 = DEFINITIONAL_REPRESENTATION('',(#10229),#10233);
#10229 = LINE('',#10230,#10231);
#10230 = CARTESIAN_POINT('',(0.2,0.));
#10231 = VECTOR('',#10232,1.);
#10232 = DIRECTION('',(0.,-1.));
#10233 = ( GEOMETRIC_REPRESENTATION_CONTEXT(2) 
PARAMETRIC_REPRESENTATION_CONTEXT() REPRESENTATION_CONTEXT('2D SPACE',''
  ) );
#10234 = PCURVE('',#10235,#10240);
#10235 = PLANE('',#10236);
#10236 = AXIS2_PLACEMENT_3D('',#10237,#10238,#10239);
#10237 = CARTESIAN_POINT('',(1.35,-0.125,0.2));
#10238 = DIRECTION('',(0.,0.,1.));
#10239 = DIRECTION('',(1.,0.,-0.));
#10240 = DEFINITIONAL_REPRESENTATION('',(#10241),#10245);
#10241 = LINE('',#10242,#10243);
#10242 = CARTESIAN_POINT('',(0.,0.));
#10243 = VECTOR('',#10244,1.);
#10244 = DIRECTION('',(0.,1.));
#10245 = ( GEOMETRIC_REPRESENTATION_CONTEXT(2) 
PARAMETRIC_REPRESENTATION_CONTEXT() REPRESENTATION_CONTEXT('2D SPACE',''
  ) );
#10246 = ADVANCED_FACE('',(#10247),#10261,.T.);
#10247 = FACE_BOUND('',#10248,.T.);
#10248 = EDGE_LOOP('',(#10249,#10279,#10302,#10325));
#10249 = ORIENTED_EDGE('',*,*,#10250,.F.);
#10250 = EDGE_CURVE('',#10251,#10253,#10255,.T.);
#10251 = VERTEX_POINT('',#10252);
#10252 = CARTESIAN_POINT('',(1.75,-0.125,0.));
#10253 = VERTEX_POINT('',#10254);
#10254 = CARTESIAN_POINT('',(1.75,-0.125,0.2));
#10255 = SURFACE_CURVE('',#10256,(#10260,#10272),.PCURVE_S1.);
#10256 = LINE('',#10257,#10258);
#10257 = CARTESIAN_POINT('',(1.75,-0.125,0.));
#10258 = VECTOR('',#10259,1.);
#10259 = DIRECTION('',(0.,0.,1.));
#10260 = PCURVE('',#10261,#10266);
#10261 = PLANE('',#10262);
#10262 = AXIS2_PLACEMENT_3D('',#10263,#10264,#10265);
#10263 = CARTESIAN_POINT('',(1.75,-0.125,0.));
#10264 = DIRECTION('',(1.,0.,-0.));
#10265 = DIRECTION('',(0.,0.,1.));
#10266 = DEFINITIONAL_REPRESENTATION('',(#10267),#10271);
#10267 = LINE('',#10268,#10269);
#10268 = CARTESIAN_POINT('',(0.,0.));
#10269 = VECTOR('',#10270,1.);
#10270 = DIRECTION('',(1.,0.));
#10271 = ( GEOMETRIC_REPRESENTATION_CONTEXT(2) 
PARAMETRIC_REPRESENTATION_CONTEXT() REPRESENTATION_CONTEXT('2D SPACE',''
  ) );
#10272 = PCURVE('',#10153,#10273);
#10273 = DEFINITIONAL_REPRESENTATION('',(#10274),#10278);
#10274 = LINE('',#10275,#10276);
#10275 = CARTESIAN_POINT('',(0.,0.4));
#10276 = VECTOR('',#10277,1.);
#10277 = DIRECTION('',(1.,0.));
#10278 = ( GEOMETRIC_REPRESENTATION_CONTEXT(2) 
PARAMETRIC_REPRESENTATION_CONTEXT() REPRESENTATION_CONTEXT('2D SPACE',''
  ) );
#10279 = ORIENTED_EDGE('',*,*,#10280,.T.);
#10280 = EDGE_CURVE('',#10251,#10281,#10283,.T.);
#10281 = VERTEX_POINT('',#10282);
#10282 = CARTESIAN_POINT('',(1.75,0.125,0.));
#10283 = SURFACE_CURVE('',#10284,(#10288,#10295),.PCURVE_S1.);
#10284 = LINE('',#10285,#10286);
#10285 = CARTESIAN_POINT('',(1.75,-0.125,0.));
#10286 = VECTOR('',#10287,1.);
#10287 = DIRECTION('',(-0.,1.,0.));
#10288 = PCURVE('',#10261,#10289);
#10289 = DEFINITIONAL_REPRESENTATION('',(#10290),#10294);
#10290 = LINE('',#10291,#10292);
#10291 = CARTESIAN_POINT('',(0.,0.));
#10292 = VECTOR('',#10293,1.);
#10293 = DIRECTION('',(0.,-1.));
#10294 = ( GEOMETRIC_REPRESENTATION_CONTEXT(2) 
PARAMETRIC_REPRESENTATION_CONTEXT() REPRESENTATION_CONTEXT('2D SPACE',''
  ) );
#10295 = PCURVE('',#10181,#10296);
#10296 = DEFINITIONAL_REPRESENTATION('',(#10297),#10301);
#10297 = LINE('',#10298,#10299);
#10298 = CARTESIAN_POINT('',(0.4,0.));
#10299 = VECTOR('',#10300,1.);
#10300 = DIRECTION('',(0.,1.));
#10301 = ( GEOMETRIC_REPRESENTATION_CONTEXT(2) 
PARAMETRIC_REPRESENTATION_CONTEXT() REPRESENTATION_CONTEXT('2D SPACE',''
  ) );
#10302 = ORIENTED_EDGE('',*,*,#10303,.T.);
#10303 = EDGE_CURVE('',#10281,#10304,#10306,.T.);
#10304 = VERTEX_POINT('',#10305);
#10305 = CARTESIAN_POINT('',(1.75,0.125,0.2));
#10306 = SURFACE_CURVE('',#10307,(#10311,#10318),.PCURVE_S1.);
#10307 = LINE('',#10308,#10309);
#10308 = CARTESIAN_POINT('',(1.75,0.125,0.));
#10309 = VECTOR('',#10310,1.);
#10310 = DIRECTION('',(0.,0.,1.));
#10311 = PCURVE('',#10261,#10312);
#10312 = DEFINITIONAL_REPRESENTATION('',(#10313),#10317);
#10313 = LINE('',#10314,#10315);
#10314 = CARTESIAN_POINT('',(0.,-0.25));
#10315 = VECTOR('',#10316,1.);
#10316 = DIRECTION('',(1.,0.));
#10317 = ( GEOMETRIC_REPRESENTATION_CONTEXT(2) 
PARAMETRIC_REPRESENTATION_CONTEXT() REPRESENTATION_CONTEXT('2D SPACE',''
  ) );
#10318 = PCURVE('',#10209,#10319);
#10319 = DEFINITIONAL_REPRESENTATION('',(#10320),#10324);
#10320 = LINE('',#10321,#10322);
#10321 = CARTESIAN_POINT('',(0.,0.4));
#10322 = VECTOR('',#10323,1.);
#10323 = DIRECTION('',(1.,0.));
#10324 = ( GEOMETRIC_REPRESENTATION_CONTEXT(2) 
PARAMETRIC_REPRESENTATION_CONTEXT() REPRESENTATION_CONTEXT('2D SPACE',''
  ) );
#10325 = ORIENTED_EDGE('',*,*,#10326,.F.);
#10326 = EDGE_CURVE('',#10253,#10304,#10327,.T.);
#10327 = SURFACE_CURVE('',#10328,(#10332,#10339),.PCURVE_S1.);
#10328 = LINE('',#10329,#10330);
#10329 = CARTESIAN_POINT('',(1.75,-0.125,0.2));
#10330 = VECTOR('',#10331,1.);
#10331 = DIRECTION('',(-0.,1.,0.));
#10332 = PCURVE('',#10261,#10333);
#10333 = DEFINITIONAL_REPRESENTATION('',(#10334),#10338);
#10334 = LINE('',#10335,#10336);
#10335 = CARTESIAN_POINT('',(0.2,0.));
#10336 = VECTOR('',#10337,1.);
#10337 = DIRECTION('',(0.,-1.));
#10338 = ( GEOMETRIC_REPRESENTATION_CONTEXT(2) 
PARAMETRIC_REPRESENTATION_CONTEXT() REPRESENTATION_CONTEXT('2D SPACE',''
  ) );
#10339 = PCURVE('',#10235,#10340);
#10340 = DEFINITIONAL_REPRESENTATION('',(#10341),#10345);
#10341 = LINE('',#10342,#10343);
#10342 = CARTESIAN_POINT('',(0.4,0.));
#10343 = VECTOR('',#10344,1.);
#10344 = DIRECTION('',(0.,1.));
#10345 = ( GEOMETRIC_REPRESENTATION_CONTEXT(2) 
PARAMETRIC_REPRESENTATION_CONTEXT() REPRESENTATION_CONTEXT('2D SPACE',''
  ) );
#10346 = ADVANCED_FACE('',(#10347),#10153,.F.);
#10347 = FACE_BOUND('',#10348,.F.);
#10348 = EDGE_LOOP('',(#10349,#10370,#10371,#10392));
#10349 = ORIENTED_EDGE('',*,*,#10350,.F.);
#10350 = EDGE_CURVE('',#10131,#10251,#10351,.T.);
#10351 = SURFACE_CURVE('',#10352,(#10356,#10363),.PCURVE_S1.);
#10352 = LINE('',#10353,#10354);
#10353 = CARTESIAN_POINT('',(1.35,-0.125,0.));
#10354 = VECTOR('',#10355,1.);
#10355 = DIRECTION('',(1.,0.,-0.));
#10356 = PCURVE('',#10153,#10357);
#10357 = DEFINITIONAL_REPRESENTATION('',(#10358),#10362);
#10358 = LINE('',#10359,#10360);
#10359 = CARTESIAN_POINT('',(0.,0.));
#10360 = VECTOR('',#10361,1.);
#10361 = DIRECTION('',(0.,1.));
#10362 = ( GEOMETRIC_REPRESENTATION_CONTEXT(2) 
PARAMETRIC_REPRESENTATION_CONTEXT() REPRESENTATION_CONTEXT('2D SPACE',''
  ) );
#10363 = PCURVE('',#10181,#10364);
#10364 = DEFINITIONAL_REPRESENTATION('',(#10365),#10369);
#10365 = LINE('',#10366,#10367);
#10366 = CARTESIAN_POINT('',(0.,0.));
#10367 = VECTOR('',#10368,1.);
#10368 = DIRECTION('',(1.,0.));
#10369 = ( GEOMETRIC_REPRESENTATION_CONTEXT(2) 
PARAMETRIC_REPRESENTATION_CONTEXT() REPRESENTATION_CONTEXT('2D SPACE',''
  ) );
#10370 = ORIENTED_EDGE('',*,*,#10130,.T.);
#10371 = ORIENTED_EDGE('',*,*,#10372,.T.);
#10372 = EDGE_CURVE('',#10133,#10253,#10373,.T.);
#10373 = SURFACE_CURVE('',#10374,(#10378,#10385),.PCURVE_S1.);
#10374 = LINE('',#10375,#10376);
#10375 = CARTESIAN_POINT('',(1.35,-0.125,0.2));
#10376 = VECTOR('',#10377,1.);
#10377 = DIRECTION('',(1.,0.,-0.));
#10378 = PCURVE('',#10153,#10379);
#10379 = DEFINITIONAL_REPRESENTATION('',(#10380),#10384);
#10380 = LINE('',#10381,#10382);
#10381 = CARTESIAN_POINT('',(0.2,0.));
#10382 = VECTOR('',#10383,1.);
#10383 = DIRECTION('',(0.,1.));
#10384 = ( GEOMETRIC_REPRESENTATION_CONTEXT(2) 
PARAMETRIC_REPRESENTATION_CONTEXT() REPRESENTATION_CONTEXT('2D SPACE',''
  ) );
#10385 = PCURVE('',#10235,#10386);
#10386 = DEFINITIONAL_REPRESENTATION('',(#10387),#10391);
#10387 = LINE('',#10388,#10389);
#10388 = CARTESIAN_POINT('',(0.,0.));
#10389 = VECTOR('',#10390,1.);
#10390 = DIRECTION('',(1.,0.));
#10391 = ( GEOMETRIC_REPRESENTATION_CONTEXT(2) 
PARAMETRIC_REPRESENTATION_CONTEXT() REPRESENTATION_CONTEXT('2D SPACE',''
  ) );
#10392 = ORIENTED_EDGE('',*,*,#10250,.F.);
#10393 = ADVANCED_FACE('',(#10394),#10209,.T.);
#10394 = FACE_BOUND('',#10395,.T.);
#10395 = EDGE_LOOP('',(#10396,#10417,#10418,#10439));
#10396 = ORIENTED_EDGE('',*,*,#10397,.F.);
#10397 = EDGE_CURVE('',#10166,#10281,#10398,.T.);
#10398 = SURFACE_CURVE('',#10399,(#10403,#10410),.PCURVE_S1.);
#10399 = LINE('',#10400,#10401);
#10400 = CARTESIAN_POINT('',(1.35,0.125,0.));
#10401 = VECTOR('',#10402,1.);
#10402 = DIRECTION('',(1.,0.,-0.));
#10403 = PCURVE('',#10209,#10404);
#10404 = DEFINITIONAL_REPRESENTATION('',(#10405),#10409);
#10405 = LINE('',#10406,#10407);
#10406 = CARTESIAN_POINT('',(0.,0.));
#10407 = VECTOR('',#10408,1.);
#10408 = DIRECTION('',(0.,1.));
#10409 = ( GEOMETRIC_REPRESENTATION_CONTEXT(2) 
PARAMETRIC_REPRESENTATION_CONTEXT() REPRESENTATION_CONTEXT('2D SPACE',''
  ) );
#10410 = PCURVE('',#10181,#10411);
#10411 = DEFINITIONAL_REPRESENTATION('',(#10412),#10416);
#10412 = LINE('',#10413,#10414);
#10413 = CARTESIAN_POINT('',(0.,0.25));
#10414 = VECTOR('',#10415,1.);
#10415 = DIRECTION('',(1.,0.));
#10416 = ( GEOMETRIC_REPRESENTATION_CONTEXT(2) 
PARAMETRIC_REPRESENTATION_CONTEXT() REPRESENTATION_CONTEXT('2D SPACE',''
  ) );
#10417 = ORIENTED_EDGE('',*,*,#10193,.T.);
#10418 = ORIENTED_EDGE('',*,*,#10419,.T.);
#10419 = EDGE_CURVE('',#10194,#10304,#10420,.T.);
#10420 = SURFACE_CURVE('',#10421,(#10425,#10432),.PCURVE_S1.);
#10421 = LINE('',#10422,#10423);
#10422 = CARTESIAN_POINT('',(1.35,0.125,0.2));
#10423 = VECTOR('',#10424,1.);
#10424 = DIRECTION('',(1.,0.,-0.));
#10425 = PCURVE('',#10209,#10426);
#10426 = DEFINITIONAL_REPRESENTATION('',(#10427),#10431);
#10427 = LINE('',#10428,#10429);
#10428 = CARTESIAN_POINT('',(0.2,0.));
#10429 = VECTOR('',#10430,1.);
#10430 = DIRECTION('',(0.,1.));
#10431 = ( GEOMETRIC_REPRESENTATION_CONTEXT(2) 
PARAMETRIC_REPRESENTATION_CONTEXT() REPRESENTATION_CONTEXT('2D SPACE',''
  ) );
#10432 = PCURVE('',#10235,#10433);
#10433 = DEFINITIONAL_REPRESENTATION('',(#10434),#10438);
#10434 = LINE('',#10435,#10436);
#10435 = CARTESIAN_POINT('',(0.,0.25));
#10436 = VECTOR('',#10437,1.);
#10437 = DIRECTION('',(1.,0.));
#10438 = ( GEOMETRIC_REPRESENTATION_CONTEXT(2) 
PARAMETRIC_REPRESENTATION_CONTEXT() REPRESENTATION_CONTEXT('2D SPACE',''
  ) );
#10439 = ORIENTED_EDGE('',*,*,#10303,.F.);
#10440 = ADVANCED_FACE('',(#10441),#10181,.F.);
#10441 = FACE_BOUND('',#10442,.F.);
#10442 = EDGE_LOOP('',(#10443,#10444,#10445,#10446));
#10443 = ORIENTED_EDGE('',*,*,#10165,.F.);
#10444 = ORIENTED_EDGE('',*,*,#10350,.T.);
#10445 = ORIENTED_EDGE('',*,*,#10280,.T.);
#10446 = ORIENTED_EDGE('',*,*,#10397,.F.);
#10447 = ADVANCED_FACE('',(#10448),#10235,.T.);
#10448 = FACE_BOUND('',#10449,.T.);
#10449 = EDGE_LOOP('',(#10450,#10451,#10452,#10453));
#10450 = ORIENTED_EDGE('',*,*,#10221,.F.);
#10451 = ORIENTED_EDGE('',*,*,#10372,.T.);
#10452 = ORIENTED_EDGE('',*,*,#10326,.T.);
#10453 = ORIENTED_EDGE('',*,*,#10419,.F.);
#10454 = MANIFOLD_SOLID_BREP('',#10455);
#10455 = CLOSED_SHELL('',(#10456,#10576,#10676,#10723,#10770,#10777));
#10456 = ADVANCED_FACE('',(#10457),#10471,.F.);
#10457 = FACE_BOUND('',#10458,.F.);
#10458 = EDGE_LOOP('',(#10459,#10494,#10522,#10550));
#10459 = ORIENTED_EDGE('',*,*,#10460,.F.);
#10460 = EDGE_CURVE('',#10461,#10463,#10465,.T.);
#10461 = VERTEX_POINT('',#10462);
#10462 = CARTESIAN_POINT('',(-0.125,1.35,0.));
#10463 = VERTEX_POINT('',#10464);
#10464 = CARTESIAN_POINT('',(-0.125,1.35,0.2));
#10465 = SURFACE_CURVE('',#10466,(#10470,#10482),.PCURVE_S1.);
#10466 = LINE('',#10467,#10468);
#10467 = CARTESIAN_POINT('',(-0.125,1.35,0.));
#10468 = VECTOR('',#10469,1.);
#10469 = DIRECTION('',(0.,0.,1.));
#10470 = PCURVE('',#10471,#10476);
#10471 = PLANE('',#10472);
#10472 = AXIS2_PLACEMENT_3D('',#10473,#10474,#10475);
#10473 = CARTESIAN_POINT('',(-0.125,1.35,0.));
#10474 = DIRECTION('',(1.,0.,-0.));
#10475 = DIRECTION('',(0.,0.,1.));
#10476 = DEFINITIONAL_REPRESENTATION('',(#10477),#10481);
#10477 = LINE('',#10478,#10479);
#10478 = CARTESIAN_POINT('',(0.,0.));
#10479 = VECTOR('',#10480,1.);
#10480 = DIRECTION('',(1.,0.));
#10481 = ( GEOMETRIC_REPRESENTATION_CONTEXT(2) 
PARAMETRIC_REPRESENTATION_CONTEXT() REPRESENTATION_CONTEXT('2D SPACE',''
  ) );
#10482 = PCURVE('',#10483,#10488);
#10483 = PLANE('',#10484);
#10484 = AXIS2_PLACEMENT_3D('',#10485,#10486,#10487);
#10485 = CARTESIAN_POINT('',(-0.125,1.35,0.));
#10486 = DIRECTION('',(-0.,1.,0.));
#10487 = DIRECTION('',(0.,0.,1.));
#10488 = DEFINITIONAL_REPRESENTATION('',(#10489),#10493);
#10489 = LINE('',#10490,#10491);
#10490 = CARTESIAN_POINT('',(0.,0.));
#10491 = VECTOR('',#10492,1.);
#10492 = DIRECTION('',(1.,0.));
#10493 = ( GEOMETRIC_REPRESENTATION_CONTEXT(2) 
PARAMETRIC_REPRESENTATION_CONTEXT() REPRESENTATION_CONTEXT('2D SPACE',''
  ) );
#10494 = ORIENTED_EDGE('',*,*,#10495,.T.);
#10495 = EDGE_CURVE('',#10461,#10496,#10498,.T.);
#10496 = VERTEX_POINT('',#10497);
#10497 = CARTESIAN_POINT('',(-0.125,1.75,0.));
#10498 = SURFACE_CURVE('',#10499,(#10503,#10510),.PCURVE_S1.);
#10499 = LINE('',#10500,#10501);
#10500 = CARTESIAN_POINT('',(-0.125,1.35,0.));
#10501 = VECTOR('',#10502,1.);
#10502 = DIRECTION('',(-0.,1.,0.));
#10503 = PCURVE('',#10471,#10504);
#10504 = DEFINITIONAL_REPRESENTATION('',(#10505),#10509);
#10505 = LINE('',#10506,#10507);
#10506 = CARTESIAN_POINT('',(0.,0.));
#10507 = VECTOR('',#10508,1.);
#10508 = DIRECTION('',(0.,-1.));
#10509 = ( GEOMETRIC_REPRESENTATION_CONTEXT(2) 
PARAMETRIC_REPRESENTATION_CONTEXT() REPRESENTATION_CONTEXT('2D SPACE',''
  ) );
#10510 = PCURVE('',#10511,#10516);
#10511 = PLANE('',#10512);
#10512 = AXIS2_PLACEMENT_3D('',#10513,#10514,#10515);
#10513 = CARTESIAN_POINT('',(-0.125,1.35,0.));
#10514 = DIRECTION('',(0.,0.,1.));
#10515 = DIRECTION('',(1.,0.,-0.));
#10516 = DEFINITIONAL_REPRESENTATION('',(#10517),#10521);
#10517 = LINE('',#10518,#10519);
#10518 = CARTESIAN_POINT('',(0.,0.));
#10519 = VECTOR('',#10520,1.);
#10520 = DIRECTION('',(0.,1.));
#10521 = ( GEOMETRIC_REPRESENTATION_CONTEXT(2) 
PARAMETRIC_REPRESENTATION_CONTEXT() REPRESENTATION_CONTEXT('2D SPACE',''
  ) );
#10522 = ORIENTED_EDGE('',*,*,#10523,.T.);
#10523 = EDGE_CURVE('',#10496,#10524,#10526,.T.);
#10524 = VERTEX_POINT('',#10525);
#10525 = CARTESIAN_POINT('',(-0.125,1.75,0.2));
#10526 = SURFACE_CURVE('',#10527,(#10531,#10538),.PCURVE_S1.);
#10527 = LINE('',#10528,#10529);
#10528 = CARTESIAN_POINT('',(-0.125,1.75,0.));
#10529 = VECTOR('',#10530,1.);
#10530 = DIRECTION('',(0.,0.,1.));
#10531 = PCURVE('',#10471,#10532);
#10532 = DEFINITIONAL_REPRESENTATION('',(#10533),#10537);
#10533 = LINE('',#10534,#10535);
#10534 = CARTESIAN_POINT('',(0.,-0.4));
#10535 = VECTOR('',#10536,1.);
#10536 = DIRECTION('',(1.,0.));
#10537 = ( GEOMETRIC_REPRESENTATION_CONTEXT(2) 
PARAMETRIC_REPRESENTATION_CONTEXT() REPRESENTATION_CONTEXT('2D SPACE',''
  ) );
#10538 = PCURVE('',#10539,#10544);
#10539 = PLANE('',#10540);
#10540 = AXIS2_PLACEMENT_3D('',#10541,#10542,#10543);
#10541 = CARTESIAN_POINT('',(-0.125,1.75,0.));
#10542 = DIRECTION('',(-0.,1.,0.));
#10543 = DIRECTION('',(0.,0.,1.));
#10544 = DEFINITIONAL_REPRESENTATION('',(#10545),#10549);
#10545 = LINE('',#10546,#10547);
#10546 = CARTESIAN_POINT('',(0.,0.));
#10547 = VECTOR('',#10548,1.);
#10548 = DIRECTION('',(1.,0.));
#10549 = ( GEOMETRIC_REPRESENTATION_CONTEXT(2) 
PARAMETRIC_REPRESENTATION_CONTEXT() REPRESENTATION_CONTEXT('2D SPACE',''
  ) );
#10550 = ORIENTED_EDGE('',*,*,#10551,.F.);
#10551 = EDGE_CURVE('',#10463,#10524,#10552,.T.);
#10552 = SURFACE_CURVE('',#10553,(#10557,#10564),.PCURVE_S1.);
#10553 = LINE('',#10554,#10555);
#10554 = CARTESIAN_POINT('',(-0.125,1.35,0.2));
#10555 = VECTOR('',#10556,1.);
#10556 = DIRECTION('',(-0.,1.,0.));
#10557 = PCURVE('',#10471,#10558);
#10558 = DEFINITIONAL_REPRESENTATION('',(#10559),#10563);
#10559 = LINE('',#10560,#10561);
#10560 = CARTESIAN_POINT('',(0.2,0.));
#10561 = VECTOR('',#10562,1.);
#10562 = DIRECTION('',(0.,-1.));
#10563 = ( GEOMETRIC_REPRESENTATION_CONTEXT(2) 
PARAMETRIC_REPRESENTATION_CONTEXT() REPRESENTATION_CONTEXT('2D SPACE',''
  ) );
#10564 = PCURVE('',#10565,#10570);
#10565 = PLANE('',#10566);
#10566 = AXIS2_PLACEMENT_3D('',#10567,#10568,#10569);
#10567 = CARTESIAN_POINT('',(-0.125,1.35,0.2));
#10568 = DIRECTION('',(0.,0.,1.));
#10569 = DIRECTION('',(1.,0.,-0.));
#10570 = DEFINITIONAL_REPRESENTATION('',(#10571),#10575);
#10571 = LINE('',#10572,#10573);
#10572 = CARTESIAN_POINT('',(0.,0.));
#10573 = VECTOR('',#10574,1.);
#10574 = DIRECTION('',(0.,1.));
#10575 = ( GEOMETRIC_REPRESENTATION_CONTEXT(2) 
PARAMETRIC_REPRESENTATION_CONTEXT() REPRESENTATION_CONTEXT('2D SPACE',''
  ) );
#10576 = ADVANCED_FACE('',(#10577),#10591,.T.);
#10577 = FACE_BOUND('',#10578,.T.);
#10578 = EDGE_LOOP('',(#10579,#10609,#10632,#10655));
#10579 = ORIENTED_EDGE('',*,*,#10580,.F.);
#10580 = EDGE_CURVE('',#10581,#10583,#10585,.T.);
#10581 = VERTEX_POINT('',#10582);
#10582 = CARTESIAN_POINT('',(0.125,1.35,0.));
#10583 = VERTEX_POINT('',#10584);
#10584 = CARTESIAN_POINT('',(0.125,1.35,0.2));
#10585 = SURFACE_CURVE('',#10586,(#10590,#10602),.PCURVE_S1.);
#10586 = LINE('',#10587,#10588);
#10587 = CARTESIAN_POINT('',(0.125,1.35,0.));
#10588 = VECTOR('',#10589,1.);
#10589 = DIRECTION('',(0.,0.,1.));
#10590 = PCURVE('',#10591,#10596);
#10591 = PLANE('',#10592);
#10592 = AXIS2_PLACEMENT_3D('',#10593,#10594,#10595);
#10593 = CARTESIAN_POINT('',(0.125,1.35,0.));
#10594 = DIRECTION('',(1.,0.,-0.));
#10595 = DIRECTION('',(0.,0.,1.));
#10596 = DEFINITIONAL_REPRESENTATION('',(#10597),#10601);
#10597 = LINE('',#10598,#10599);
#10598 = CARTESIAN_POINT('',(0.,0.));
#10599 = VECTOR('',#10600,1.);
#10600 = DIRECTION('',(1.,0.));
#10601 = ( GEOMETRIC_REPRESENTATION_CONTEXT(2) 
PARAMETRIC_REPRESENTATION_CONTEXT() REPRESENTATION_CONTEXT('2D SPACE',''
  ) );
#10602 = PCURVE('',#10483,#10603);
#10603 = DEFINITIONAL_REPRESENTATION('',(#10604),#10608);
#10604 = LINE('',#10605,#10606);
#10605 = CARTESIAN_POINT('',(0.,0.25));
#10606 = VECTOR('',#10607,1.);
#10607 = DIRECTION('',(1.,0.));
#10608 = ( GEOMETRIC_REPRESENTATION_CONTEXT(2) 
PARAMETRIC_REPRESENTATION_CONTEXT() REPRESENTATION_CONTEXT('2D SPACE',''
  ) );
#10609 = ORIENTED_EDGE('',*,*,#10610,.T.);
#10610 = EDGE_CURVE('',#10581,#10611,#10613,.T.);
#10611 = VERTEX_POINT('',#10612);
#10612 = CARTESIAN_POINT('',(0.125,1.75,0.));
#10613 = SURFACE_CURVE('',#10614,(#10618,#10625),.PCURVE_S1.);
#10614 = LINE('',#10615,#10616);
#10615 = CARTESIAN_POINT('',(0.125,1.35,0.));
#10616 = VECTOR('',#10617,1.);
#10617 = DIRECTION('',(-0.,1.,0.));
#10618 = PCURVE('',#10591,#10619);
#10619 = DEFINITIONAL_REPRESENTATION('',(#10620),#10624);
#10620 = LINE('',#10621,#10622);
#10621 = CARTESIAN_POINT('',(0.,0.));
#10622 = VECTOR('',#10623,1.);
#10623 = DIRECTION('',(0.,-1.));
#10624 = ( GEOMETRIC_REPRESENTATION_CONTEXT(2) 
PARAMETRIC_REPRESENTATION_CONTEXT() REPRESENTATION_CONTEXT('2D SPACE',''
  ) );
#10625 = PCURVE('',#10511,#10626);
#10626 = DEFINITIONAL_REPRESENTATION('',(#10627),#10631);
#10627 = LINE('',#10628,#10629);
#10628 = CARTESIAN_POINT('',(0.25,0.));
#10629 = VECTOR('',#10630,1.);
#10630 = DIRECTION('',(0.,1.));
#10631 = ( GEOMETRIC_REPRESENTATION_CONTEXT(2) 
PARAMETRIC_REPRESENTATION_CONTEXT() REPRESENTATION_CONTEXT('2D SPACE',''
  ) );
#10632 = ORIENTED_EDGE('',*,*,#10633,.T.);
#10633 = EDGE_CURVE('',#10611,#10634,#10636,.T.);
#10634 = VERTEX_POINT('',#10635);
#10635 = CARTESIAN_POINT('',(0.125,1.75,0.2));
#10636 = SURFACE_CURVE('',#10637,(#10641,#10648),.PCURVE_S1.);
#10637 = LINE('',#10638,#10639);
#10638 = CARTESIAN_POINT('',(0.125,1.75,0.));
#10639 = VECTOR('',#10640,1.);
#10640 = DIRECTION('',(0.,0.,1.));
#10641 = PCURVE('',#10591,#10642);
#10642 = DEFINITIONAL_REPRESENTATION('',(#10643),#10647);
#10643 = LINE('',#10644,#10645);
#10644 = CARTESIAN_POINT('',(0.,-0.4));
#10645 = VECTOR('',#10646,1.);
#10646 = DIRECTION('',(1.,0.));
#10647 = ( GEOMETRIC_REPRESENTATION_CONTEXT(2) 
PARAMETRIC_REPRESENTATION_CONTEXT() REPRESENTATION_CONTEXT('2D SPACE',''
  ) );
#10648 = PCURVE('',#10539,#10649);
#10649 = DEFINITIONAL_REPRESENTATION('',(#10650),#10654);
#10650 = LINE('',#10651,#10652);
#10651 = CARTESIAN_POINT('',(0.,0.25));
#10652 = VECTOR('',#10653,1.);
#10653 = DIRECTION('',(1.,0.));
#10654 = ( GEOMETRIC_REPRESENTATION_CONTEXT(2) 
PARAMETRIC_REPRESENTATION_CONTEXT() REPRESENTATION_CONTEXT('2D SPACE',''
  ) );
#10655 = ORIENTED_EDGE('',*,*,#10656,.F.);
#10656 = EDGE_CURVE('',#10583,#10634,#10657,.T.);
#10657 = SURFACE_CURVE('',#10658,(#10662,#10669),.PCURVE_S1.);
#10658 = LINE('',#10659,#10660);
#10659 = CARTESIAN_POINT('',(0.125,1.35,0.2));
#10660 = VECTOR('',#10661,1.);
#10661 = DIRECTION('',(-0.,1.,0.));
#10662 = PCURVE('',#10591,#10663);
#10663 = DEFINITIONAL_REPRESENTATION('',(#10664),#10668);
#10664 = LINE('',#10665,#10666);
#10665 = CARTESIAN_POINT('',(0.2,0.));
#10666 = VECTOR('',#10667,1.);
#10667 = DIRECTION('',(0.,-1.));
#10668 = ( GEOMETRIC_REPRESENTATION_CONTEXT(2) 
PARAMETRIC_REPRESENTATION_CONTEXT() REPRESENTATION_CONTEXT('2D SPACE',''
  ) );
#10669 = PCURVE('',#10565,#10670);
#10670 = DEFINITIONAL_REPRESENTATION('',(#10671),#10675);
#10671 = LINE('',#10672,#10673);
#10672 = CARTESIAN_POINT('',(0.25,0.));
#10673 = VECTOR('',#10674,1.);
#10674 = DIRECTION('',(0.,1.));
#10675 = ( GEOMETRIC_REPRESENTATION_CONTEXT(2) 
PARAMETRIC_REPRESENTATION_CONTEXT() REPRESENTATION_CONTEXT('2D SPACE',''
  ) );
#10676 = ADVANCED_FACE('',(#10677),#10483,.F.);
#10677 = FACE_BOUND('',#10678,.F.);
#10678 = EDGE_LOOP('',(#10679,#10700,#10701,#10722));
#10679 = ORIENTED_EDGE('',*,*,#10680,.F.);
#10680 = EDGE_CURVE('',#10461,#10581,#10681,.T.);
#10681 = SURFACE_CURVE('',#10682,(#10686,#10693),.PCURVE_S1.);
#10682 = LINE('',#10683,#10684);
#10683 = CARTESIAN_POINT('',(-0.125,1.35,0.));
#10684 = VECTOR('',#10685,1.);
#10685 = DIRECTION('',(1.,0.,-0.));
#10686 = PCURVE('',#10483,#10687);
#10687 = DEFINITIONAL_REPRESENTATION('',(#10688),#10692);
#10688 = LINE('',#10689,#10690);
#10689 = CARTESIAN_POINT('',(0.,0.));
#10690 = VECTOR('',#10691,1.);
#10691 = DIRECTION('',(0.,1.));
#10692 = ( GEOMETRIC_REPRESENTATION_CONTEXT(2) 
PARAMETRIC_REPRESENTATION_CONTEXT() REPRESENTATION_CONTEXT('2D SPACE',''
  ) );
#10693 = PCURVE('',#10511,#10694);
#10694 = DEFINITIONAL_REPRESENTATION('',(#10695),#10699);
#10695 = LINE('',#10696,#10697);
#10696 = CARTESIAN_POINT('',(0.,0.));
#10697 = VECTOR('',#10698,1.);
#10698 = DIRECTION('',(1.,0.));
#10699 = ( GEOMETRIC_REPRESENTATION_CONTEXT(2) 
PARAMETRIC_REPRESENTATION_CONTEXT() REPRESENTATION_CONTEXT('2D SPACE',''
  ) );
#10700 = ORIENTED_EDGE('',*,*,#10460,.T.);
#10701 = ORIENTED_EDGE('',*,*,#10702,.T.);
#10702 = EDGE_CURVE('',#10463,#10583,#10703,.T.);
#10703 = SURFACE_CURVE('',#10704,(#10708,#10715),.PCURVE_S1.);
#10704 = LINE('',#10705,#10706);
#10705 = CARTESIAN_POINT('',(-0.125,1.35,0.2));
#10706 = VECTOR('',#10707,1.);
#10707 = DIRECTION('',(1.,0.,-0.));
#10708 = PCURVE('',#10483,#10709);
#10709 = DEFINITIONAL_REPRESENTATION('',(#10710),#10714);
#10710 = LINE('',#10711,#10712);
#10711 = CARTESIAN_POINT('',(0.2,0.));
#10712 = VECTOR('',#10713,1.);
#10713 = DIRECTION('',(0.,1.));
#10714 = ( GEOMETRIC_REPRESENTATION_CONTEXT(2) 
PARAMETRIC_REPRESENTATION_CONTEXT() REPRESENTATION_CONTEXT('2D SPACE',''
  ) );
#10715 = PCURVE('',#10565,#10716);
#10716 = DEFINITIONAL_REPRESENTATION('',(#10717),#10721);
#10717 = LINE('',#10718,#10719);
#10718 = CARTESIAN_POINT('',(0.,0.));
#10719 = VECTOR('',#10720,1.);
#10720 = DIRECTION('',(1.,0.));
#10721 = ( GEOMETRIC_REPRESENTATION_CONTEXT(2) 
PARAMETRIC_REPRESENTATION_CONTEXT() REPRESENTATION_CONTEXT('2D SPACE',''
  ) );
#10722 = ORIENTED_EDGE('',*,*,#10580,.F.);
#10723 = ADVANCED_FACE('',(#10724),#10539,.T.);
#10724 = FACE_BOUND('',#10725,.T.);
#10725 = EDGE_LOOP('',(#10726,#10747,#10748,#10769));
#10726 = ORIENTED_EDGE('',*,*,#10727,.F.);
#10727 = EDGE_CURVE('',#10496,#10611,#10728,.T.);
#10728 = SURFACE_CURVE('',#10729,(#10733,#10740),.PCURVE_S1.);
#10729 = LINE('',#10730,#10731);
#10730 = CARTESIAN_POINT('',(-0.125,1.75,0.));
#10731 = VECTOR('',#10732,1.);
#10732 = DIRECTION('',(1.,0.,-0.));
#10733 = PCURVE('',#10539,#10734);
#10734 = DEFINITIONAL_REPRESENTATION('',(#10735),#10739);
#10735 = LINE('',#10736,#10737);
#10736 = CARTESIAN_POINT('',(0.,0.));
#10737 = VECTOR('',#10738,1.);
#10738 = DIRECTION('',(0.,1.));
#10739 = ( GEOMETRIC_REPRESENTATION_CONTEXT(2) 
PARAMETRIC_REPRESENTATION_CONTEXT() REPRESENTATION_CONTEXT('2D SPACE',''
  ) );
#10740 = PCURVE('',#10511,#10741);
#10741 = DEFINITIONAL_REPRESENTATION('',(#10742),#10746);
#10742 = LINE('',#10743,#10744);
#10743 = CARTESIAN_POINT('',(0.,0.4));
#10744 = VECTOR('',#10745,1.);
#10745 = DIRECTION('',(1.,0.));
#10746 = ( GEOMETRIC_REPRESENTATION_CONTEXT(2) 
PARAMETRIC_REPRESENTATION_CONTEXT() REPRESENTATION_CONTEXT('2D SPACE',''
  ) );
#10747 = ORIENTED_EDGE('',*,*,#10523,.T.);
#10748 = ORIENTED_EDGE('',*,*,#10749,.T.);
#10749 = EDGE_CURVE('',#10524,#10634,#10750,.T.);
#10750 = SURFACE_CURVE('',#10751,(#10755,#10762),.PCURVE_S1.);
#10751 = LINE('',#10752,#10753);
#10752 = CARTESIAN_POINT('',(-0.125,1.75,0.2));
#10753 = VECTOR('',#10754,1.);
#10754 = DIRECTION('',(1.,0.,-0.));
#10755 = PCURVE('',#10539,#10756);
#10756 = DEFINITIONAL_REPRESENTATION('',(#10757),#10761);
#10757 = LINE('',#10758,#10759);
#10758 = CARTESIAN_POINT('',(0.2,0.));
#10759 = VECTOR('',#10760,1.);
#10760 = DIRECTION('',(0.,1.));
#10761 = ( GEOMETRIC_REPRESENTATION_CONTEXT(2) 
PARAMETRIC_REPRESENTATION_CONTEXT() REPRESENTATION_CONTEXT('2D SPACE',''
  ) );
#10762 = PCURVE('',#10565,#10763);
#10763 = DEFINITIONAL_REPRESENTATION('',(#10764),#10768);
#10764 = LINE('',#10765,#10766);
#10765 = CARTESIAN_POINT('',(0.,0.4));
#10766 = VECTOR('',#10767,1.);
#10767 = DIRECTION('',(1.,0.));
#10768 = ( GEOMETRIC_REPRESENTATION_CONTEXT(2) 
PARAMETRIC_REPRESENTATION_CONTEXT() REPRESENTATION_CONTEXT('2D SPACE',''
  ) );
#10769 = ORIENTED_EDGE('',*,*,#10633,.F.);
#10770 = ADVANCED_FACE('',(#10771),#10511,.F.);
#10771 = FACE_BOUND('',#10772,.F.);
#10772 = EDGE_LOOP('',(#10773,#10774,#10775,#10776));
#10773 = ORIENTED_EDGE('',*,*,#10495,.F.);
#10774 = ORIENTED_EDGE('',*,*,#10680,.T.);
#10775 = ORIENTED_EDGE('',*,*,#10610,.T.);
#10776 = ORIENTED_EDGE('',*,*,#10727,.F.);
#10777 = ADVANCED_FACE('',(#10778),#10565,.T.);
#10778 = FACE_BOUND('',#10779,.T.);
#10779 = EDGE_LOOP('',(#10780,#10781,#10782,#10783));
#10780 = ORIENTED_EDGE('',*,*,#10551,.F.);
#10781 = ORIENTED_EDGE('',*,*,#10702,.T.);
#10782 = ORIENTED_EDGE('',*,*,#10656,.T.);
#10783 = ORIENTED_EDGE('',*,*,#10749,.F.);
#10784 = MANIFOLD_SOLID_BREP('',#10785);
#10785 = CLOSED_SHELL('',(#10786,#10906,#11006,#11053,#11100,#11107));
#10786 = ADVANCED_FACE('',(#10787),#10801,.F.);
#10787 = FACE_BOUND('',#10788,.F.);
#10788 = EDGE_LOOP('',(#10789,#10824,#10852,#10880));
#10789 = ORIENTED_EDGE('',*,*,#10790,.F.);
#10790 = EDGE_CURVE('',#10791,#10793,#10795,.T.);
#10791 = VERTEX_POINT('',#10792);
#10792 = CARTESIAN_POINT('',(-1.75,-0.625,0.));
#10793 = VERTEX_POINT('',#10794);
#10794 = CARTESIAN_POINT('',(-1.75,-0.625,0.2));
#10795 = SURFACE_CURVE('',#10796,(#10800,#10812),.PCURVE_S1.);
#10796 = LINE('',#10797,#10798);
#10797 = CARTESIAN_POINT('',(-1.75,-0.625,0.));
#10798 = VECTOR('',#10799,1.);
#10799 = DIRECTION('',(0.,0.,1.));
#10800 = PCURVE('',#10801,#10806);
#10801 = PLANE('',#10802);
#10802 = AXIS2_PLACEMENT_3D('',#10803,#10804,#10805);
#10803 = CARTESIAN_POINT('',(-1.75,-0.625,0.));
#10804 = DIRECTION('',(1.,0.,-0.));
#10805 = DIRECTION('',(0.,0.,1.));
#10806 = DEFINITIONAL_REPRESENTATION('',(#10807),#10811);
#10807 = LINE('',#10808,#10809);
#10808 = CARTESIAN_POINT('',(0.,0.));
#10809 = VECTOR('',#10810,1.);
#10810 = DIRECTION('',(1.,0.));
#10811 = ( GEOMETRIC_REPRESENTATION_CONTEXT(2) 
PARAMETRIC_REPRESENTATION_CONTEXT() REPRESENTATION_CONTEXT('2D SPACE',''
  ) );
#10812 = PCURVE('',#10813,#10818);
#10813 = PLANE('',#10814);
#10814 = AXIS2_PLACEMENT_3D('',#10815,#10816,#10817);
#10815 = CARTESIAN_POINT('',(-1.75,-0.625,0.));
#10816 = DIRECTION('',(-0.,1.,0.));
#10817 = DIRECTION('',(0.,0.,1.));
#10818 = DEFINITIONAL_REPRESENTATION('',(#10819),#10823);
#10819 = LINE('',#10820,#10821);
#10820 = CARTESIAN_POINT('',(0.,0.));
#10821 = VECTOR('',#10822,1.);
#10822 = DIRECTION('',(1.,0.));
#10823 = ( GEOMETRIC_REPRESENTATION_CONTEXT(2) 
PARAMETRIC_REPRESENTATION_CONTEXT() REPRESENTATION_CONTEXT('2D SPACE',''
  ) );
#10824 = ORIENTED_EDGE('',*,*,#10825,.T.);
#10825 = EDGE_CURVE('',#10791,#10826,#10828,.T.);
#10826 = VERTEX_POINT('',#10827);
#10827 = CARTESIAN_POINT('',(-1.75,-0.375,0.));
#10828 = SURFACE_CURVE('',#10829,(#10833,#10840),.PCURVE_S1.);
#10829 = LINE('',#10830,#10831);
#10830 = CARTESIAN_POINT('',(-1.75,-0.625,0.));
#10831 = VECTOR('',#10832,1.);
#10832 = DIRECTION('',(-0.,1.,0.));
#10833 = PCURVE('',#10801,#10834);
#10834 = DEFINITIONAL_REPRESENTATION('',(#10835),#10839);
#10835 = LINE('',#10836,#10837);
#10836 = CARTESIAN_POINT('',(0.,0.));
#10837 = VECTOR('',#10838,1.);
#10838 = DIRECTION('',(0.,-1.));
#10839 = ( GEOMETRIC_REPRESENTATION_CONTEXT(2) 
PARAMETRIC_REPRESENTATION_CONTEXT() REPRESENTATION_CONTEXT('2D SPACE',''
  ) );
#10840 = PCURVE('',#10841,#10846);
#10841 = PLANE('',#10842);
#10842 = AXIS2_PLACEMENT_3D('',#10843,#10844,#10845);
#10843 = CARTESIAN_POINT('',(-1.75,-0.625,0.));
#10844 = DIRECTION('',(0.,0.,1.));
#10845 = DIRECTION('',(1.,0.,-0.));
#10846 = DEFINITIONAL_REPRESENTATION('',(#10847),#10851);
#10847 = LINE('',#10848,#10849);
#10848 = CARTESIAN_POINT('',(0.,0.));
#10849 = VECTOR('',#10850,1.);
#10850 = DIRECTION('',(0.,1.));
#10851 = ( GEOMETRIC_REPRESENTATION_CONTEXT(2) 
PARAMETRIC_REPRESENTATION_CONTEXT() REPRESENTATION_CONTEXT('2D SPACE',''
  ) );
#10852 = ORIENTED_EDGE('',*,*,#10853,.T.);
#10853 = EDGE_CURVE('',#10826,#10854,#10856,.T.);
#10854 = VERTEX_POINT('',#10855);
#10855 = CARTESIAN_POINT('',(-1.75,-0.375,0.2));
#10856 = SURFACE_CURVE('',#10857,(#10861,#10868),.PCURVE_S1.);
#10857 = LINE('',#10858,#10859);
#10858 = CARTESIAN_POINT('',(-1.75,-0.375,0.));
#10859 = VECTOR('',#10860,1.);
#10860 = DIRECTION('',(0.,0.,1.));
#10861 = PCURVE('',#10801,#10862);
#10862 = DEFINITIONAL_REPRESENTATION('',(#10863),#10867);
#10863 = LINE('',#10864,#10865);
#10864 = CARTESIAN_POINT('',(0.,-0.25));
#10865 = VECTOR('',#10866,1.);
#10866 = DIRECTION('',(1.,0.));
#10867 = ( GEOMETRIC_REPRESENTATION_CONTEXT(2) 
PARAMETRIC_REPRESENTATION_CONTEXT() REPRESENTATION_CONTEXT('2D SPACE',''
  ) );
#10868 = PCURVE('',#10869,#10874);
#10869 = PLANE('',#10870);
#10870 = AXIS2_PLACEMENT_3D('',#10871,#10872,#10873);
#10871 = CARTESIAN_POINT('',(-1.75,-0.375,0.));
#10872 = DIRECTION('',(-0.,1.,0.));
#10873 = DIRECTION('',(0.,0.,1.));
#10874 = DEFINITIONAL_REPRESENTATION('',(#10875),#10879);
#10875 = LINE('',#10876,#10877);
#10876 = CARTESIAN_POINT('',(0.,0.));
#10877 = VECTOR('',#10878,1.);
#10878 = DIRECTION('',(1.,0.));
#10879 = ( GEOMETRIC_REPRESENTATION_CONTEXT(2) 
PARAMETRIC_REPRESENTATION_CONTEXT() REPRESENTATION_CONTEXT('2D SPACE',''
  ) );
#10880 = ORIENTED_EDGE('',*,*,#10881,.F.);
#10881 = EDGE_CURVE('',#10793,#10854,#10882,.T.);
#10882 = SURFACE_CURVE('',#10883,(#10887,#10894),.PCURVE_S1.);
#10883 = LINE('',#10884,#10885);
#10884 = CARTESIAN_POINT('',(-1.75,-0.625,0.2));
#10885 = VECTOR('',#10886,1.);
#10886 = DIRECTION('',(-0.,1.,0.));
#10887 = PCURVE('',#10801,#10888);
#10888 = DEFINITIONAL_REPRESENTATION('',(#10889),#10893);
#10889 = LINE('',#10890,#10891);
#10890 = CARTESIAN_POINT('',(0.2,0.));
#10891 = VECTOR('',#10892,1.);
#10892 = DIRECTION('',(0.,-1.));
#10893 = ( GEOMETRIC_REPRESENTATION_CONTEXT(2) 
PARAMETRIC_REPRESENTATION_CONTEXT() REPRESENTATION_CONTEXT('2D SPACE',''
  ) );
#10894 = PCURVE('',#10895,#10900);
#10895 = PLANE('',#10896);
#10896 = AXIS2_PLACEMENT_3D('',#10897,#10898,#10899);
#10897 = CARTESIAN_POINT('',(-1.75,-0.625,0.2));
#10898 = DIRECTION('',(0.,0.,1.));
#10899 = DIRECTION('',(1.,0.,-0.));
#10900 = DEFINITIONAL_REPRESENTATION('',(#10901),#10905);
#10901 = LINE('',#10902,#10903);
#10902 = CARTESIAN_POINT('',(0.,0.));
#10903 = VECTOR('',#10904,1.);
#10904 = DIRECTION('',(0.,1.));
#10905 = ( GEOMETRIC_REPRESENTATION_CONTEXT(2) 
PARAMETRIC_REPRESENTATION_CONTEXT() REPRESENTATION_CONTEXT('2D SPACE',''
  ) );
#10906 = ADVANCED_FACE('',(#10907),#10921,.T.);
#10907 = FACE_BOUND('',#10908,.T.);
#10908 = EDGE_LOOP('',(#10909,#10939,#10962,#10985));
#10909 = ORIENTED_EDGE('',*,*,#10910,.F.);
#10910 = EDGE_CURVE('',#10911,#10913,#10915,.T.);
#10911 = VERTEX_POINT('',#10912);
#10912 = CARTESIAN_POINT('',(-1.35,-0.625,0.));
#10913 = VERTEX_POINT('',#10914);
#10914 = CARTESIAN_POINT('',(-1.35,-0.625,0.2));
#10915 = SURFACE_CURVE('',#10916,(#10920,#10932),.PCURVE_S1.);
#10916 = LINE('',#10917,#10918);
#10917 = CARTESIAN_POINT('',(-1.35,-0.625,0.));
#10918 = VECTOR('',#10919,1.);
#10919 = DIRECTION('',(0.,0.,1.));
#10920 = PCURVE('',#10921,#10926);
#10921 = PLANE('',#10922);
#10922 = AXIS2_PLACEMENT_3D('',#10923,#10924,#10925);
#10923 = CARTESIAN_POINT('',(-1.35,-0.625,0.));
#10924 = DIRECTION('',(1.,0.,-0.));
#10925 = DIRECTION('',(0.,0.,1.));
#10926 = DEFINITIONAL_REPRESENTATION('',(#10927),#10931);
#10927 = LINE('',#10928,#10929);
#10928 = CARTESIAN_POINT('',(0.,0.));
#10929 = VECTOR('',#10930,1.);
#10930 = DIRECTION('',(1.,0.));
#10931 = ( GEOMETRIC_REPRESENTATION_CONTEXT(2) 
PARAMETRIC_REPRESENTATION_CONTEXT() REPRESENTATION_CONTEXT('2D SPACE',''
  ) );
#10932 = PCURVE('',#10813,#10933);
#10933 = DEFINITIONAL_REPRESENTATION('',(#10934),#10938);
#10934 = LINE('',#10935,#10936);
#10935 = CARTESIAN_POINT('',(0.,0.4));
#10936 = VECTOR('',#10937,1.);
#10937 = DIRECTION('',(1.,0.));
#10938 = ( GEOMETRIC_REPRESENTATION_CONTEXT(2) 
PARAMETRIC_REPRESENTATION_CONTEXT() REPRESENTATION_CONTEXT('2D SPACE',''
  ) );
#10939 = ORIENTED_EDGE('',*,*,#10940,.T.);
#10940 = EDGE_CURVE('',#10911,#10941,#10943,.T.);
#10941 = VERTEX_POINT('',#10942);
#10942 = CARTESIAN_POINT('',(-1.35,-0.375,0.));
#10943 = SURFACE_CURVE('',#10944,(#10948,#10955),.PCURVE_S1.);
#10944 = LINE('',#10945,#10946);
#10945 = CARTESIAN_POINT('',(-1.35,-0.625,0.));
#10946 = VECTOR('',#10947,1.);
#10947 = DIRECTION('',(-0.,1.,0.));
#10948 = PCURVE('',#10921,#10949);
#10949 = DEFINITIONAL_REPRESENTATION('',(#10950),#10954);
#10950 = LINE('',#10951,#10952);
#10951 = CARTESIAN_POINT('',(0.,0.));
#10952 = VECTOR('',#10953,1.);
#10953 = DIRECTION('',(0.,-1.));
#10954 = ( GEOMETRIC_REPRESENTATION_CONTEXT(2) 
PARAMETRIC_REPRESENTATION_CONTEXT() REPRESENTATION_CONTEXT('2D SPACE',''
  ) );
#10955 = PCURVE('',#10841,#10956);
#10956 = DEFINITIONAL_REPRESENTATION('',(#10957),#10961);
#10957 = LINE('',#10958,#10959);
#10958 = CARTESIAN_POINT('',(0.4,0.));
#10959 = VECTOR('',#10960,1.);
#10960 = DIRECTION('',(0.,1.));
#10961 = ( GEOMETRIC_REPRESENTATION_CONTEXT(2) 
PARAMETRIC_REPRESENTATION_CONTEXT() REPRESENTATION_CONTEXT('2D SPACE',''
  ) );
#10962 = ORIENTED_EDGE('',*,*,#10963,.T.);
#10963 = EDGE_CURVE('',#10941,#10964,#10966,.T.);
#10964 = VERTEX_POINT('',#10965);
#10965 = CARTESIAN_POINT('',(-1.35,-0.375,0.2));
#10966 = SURFACE_CURVE('',#10967,(#10971,#10978),.PCURVE_S1.);
#10967 = LINE('',#10968,#10969);
#10968 = CARTESIAN_POINT('',(-1.35,-0.375,0.));
#10969 = VECTOR('',#10970,1.);
#10970 = DIRECTION('',(0.,0.,1.));
#10971 = PCURVE('',#10921,#10972);
#10972 = DEFINITIONAL_REPRESENTATION('',(#10973),#10977);
#10973 = LINE('',#10974,#10975);
#10974 = CARTESIAN_POINT('',(0.,-0.25));
#10975 = VECTOR('',#10976,1.);
#10976 = DIRECTION('',(1.,0.));
#10977 = ( GEOMETRIC_REPRESENTATION_CONTEXT(2) 
PARAMETRIC_REPRESENTATION_CONTEXT() REPRESENTATION_CONTEXT('2D SPACE',''
  ) );
#10978 = PCURVE('',#10869,#10979);
#10979 = DEFINITIONAL_REPRESENTATION('',(#10980),#10984);
#10980 = LINE('',#10981,#10982);
#10981 = CARTESIAN_POINT('',(0.,0.4));
#10982 = VECTOR('',#10983,1.);
#10983 = DIRECTION('',(1.,0.));
#10984 = ( GEOMETRIC_REPRESENTATION_CONTEXT(2) 
PARAMETRIC_REPRESENTATION_CONTEXT() REPRESENTATION_CONTEXT('2D SPACE',''
  ) );
#10985 = ORIENTED_EDGE('',*,*,#10986,.F.);
#10986 = EDGE_CURVE('',#10913,#10964,#10987,.T.);
#10987 = SURFACE_CURVE('',#10988,(#10992,#10999),.PCURVE_S1.);
#10988 = LINE('',#10989,#10990);
#10989 = CARTESIAN_POINT('',(-1.35,-0.625,0.2));
#10990 = VECTOR('',#10991,1.);
#10991 = DIRECTION('',(-0.,1.,0.));
#10992 = PCURVE('',#10921,#10993);
#10993 = DEFINITIONAL_REPRESENTATION('',(#10994),#10998);
#10994 = LINE('',#10995,#10996);
#10995 = CARTESIAN_POINT('',(0.2,0.));
#10996 = VECTOR('',#10997,1.);
#10997 = DIRECTION('',(0.,-1.));
#10998 = ( GEOMETRIC_REPRESENTATION_CONTEXT(2) 
PARAMETRIC_REPRESENTATION_CONTEXT() REPRESENTATION_CONTEXT('2D SPACE',''
  ) );
#10999 = PCURVE('',#10895,#11000);
#11000 = DEFINITIONAL_REPRESENTATION('',(#11001),#11005);
#11001 = LINE('',#11002,#11003);
#11002 = CARTESIAN_POINT('',(0.4,0.));
#11003 = VECTOR('',#11004,1.);
#11004 = DIRECTION('',(0.,1.));
#11005 = ( GEOMETRIC_REPRESENTATION_CONTEXT(2) 
PARAMETRIC_REPRESENTATION_CONTEXT() REPRESENTATION_CONTEXT('2D SPACE',''
  ) );
#11006 = ADVANCED_FACE('',(#11007),#10813,.F.);
#11007 = FACE_BOUND('',#11008,.F.);
#11008 = EDGE_LOOP('',(#11009,#11030,#11031,#11052));
#11009 = ORIENTED_EDGE('',*,*,#11010,.F.);
#11010 = EDGE_CURVE('',#10791,#10911,#11011,.T.);
#11011 = SURFACE_CURVE('',#11012,(#11016,#11023),.PCURVE_S1.);
#11012 = LINE('',#11013,#11014);
#11013 = CARTESIAN_POINT('',(-1.75,-0.625,0.));
#11014 = VECTOR('',#11015,1.);
#11015 = DIRECTION('',(1.,0.,-0.));
#11016 = PCURVE('',#10813,#11017);
#11017 = DEFINITIONAL_REPRESENTATION('',(#11018),#11022);
#11018 = LINE('',#11019,#11020);
#11019 = CARTESIAN_POINT('',(0.,0.));
#11020 = VECTOR('',#11021,1.);
#11021 = DIRECTION('',(0.,1.));
#11022 = ( GEOMETRIC_REPRESENTATION_CONTEXT(2) 
PARAMETRIC_REPRESENTATION_CONTEXT() REPRESENTATION_CONTEXT('2D SPACE',''
  ) );
#11023 = PCURVE('',#10841,#11024);
#11024 = DEFINITIONAL_REPRESENTATION('',(#11025),#11029);
#11025 = LINE('',#11026,#11027);
#11026 = CARTESIAN_POINT('',(0.,0.));
#11027 = VECTOR('',#11028,1.);
#11028 = DIRECTION('',(1.,0.));
#11029 = ( GEOMETRIC_REPRESENTATION_CONTEXT(2) 
PARAMETRIC_REPRESENTATION_CONTEXT() REPRESENTATION_CONTEXT('2D SPACE',''
  ) );
#11030 = ORIENTED_EDGE('',*,*,#10790,.T.);
#11031 = ORIENTED_EDGE('',*,*,#11032,.T.);
#11032 = EDGE_CURVE('',#10793,#10913,#11033,.T.);
#11033 = SURFACE_CURVE('',#11034,(#11038,#11045),.PCURVE_S1.);
#11034 = LINE('',#11035,#11036);
#11035 = CARTESIAN_POINT('',(-1.75,-0.625,0.2));
#11036 = VECTOR('',#11037,1.);
#11037 = DIRECTION('',(1.,0.,-0.));
#11038 = PCURVE('',#10813,#11039);
#11039 = DEFINITIONAL_REPRESENTATION('',(#11040),#11044);
#11040 = LINE('',#11041,#11042);
#11041 = CARTESIAN_POINT('',(0.2,0.));
#11042 = VECTOR('',#11043,1.);
#11043 = DIRECTION('',(0.,1.));
#11044 = ( GEOMETRIC_REPRESENTATION_CONTEXT(2) 
PARAMETRIC_REPRESENTATION_CONTEXT() REPRESENTATION_CONTEXT('2D SPACE',''
  ) );
#11045 = PCURVE('',#10895,#11046);
#11046 = DEFINITIONAL_REPRESENTATION('',(#11047),#11051);
#11047 = LINE('',#11048,#11049);
#11048 = CARTESIAN_POINT('',(0.,0.));
#11049 = VECTOR('',#11050,1.);
#11050 = DIRECTION('',(1.,0.));
#11051 = ( GEOMETRIC_REPRESENTATION_CONTEXT(2) 
PARAMETRIC_REPRESENTATION_CONTEXT() REPRESENTATION_CONTEXT('2D SPACE',''
  ) );
#11052 = ORIENTED_EDGE('',*,*,#10910,.F.);
#11053 = ADVANCED_FACE('',(#11054),#10869,.T.);
#11054 = FACE_BOUND('',#11055,.T.);
#11055 = EDGE_LOOP('',(#11056,#11077,#11078,#11099));
#11056 = ORIENTED_EDGE('',*,*,#11057,.F.);
#11057 = EDGE_CURVE('',#10826,#10941,#11058,.T.);
#11058 = SURFACE_CURVE('',#11059,(#11063,#11070),.PCURVE_S1.);
#11059 = LINE('',#11060,#11061);
#11060 = CARTESIAN_POINT('',(-1.75,-0.375,0.));
#11061 = VECTOR('',#11062,1.);
#11062 = DIRECTION('',(1.,0.,-0.));
#11063 = PCURVE('',#10869,#11064);
#11064 = DEFINITIONAL_REPRESENTATION('',(#11065),#11069);
#11065 = LINE('',#11066,#11067);
#11066 = CARTESIAN_POINT('',(0.,0.));
#11067 = VECTOR('',#11068,1.);
#11068 = DIRECTION('',(0.,1.));
#11069 = ( GEOMETRIC_REPRESENTATION_CONTEXT(2) 
PARAMETRIC_REPRESENTATION_CONTEXT() REPRESENTATION_CONTEXT('2D SPACE',''
  ) );
#11070 = PCURVE('',#10841,#11071);
#11071 = DEFINITIONAL_REPRESENTATION('',(#11072),#11076);
#11072 = LINE('',#11073,#11074);
#11073 = CARTESIAN_POINT('',(0.,0.25));
#11074 = VECTOR('',#11075,1.);
#11075 = DIRECTION('',(1.,0.));
#11076 = ( GEOMETRIC_REPRESENTATION_CONTEXT(2) 
PARAMETRIC_REPRESENTATION_CONTEXT() REPRESENTATION_CONTEXT('2D SPACE',''
  ) );
#11077 = ORIENTED_EDGE('',*,*,#10853,.T.);
#11078 = ORIENTED_EDGE('',*,*,#11079,.T.);
#11079 = EDGE_CURVE('',#10854,#10964,#11080,.T.);
#11080 = SURFACE_CURVE('',#11081,(#11085,#11092),.PCURVE_S1.);
#11081 = LINE('',#11082,#11083);
#11082 = CARTESIAN_POINT('',(-1.75,-0.375,0.2));
#11083 = VECTOR('',#11084,1.);
#11084 = DIRECTION('',(1.,0.,-0.));
#11085 = PCURVE('',#10869,#11086);
#11086 = DEFINITIONAL_REPRESENTATION('',(#11087),#11091);
#11087 = LINE('',#11088,#11089);
#11088 = CARTESIAN_POINT('',(0.2,0.));
#11089 = VECTOR('',#11090,1.);
#11090 = DIRECTION('',(0.,1.));
#11091 = ( GEOMETRIC_REPRESENTATION_CONTEXT(2) 
PARAMETRIC_REPRESENTATION_CONTEXT() REPRESENTATION_CONTEXT('2D SPACE',''
  ) );
#11092 = PCURVE('',#10895,#11093);
#11093 = DEFINITIONAL_REPRESENTATION('',(#11094),#11098);
#11094 = LINE('',#11095,#11096);
#11095 = CARTESIAN_POINT('',(0.,0.25));
#11096 = VECTOR('',#11097,1.);
#11097 = DIRECTION('',(1.,0.));
#11098 = ( GEOMETRIC_REPRESENTATION_CONTEXT(2) 
PARAMETRIC_REPRESENTATION_CONTEXT() REPRESENTATION_CONTEXT('2D SPACE',''
  ) );
#11099 = ORIENTED_EDGE('',*,*,#10963,.F.);
#11100 = ADVANCED_FACE('',(#11101),#10841,.F.);
#11101 = FACE_BOUND('',#11102,.F.);
#11102 = EDGE_LOOP('',(#11103,#11104,#11105,#11106));
#11103 = ORIENTED_EDGE('',*,*,#10825,.F.);
#11104 = ORIENTED_EDGE('',*,*,#11010,.T.);
#11105 = ORIENTED_EDGE('',*,*,#10940,.T.);
#11106 = ORIENTED_EDGE('',*,*,#11057,.F.);
#11107 = ADVANCED_FACE('',(#11108),#10895,.T.);
#11108 = FACE_BOUND('',#11109,.T.);
#11109 = EDGE_LOOP('',(#11110,#11111,#11112,#11113));
#11110 = ORIENTED_EDGE('',*,*,#10881,.F.);
#11111 = ORIENTED_EDGE('',*,*,#11032,.T.);
#11112 = ORIENTED_EDGE('',*,*,#10986,.T.);
#11113 = ORIENTED_EDGE('',*,*,#11079,.F.);
#11114 = MANIFOLD_SOLID_BREP('',#11115);
#11115 = CLOSED_SHELL('',(#11116,#11236,#11336,#11383,#11430,#11437));
#11116 = ADVANCED_FACE('',(#11117),#11131,.F.);
#11117 = FACE_BOUND('',#11118,.F.);
#11118 = EDGE_LOOP('',(#11119,#11154,#11182,#11210));
#11119 = ORIENTED_EDGE('',*,*,#11120,.F.);
#11120 = EDGE_CURVE('',#11121,#11123,#11125,.T.);
#11121 = VERTEX_POINT('',#11122);
#11122 = CARTESIAN_POINT('',(0.375,-1.75,0.));
#11123 = VERTEX_POINT('',#11124);
#11124 = CARTESIAN_POINT('',(0.375,-1.75,0.2));
#11125 = SURFACE_CURVE('',#11126,(#11130,#11142),.PCURVE_S1.);
#11126 = LINE('',#11127,#11128);
#11127 = CARTESIAN_POINT('',(0.375,-1.75,0.));
#11128 = VECTOR('',#11129,1.);
#11129 = DIRECTION('',(0.,0.,1.));
#11130 = PCURVE('',#11131,#11136);
#11131 = PLANE('',#11132);
#11132 = AXIS2_PLACEMENT_3D('',#11133,#11134,#11135);
#11133 = CARTESIAN_POINT('',(0.375,-1.75,0.));
#11134 = DIRECTION('',(1.,0.,-0.));
#11135 = DIRECTION('',(0.,0.,1.));
#11136 = DEFINITIONAL_REPRESENTATION('',(#11137),#11141);
#11137 = LINE('',#11138,#11139);
#11138 = CARTESIAN_POINT('',(0.,0.));
#11139 = VECTOR('',#11140,1.);
#11140 = DIRECTION('',(1.,0.));
#11141 = ( GEOMETRIC_REPRESENTATION_CONTEXT(2) 
PARAMETRIC_REPRESENTATION_CONTEXT() REPRESENTATION_CONTEXT('2D SPACE',''
  ) );
#11142 = PCURVE('',#11143,#11148);
#11143 = PLANE('',#11144);
#11144 = AXIS2_PLACEMENT_3D('',#11145,#11146,#11147);
#11145 = CARTESIAN_POINT('',(0.375,-1.75,0.));
#11146 = DIRECTION('',(-0.,1.,0.));
#11147 = DIRECTION('',(0.,0.,1.));
#11148 = DEFINITIONAL_REPRESENTATION('',(#11149),#11153);
#11149 = LINE('',#11150,#11151);
#11150 = CARTESIAN_POINT('',(0.,0.));
#11151 = VECTOR('',#11152,1.);
#11152 = DIRECTION('',(1.,0.));
#11153 = ( GEOMETRIC_REPRESENTATION_CONTEXT(2) 
PARAMETRIC_REPRESENTATION_CONTEXT() REPRESENTATION_CONTEXT('2D SPACE',''
  ) );
#11154 = ORIENTED_EDGE('',*,*,#11155,.T.);
#11155 = EDGE_CURVE('',#11121,#11156,#11158,.T.);
#11156 = VERTEX_POINT('',#11157);
#11157 = CARTESIAN_POINT('',(0.375,-1.35,0.));
#11158 = SURFACE_CURVE('',#11159,(#11163,#11170),.PCURVE_S1.);
#11159 = LINE('',#11160,#11161);
#11160 = CARTESIAN_POINT('',(0.375,-1.75,0.));
#11161 = VECTOR('',#11162,1.);
#11162 = DIRECTION('',(-0.,1.,0.));
#11163 = PCURVE('',#11131,#11164);
#11164 = DEFINITIONAL_REPRESENTATION('',(#11165),#11169);
#11165 = LINE('',#11166,#11167);
#11166 = CARTESIAN_POINT('',(0.,0.));
#11167 = VECTOR('',#11168,1.);
#11168 = DIRECTION('',(0.,-1.));
#11169 = ( GEOMETRIC_REPRESENTATION_CONTEXT(2) 
PARAMETRIC_REPRESENTATION_CONTEXT() REPRESENTATION_CONTEXT('2D SPACE',''
  ) );
#11170 = PCURVE('',#11171,#11176);
#11171 = PLANE('',#11172);
#11172 = AXIS2_PLACEMENT_3D('',#11173,#11174,#11175);
#11173 = CARTESIAN_POINT('',(0.375,-1.75,0.));
#11174 = DIRECTION('',(0.,0.,1.));
#11175 = DIRECTION('',(1.,0.,-0.));
#11176 = DEFINITIONAL_REPRESENTATION('',(#11177),#11181);
#11177 = LINE('',#11178,#11179);
#11178 = CARTESIAN_POINT('',(0.,0.));
#11179 = VECTOR('',#11180,1.);
#11180 = DIRECTION('',(0.,1.));
#11181 = ( GEOMETRIC_REPRESENTATION_CONTEXT(2) 
PARAMETRIC_REPRESENTATION_CONTEXT() REPRESENTATION_CONTEXT('2D SPACE',''
  ) );
#11182 = ORIENTED_EDGE('',*,*,#11183,.T.);
#11183 = EDGE_CURVE('',#11156,#11184,#11186,.T.);
#11184 = VERTEX_POINT('',#11185);
#11185 = CARTESIAN_POINT('',(0.375,-1.35,0.2));
#11186 = SURFACE_CURVE('',#11187,(#11191,#11198),.PCURVE_S1.);
#11187 = LINE('',#11188,#11189);
#11188 = CARTESIAN_POINT('',(0.375,-1.35,0.));
#11189 = VECTOR('',#11190,1.);
#11190 = DIRECTION('',(0.,0.,1.));
#11191 = PCURVE('',#11131,#11192);
#11192 = DEFINITIONAL_REPRESENTATION('',(#11193),#11197);
#11193 = LINE('',#11194,#11195);
#11194 = CARTESIAN_POINT('',(0.,-0.4));
#11195 = VECTOR('',#11196,1.);
#11196 = DIRECTION('',(1.,0.));
#11197 = ( GEOMETRIC_REPRESENTATION_CONTEXT(2) 
PARAMETRIC_REPRESENTATION_CONTEXT() REPRESENTATION_CONTEXT('2D SPACE',''
  ) );
#11198 = PCURVE('',#11199,#11204);
#11199 = PLANE('',#11200);
#11200 = AXIS2_PLACEMENT_3D('',#11201,#11202,#11203);
#11201 = CARTESIAN_POINT('',(0.375,-1.35,0.));
#11202 = DIRECTION('',(-0.,1.,0.));
#11203 = DIRECTION('',(0.,0.,1.));
#11204 = DEFINITIONAL_REPRESENTATION('',(#11205),#11209);
#11205 = LINE('',#11206,#11207);
#11206 = CARTESIAN_POINT('',(0.,0.));
#11207 = VECTOR('',#11208,1.);
#11208 = DIRECTION('',(1.,0.));
#11209 = ( GEOMETRIC_REPRESENTATION_CONTEXT(2) 
PARAMETRIC_REPRESENTATION_CONTEXT() REPRESENTATION_CONTEXT('2D SPACE',''
  ) );
#11210 = ORIENTED_EDGE('',*,*,#11211,.F.);
#11211 = EDGE_CURVE('',#11123,#11184,#11212,.T.);
#11212 = SURFACE_CURVE('',#11213,(#11217,#11224),.PCURVE_S1.);
#11213 = LINE('',#11214,#11215);
#11214 = CARTESIAN_POINT('',(0.375,-1.75,0.2));
#11215 = VECTOR('',#11216,1.);
#11216 = DIRECTION('',(-0.,1.,0.));
#11217 = PCURVE('',#11131,#11218);
#11218 = DEFINITIONAL_REPRESENTATION('',(#11219),#11223);
#11219 = LINE('',#11220,#11221);
#11220 = CARTESIAN_POINT('',(0.2,0.));
#11221 = VECTOR('',#11222,1.);
#11222 = DIRECTION('',(0.,-1.));
#11223 = ( GEOMETRIC_REPRESENTATION_CONTEXT(2) 
PARAMETRIC_REPRESENTATION_CONTEXT() REPRESENTATION_CONTEXT('2D SPACE',''
  ) );
#11224 = PCURVE('',#11225,#11230);
#11225 = PLANE('',#11226);
#11226 = AXIS2_PLACEMENT_3D('',#11227,#11228,#11229);
#11227 = CARTESIAN_POINT('',(0.375,-1.75,0.2));
#11228 = DIRECTION('',(0.,0.,1.));
#11229 = DIRECTION('',(1.,0.,-0.));
#11230 = DEFINITIONAL_REPRESENTATION('',(#11231),#11235);
#11231 = LINE('',#11232,#11233);
#11232 = CARTESIAN_POINT('',(0.,0.));
#11233 = VECTOR('',#11234,1.);
#11234 = DIRECTION('',(0.,1.));
#11235 = ( GEOMETRIC_REPRESENTATION_CONTEXT(2) 
PARAMETRIC_REPRESENTATION_CONTEXT() REPRESENTATION_CONTEXT('2D SPACE',''
  ) );
#11236 = ADVANCED_FACE('',(#11237),#11251,.T.);
#11237 = FACE_BOUND('',#11238,.T.);
#11238 = EDGE_LOOP('',(#11239,#11269,#11292,#11315));
#11239 = ORIENTED_EDGE('',*,*,#11240,.F.);
#11240 = EDGE_CURVE('',#11241,#11243,#11245,.T.);
#11241 = VERTEX_POINT('',#11242);
#11242 = CARTESIAN_POINT('',(0.625,-1.75,0.));
#11243 = VERTEX_POINT('',#11244);
#11244 = CARTESIAN_POINT('',(0.625,-1.75,0.2));
#11245 = SURFACE_CURVE('',#11246,(#11250,#11262),.PCURVE_S1.);
#11246 = LINE('',#11247,#11248);
#11247 = CARTESIAN_POINT('',(0.625,-1.75,0.));
#11248 = VECTOR('',#11249,1.);
#11249 = DIRECTION('',(0.,0.,1.));
#11250 = PCURVE('',#11251,#11256);
#11251 = PLANE('',#11252);
#11252 = AXIS2_PLACEMENT_3D('',#11253,#11254,#11255);
#11253 = CARTESIAN_POINT('',(0.625,-1.75,0.));
#11254 = DIRECTION('',(1.,0.,-0.));
#11255 = DIRECTION('',(0.,0.,1.));
#11256 = DEFINITIONAL_REPRESENTATION('',(#11257),#11261);
#11257 = LINE('',#11258,#11259);
#11258 = CARTESIAN_POINT('',(0.,0.));
#11259 = VECTOR('',#11260,1.);
#11260 = DIRECTION('',(1.,0.));
#11261 = ( GEOMETRIC_REPRESENTATION_CONTEXT(2) 
PARAMETRIC_REPRESENTATION_CONTEXT() REPRESENTATION_CONTEXT('2D SPACE',''
  ) );
#11262 = PCURVE('',#11143,#11263);
#11263 = DEFINITIONAL_REPRESENTATION('',(#11264),#11268);
#11264 = LINE('',#11265,#11266);
#11265 = CARTESIAN_POINT('',(0.,0.25));
#11266 = VECTOR('',#11267,1.);
#11267 = DIRECTION('',(1.,0.));
#11268 = ( GEOMETRIC_REPRESENTATION_CONTEXT(2) 
PARAMETRIC_REPRESENTATION_CONTEXT() REPRESENTATION_CONTEXT('2D SPACE',''
  ) );
#11269 = ORIENTED_EDGE('',*,*,#11270,.T.);
#11270 = EDGE_CURVE('',#11241,#11271,#11273,.T.);
#11271 = VERTEX_POINT('',#11272);
#11272 = CARTESIAN_POINT('',(0.625,-1.35,0.));
#11273 = SURFACE_CURVE('',#11274,(#11278,#11285),.PCURVE_S1.);
#11274 = LINE('',#11275,#11276);
#11275 = CARTESIAN_POINT('',(0.625,-1.75,0.));
#11276 = VECTOR('',#11277,1.);
#11277 = DIRECTION('',(-0.,1.,0.));
#11278 = PCURVE('',#11251,#11279);
#11279 = DEFINITIONAL_REPRESENTATION('',(#11280),#11284);
#11280 = LINE('',#11281,#11282);
#11281 = CARTESIAN_POINT('',(0.,0.));
#11282 = VECTOR('',#11283,1.);
#11283 = DIRECTION('',(0.,-1.));
#11284 = ( GEOMETRIC_REPRESENTATION_CONTEXT(2) 
PARAMETRIC_REPRESENTATION_CONTEXT() REPRESENTATION_CONTEXT('2D SPACE',''
  ) );
#11285 = PCURVE('',#11171,#11286);
#11286 = DEFINITIONAL_REPRESENTATION('',(#11287),#11291);
#11287 = LINE('',#11288,#11289);
#11288 = CARTESIAN_POINT('',(0.25,0.));
#11289 = VECTOR('',#11290,1.);
#11290 = DIRECTION('',(0.,1.));
#11291 = ( GEOMETRIC_REPRESENTATION_CONTEXT(2) 
PARAMETRIC_REPRESENTATION_CONTEXT() REPRESENTATION_CONTEXT('2D SPACE',''
  ) );
#11292 = ORIENTED_EDGE('',*,*,#11293,.T.);
#11293 = EDGE_CURVE('',#11271,#11294,#11296,.T.);
#11294 = VERTEX_POINT('',#11295);
#11295 = CARTESIAN_POINT('',(0.625,-1.35,0.2));
#11296 = SURFACE_CURVE('',#11297,(#11301,#11308),.PCURVE_S1.);
#11297 = LINE('',#11298,#11299);
#11298 = CARTESIAN_POINT('',(0.625,-1.35,0.));
#11299 = VECTOR('',#11300,1.);
#11300 = DIRECTION('',(0.,0.,1.));
#11301 = PCURVE('',#11251,#11302);
#11302 = DEFINITIONAL_REPRESENTATION('',(#11303),#11307);
#11303 = LINE('',#11304,#11305);
#11304 = CARTESIAN_POINT('',(0.,-0.4));
#11305 = VECTOR('',#11306,1.);
#11306 = DIRECTION('',(1.,0.));
#11307 = ( GEOMETRIC_REPRESENTATION_CONTEXT(2) 
PARAMETRIC_REPRESENTATION_CONTEXT() REPRESENTATION_CONTEXT('2D SPACE',''
  ) );
#11308 = PCURVE('',#11199,#11309);
#11309 = DEFINITIONAL_REPRESENTATION('',(#11310),#11314);
#11310 = LINE('',#11311,#11312);
#11311 = CARTESIAN_POINT('',(0.,0.25));
#11312 = VECTOR('',#11313,1.);
#11313 = DIRECTION('',(1.,0.));
#11314 = ( GEOMETRIC_REPRESENTATION_CONTEXT(2) 
PARAMETRIC_REPRESENTATION_CONTEXT() REPRESENTATION_CONTEXT('2D SPACE',''
  ) );
#11315 = ORIENTED_EDGE('',*,*,#11316,.F.);
#11316 = EDGE_CURVE('',#11243,#11294,#11317,.T.);
#11317 = SURFACE_CURVE('',#11318,(#11322,#11329),.PCURVE_S1.);
#11318 = LINE('',#11319,#11320);
#11319 = CARTESIAN_POINT('',(0.625,-1.75,0.2));
#11320 = VECTOR('',#11321,1.);
#11321 = DIRECTION('',(-0.,1.,0.));
#11322 = PCURVE('',#11251,#11323);
#11323 = DEFINITIONAL_REPRESENTATION('',(#11324),#11328);
#11324 = LINE('',#11325,#11326);
#11325 = CARTESIAN_POINT('',(0.2,0.));
#11326 = VECTOR('',#11327,1.);
#11327 = DIRECTION('',(0.,-1.));
#11328 = ( GEOMETRIC_REPRESENTATION_CONTEXT(2) 
PARAMETRIC_REPRESENTATION_CONTEXT() REPRESENTATION_CONTEXT('2D SPACE',''
  ) );
#11329 = PCURVE('',#11225,#11330);
#11330 = DEFINITIONAL_REPRESENTATION('',(#11331),#11335);
#11331 = LINE('',#11332,#11333);
#11332 = CARTESIAN_POINT('',(0.25,0.));
#11333 = VECTOR('',#11334,1.);
#11334 = DIRECTION('',(0.,1.));
#11335 = ( GEOMETRIC_REPRESENTATION_CONTEXT(2) 
PARAMETRIC_REPRESENTATION_CONTEXT() REPRESENTATION_CONTEXT('2D SPACE',''
  ) );
#11336 = ADVANCED_FACE('',(#11337),#11143,.F.);
#11337 = FACE_BOUND('',#11338,.F.);
#11338 = EDGE_LOOP('',(#11339,#11360,#11361,#11382));
#11339 = ORIENTED_EDGE('',*,*,#11340,.F.);
#11340 = EDGE_CURVE('',#11121,#11241,#11341,.T.);
#11341 = SURFACE_CURVE('',#11342,(#11346,#11353),.PCURVE_S1.);
#11342 = LINE('',#11343,#11344);
#11343 = CARTESIAN_POINT('',(0.375,-1.75,0.));
#11344 = VECTOR('',#11345,1.);
#11345 = DIRECTION('',(1.,0.,-0.));
#11346 = PCURVE('',#11143,#11347);
#11347 = DEFINITIONAL_REPRESENTATION('',(#11348),#11352);
#11348 = LINE('',#11349,#11350);
#11349 = CARTESIAN_POINT('',(0.,0.));
#11350 = VECTOR('',#11351,1.);
#11351 = DIRECTION('',(0.,1.));
#11352 = ( GEOMETRIC_REPRESENTATION_CONTEXT(2) 
PARAMETRIC_REPRESENTATION_CONTEXT() REPRESENTATION_CONTEXT('2D SPACE',''
  ) );
#11353 = PCURVE('',#11171,#11354);
#11354 = DEFINITIONAL_REPRESENTATION('',(#11355),#11359);
#11355 = LINE('',#11356,#11357);
#11356 = CARTESIAN_POINT('',(0.,0.));
#11357 = VECTOR('',#11358,1.);
#11358 = DIRECTION('',(1.,0.));
#11359 = ( GEOMETRIC_REPRESENTATION_CONTEXT(2) 
PARAMETRIC_REPRESENTATION_CONTEXT() REPRESENTATION_CONTEXT('2D SPACE',''
  ) );
#11360 = ORIENTED_EDGE('',*,*,#11120,.T.);
#11361 = ORIENTED_EDGE('',*,*,#11362,.T.);
#11362 = EDGE_CURVE('',#11123,#11243,#11363,.T.);
#11363 = SURFACE_CURVE('',#11364,(#11368,#11375),.PCURVE_S1.);
#11364 = LINE('',#11365,#11366);
#11365 = CARTESIAN_POINT('',(0.375,-1.75,0.2));
#11366 = VECTOR('',#11367,1.);
#11367 = DIRECTION('',(1.,0.,-0.));
#11368 = PCURVE('',#11143,#11369);
#11369 = DEFINITIONAL_REPRESENTATION('',(#11370),#11374);
#11370 = LINE('',#11371,#11372);
#11371 = CARTESIAN_POINT('',(0.2,0.));
#11372 = VECTOR('',#11373,1.);
#11373 = DIRECTION('',(0.,1.));
#11374 = ( GEOMETRIC_REPRESENTATION_CONTEXT(2) 
PARAMETRIC_REPRESENTATION_CONTEXT() REPRESENTATION_CONTEXT('2D SPACE',''
  ) );
#11375 = PCURVE('',#11225,#11376);
#11376 = DEFINITIONAL_REPRESENTATION('',(#11377),#11381);
#11377 = LINE('',#11378,#11379);
#11378 = CARTESIAN_POINT('',(0.,0.));
#11379 = VECTOR('',#11380,1.);
#11380 = DIRECTION('',(1.,0.));
#11381 = ( GEOMETRIC_REPRESENTATION_CONTEXT(2) 
PARAMETRIC_REPRESENTATION_CONTEXT() REPRESENTATION_CONTEXT('2D SPACE',''
  ) );
#11382 = ORIENTED_EDGE('',*,*,#11240,.F.);
#11383 = ADVANCED_FACE('',(#11384),#11199,.T.);
#11384 = FACE_BOUND('',#11385,.T.);
#11385 = EDGE_LOOP('',(#11386,#11407,#11408,#11429));
#11386 = ORIENTED_EDGE('',*,*,#11387,.F.);
#11387 = EDGE_CURVE('',#11156,#11271,#11388,.T.);
#11388 = SURFACE_CURVE('',#11389,(#11393,#11400),.PCURVE_S1.);
#11389 = LINE('',#11390,#11391);
#11390 = CARTESIAN_POINT('',(0.375,-1.35,0.));
#11391 = VECTOR('',#11392,1.);
#11392 = DIRECTION('',(1.,0.,-0.));
#11393 = PCURVE('',#11199,#11394);
#11394 = DEFINITIONAL_REPRESENTATION('',(#11395),#11399);
#11395 = LINE('',#11396,#11397);
#11396 = CARTESIAN_POINT('',(0.,0.));
#11397 = VECTOR('',#11398,1.);
#11398 = DIRECTION('',(0.,1.));
#11399 = ( GEOMETRIC_REPRESENTATION_CONTEXT(2) 
PARAMETRIC_REPRESENTATION_CONTEXT() REPRESENTATION_CONTEXT('2D SPACE',''
  ) );
#11400 = PCURVE('',#11171,#11401);
#11401 = DEFINITIONAL_REPRESENTATION('',(#11402),#11406);
#11402 = LINE('',#11403,#11404);
#11403 = CARTESIAN_POINT('',(0.,0.4));
#11404 = VECTOR('',#11405,1.);
#11405 = DIRECTION('',(1.,0.));
#11406 = ( GEOMETRIC_REPRESENTATION_CONTEXT(2) 
PARAMETRIC_REPRESENTATION_CONTEXT() REPRESENTATION_CONTEXT('2D SPACE',''
  ) );
#11407 = ORIENTED_EDGE('',*,*,#11183,.T.);
#11408 = ORIENTED_EDGE('',*,*,#11409,.T.);
#11409 = EDGE_CURVE('',#11184,#11294,#11410,.T.);
#11410 = SURFACE_CURVE('',#11411,(#11415,#11422),.PCURVE_S1.);
#11411 = LINE('',#11412,#11413);
#11412 = CARTESIAN_POINT('',(0.375,-1.35,0.2));
#11413 = VECTOR('',#11414,1.);
#11414 = DIRECTION('',(1.,0.,-0.));
#11415 = PCURVE('',#11199,#11416);
#11416 = DEFINITIONAL_REPRESENTATION('',(#11417),#11421);
#11417 = LINE('',#11418,#11419);
#11418 = CARTESIAN_POINT('',(0.2,0.));
#11419 = VECTOR('',#11420,1.);
#11420 = DIRECTION('',(0.,1.));
#11421 = ( GEOMETRIC_REPRESENTATION_CONTEXT(2) 
PARAMETRIC_REPRESENTATION_CONTEXT() REPRESENTATION_CONTEXT('2D SPACE',''
  ) );
#11422 = PCURVE('',#11225,#11423);
#11423 = DEFINITIONAL_REPRESENTATION('',(#11424),#11428);
#11424 = LINE('',#11425,#11426);
#11425 = CARTESIAN_POINT('',(0.,0.4));
#11426 = VECTOR('',#11427,1.);
#11427 = DIRECTION('',(1.,0.));
#11428 = ( GEOMETRIC_REPRESENTATION_CONTEXT(2) 
PARAMETRIC_REPRESENTATION_CONTEXT() REPRESENTATION_CONTEXT('2D SPACE',''
  ) );
#11429 = ORIENTED_EDGE('',*,*,#11293,.F.);
#11430 = ADVANCED_FACE('',(#11431),#11171,.F.);
#11431 = FACE_BOUND('',#11432,.F.);
#11432 = EDGE_LOOP('',(#11433,#11434,#11435,#11436));
#11433 = ORIENTED_EDGE('',*,*,#11155,.F.);
#11434 = ORIENTED_EDGE('',*,*,#11340,.T.);
#11435 = ORIENTED_EDGE('',*,*,#11270,.T.);
#11436 = ORIENTED_EDGE('',*,*,#11387,.F.);
#11437 = ADVANCED_FACE('',(#11438),#11225,.T.);
#11438 = FACE_BOUND('',#11439,.T.);
#11439 = EDGE_LOOP('',(#11440,#11441,#11442,#11443));
#11440 = ORIENTED_EDGE('',*,*,#11211,.F.);
#11441 = ORIENTED_EDGE('',*,*,#11362,.T.);
#11442 = ORIENTED_EDGE('',*,*,#11316,.T.);
#11443 = ORIENTED_EDGE('',*,*,#11409,.F.);
#11444 = MANIFOLD_SOLID_BREP('',#11445);
#11445 = CLOSED_SHELL('',(#11446,#11566,#11666,#11713,#11760,#11767));
#11446 = ADVANCED_FACE('',(#11447),#11461,.F.);
#11447 = FACE_BOUND('',#11448,.F.);
#11448 = EDGE_LOOP('',(#11449,#11484,#11512,#11540));
#11449 = ORIENTED_EDGE('',*,*,#11450,.F.);
#11450 = EDGE_CURVE('',#11451,#11453,#11455,.T.);
#11451 = VERTEX_POINT('',#11452);
#11452 = CARTESIAN_POINT('',(1.35,0.375,0.));
#11453 = VERTEX_POINT('',#11454);
#11454 = CARTESIAN_POINT('',(1.35,0.375,0.2));
#11455 = SURFACE_CURVE('',#11456,(#11460,#11472),.PCURVE_S1.);
#11456 = LINE('',#11457,#11458);
#11457 = CARTESIAN_POINT('',(1.35,0.375,0.));
#11458 = VECTOR('',#11459,1.);
#11459 = DIRECTION('',(0.,0.,1.));
#11460 = PCURVE('',#11461,#11466);
#11461 = PLANE('',#11462);
#11462 = AXIS2_PLACEMENT_3D('',#11463,#11464,#11465);
#11463 = CARTESIAN_POINT('',(1.35,0.375,0.));
#11464 = DIRECTION('',(1.,0.,-0.));
#11465 = DIRECTION('',(0.,0.,1.));
#11466 = DEFINITIONAL_REPRESENTATION('',(#11467),#11471);
#11467 = LINE('',#11468,#11469);
#11468 = CARTESIAN_POINT('',(0.,0.));
#11469 = VECTOR('',#11470,1.);
#11470 = DIRECTION('',(1.,0.));
#11471 = ( GEOMETRIC_REPRESENTATION_CONTEXT(2) 
PARAMETRIC_REPRESENTATION_CONTEXT() REPRESENTATION_CONTEXT('2D SPACE',''
  ) );
#11472 = PCURVE('',#11473,#11478);
#11473 = PLANE('',#11474);
#11474 = AXIS2_PLACEMENT_3D('',#11475,#11476,#11477);
#11475 = CARTESIAN_POINT('',(1.35,0.375,0.));
#11476 = DIRECTION('',(-0.,1.,0.));
#11477 = DIRECTION('',(0.,0.,1.));
#11478 = DEFINITIONAL_REPRESENTATION('',(#11479),#11483);
#11479 = LINE('',#11480,#11481);
#11480 = CARTESIAN_POINT('',(0.,0.));
#11481 = VECTOR('',#11482,1.);
#11482 = DIRECTION('',(1.,0.));
#11483 = ( GEOMETRIC_REPRESENTATION_CONTEXT(2) 
PARAMETRIC_REPRESENTATION_CONTEXT() REPRESENTATION_CONTEXT('2D SPACE',''
  ) );
#11484 = ORIENTED_EDGE('',*,*,#11485,.T.);
#11485 = EDGE_CURVE('',#11451,#11486,#11488,.T.);
#11486 = VERTEX_POINT('',#11487);
#11487 = CARTESIAN_POINT('',(1.35,0.625,0.));
#11488 = SURFACE_CURVE('',#11489,(#11493,#11500),.PCURVE_S1.);
#11489 = LINE('',#11490,#11491);
#11490 = CARTESIAN_POINT('',(1.35,0.375,0.));
#11491 = VECTOR('',#11492,1.);
#11492 = DIRECTION('',(-0.,1.,0.));
#11493 = PCURVE('',#11461,#11494);
#11494 = DEFINITIONAL_REPRESENTATION('',(#11495),#11499);
#11495 = LINE('',#11496,#11497);
#11496 = CARTESIAN_POINT('',(0.,0.));
#11497 = VECTOR('',#11498,1.);
#11498 = DIRECTION('',(0.,-1.));
#11499 = ( GEOMETRIC_REPRESENTATION_CONTEXT(2) 
PARAMETRIC_REPRESENTATION_CONTEXT() REPRESENTATION_CONTEXT('2D SPACE',''
  ) );
#11500 = PCURVE('',#11501,#11506);
#11501 = PLANE('',#11502);
#11502 = AXIS2_PLACEMENT_3D('',#11503,#11504,#11505);
#11503 = CARTESIAN_POINT('',(1.35,0.375,0.));
#11504 = DIRECTION('',(0.,0.,1.));
#11505 = DIRECTION('',(1.,0.,-0.));
#11506 = DEFINITIONAL_REPRESENTATION('',(#11507),#11511);
#11507 = LINE('',#11508,#11509);
#11508 = CARTESIAN_POINT('',(0.,0.));
#11509 = VECTOR('',#11510,1.);
#11510 = DIRECTION('',(0.,1.));
#11511 = ( GEOMETRIC_REPRESENTATION_CONTEXT(2) 
PARAMETRIC_REPRESENTATION_CONTEXT() REPRESENTATION_CONTEXT('2D SPACE',''
  ) );
#11512 = ORIENTED_EDGE('',*,*,#11513,.T.);
#11513 = EDGE_CURVE('',#11486,#11514,#11516,.T.);
#11514 = VERTEX_POINT('',#11515);
#11515 = CARTESIAN_POINT('',(1.35,0.625,0.2));
#11516 = SURFACE_CURVE('',#11517,(#11521,#11528),.PCURVE_S1.);
#11517 = LINE('',#11518,#11519);
#11518 = CARTESIAN_POINT('',(1.35,0.625,0.));
#11519 = VECTOR('',#11520,1.);
#11520 = DIRECTION('',(0.,0.,1.));
#11521 = PCURVE('',#11461,#11522);
#11522 = DEFINITIONAL_REPRESENTATION('',(#11523),#11527);
#11523 = LINE('',#11524,#11525);
#11524 = CARTESIAN_POINT('',(0.,-0.25));
#11525 = VECTOR('',#11526,1.);
#11526 = DIRECTION('',(1.,0.));
#11527 = ( GEOMETRIC_REPRESENTATION_CONTEXT(2) 
PARAMETRIC_REPRESENTATION_CONTEXT() REPRESENTATION_CONTEXT('2D SPACE',''
  ) );
#11528 = PCURVE('',#11529,#11534);
#11529 = PLANE('',#11530);
#11530 = AXIS2_PLACEMENT_3D('',#11531,#11532,#11533);
#11531 = CARTESIAN_POINT('',(1.35,0.625,0.));
#11532 = DIRECTION('',(-0.,1.,0.));
#11533 = DIRECTION('',(0.,0.,1.));
#11534 = DEFINITIONAL_REPRESENTATION('',(#11535),#11539);
#11535 = LINE('',#11536,#11537);
#11536 = CARTESIAN_POINT('',(0.,0.));
#11537 = VECTOR('',#11538,1.);
#11538 = DIRECTION('',(1.,0.));
#11539 = ( GEOMETRIC_REPRESENTATION_CONTEXT(2) 
PARAMETRIC_REPRESENTATION_CONTEXT() REPRESENTATION_CONTEXT('2D SPACE',''
  ) );
#11540 = ORIENTED_EDGE('',*,*,#11541,.F.);
#11541 = EDGE_CURVE('',#11453,#11514,#11542,.T.);
#11542 = SURFACE_CURVE('',#11543,(#11547,#11554),.PCURVE_S1.);
#11543 = LINE('',#11544,#11545);
#11544 = CARTESIAN_POINT('',(1.35,0.375,0.2));
#11545 = VECTOR('',#11546,1.);
#11546 = DIRECTION('',(-0.,1.,0.));
#11547 = PCURVE('',#11461,#11548);
#11548 = DEFINITIONAL_REPRESENTATION('',(#11549),#11553);
#11549 = LINE('',#11550,#11551);
#11550 = CARTESIAN_POINT('',(0.2,0.));
#11551 = VECTOR('',#11552,1.);
#11552 = DIRECTION('',(0.,-1.));
#11553 = ( GEOMETRIC_REPRESENTATION_CONTEXT(2) 
PARAMETRIC_REPRESENTATION_CONTEXT() REPRESENTATION_CONTEXT('2D SPACE',''
  ) );
#11554 = PCURVE('',#11555,#11560);
#11555 = PLANE('',#11556);
#11556 = AXIS2_PLACEMENT_3D('',#11557,#11558,#11559);
#11557 = CARTESIAN_POINT('',(1.35,0.375,0.2));
#11558 = DIRECTION('',(0.,0.,1.));
#11559 = DIRECTION('',(1.,0.,-0.));
#11560 = DEFINITIONAL_REPRESENTATION('',(#11561),#11565);
#11561 = LINE('',#11562,#11563);
#11562 = CARTESIAN_POINT('',(0.,0.));
#11563 = VECTOR('',#11564,1.);
#11564 = DIRECTION('',(0.,1.));
#11565 = ( GEOMETRIC_REPRESENTATION_CONTEXT(2) 
PARAMETRIC_REPRESENTATION_CONTEXT() REPRESENTATION_CONTEXT('2D SPACE',''
  ) );
#11566 = ADVANCED_FACE('',(#11567),#11581,.T.);
#11567 = FACE_BOUND('',#11568,.T.);
#11568 = EDGE_LOOP('',(#11569,#11599,#11622,#11645));
#11569 = ORIENTED_EDGE('',*,*,#11570,.F.);
#11570 = EDGE_CURVE('',#11571,#11573,#11575,.T.);
#11571 = VERTEX_POINT('',#11572);
#11572 = CARTESIAN_POINT('',(1.75,0.375,0.));
#11573 = VERTEX_POINT('',#11574);
#11574 = CARTESIAN_POINT('',(1.75,0.375,0.2));
#11575 = SURFACE_CURVE('',#11576,(#11580,#11592),.PCURVE_S1.);
#11576 = LINE('',#11577,#11578);
#11577 = CARTESIAN_POINT('',(1.75,0.375,0.));
#11578 = VECTOR('',#11579,1.);
#11579 = DIRECTION('',(0.,0.,1.));
#11580 = PCURVE('',#11581,#11586);
#11581 = PLANE('',#11582);
#11582 = AXIS2_PLACEMENT_3D('',#11583,#11584,#11585);
#11583 = CARTESIAN_POINT('',(1.75,0.375,0.));
#11584 = DIRECTION('',(1.,0.,-0.));
#11585 = DIRECTION('',(0.,0.,1.));
#11586 = DEFINITIONAL_REPRESENTATION('',(#11587),#11591);
#11587 = LINE('',#11588,#11589);
#11588 = CARTESIAN_POINT('',(0.,0.));
#11589 = VECTOR('',#11590,1.);
#11590 = DIRECTION('',(1.,0.));
#11591 = ( GEOMETRIC_REPRESENTATION_CONTEXT(2) 
PARAMETRIC_REPRESENTATION_CONTEXT() REPRESENTATION_CONTEXT('2D SPACE',''
  ) );
#11592 = PCURVE('',#11473,#11593);
#11593 = DEFINITIONAL_REPRESENTATION('',(#11594),#11598);
#11594 = LINE('',#11595,#11596);
#11595 = CARTESIAN_POINT('',(0.,0.4));
#11596 = VECTOR('',#11597,1.);
#11597 = DIRECTION('',(1.,0.));
#11598 = ( GEOMETRIC_REPRESENTATION_CONTEXT(2) 
PARAMETRIC_REPRESENTATION_CONTEXT() REPRESENTATION_CONTEXT('2D SPACE',''
  ) );
#11599 = ORIENTED_EDGE('',*,*,#11600,.T.);
#11600 = EDGE_CURVE('',#11571,#11601,#11603,.T.);
#11601 = VERTEX_POINT('',#11602);
#11602 = CARTESIAN_POINT('',(1.75,0.625,0.));
#11603 = SURFACE_CURVE('',#11604,(#11608,#11615),.PCURVE_S1.);
#11604 = LINE('',#11605,#11606);
#11605 = CARTESIAN_POINT('',(1.75,0.375,0.));
#11606 = VECTOR('',#11607,1.);
#11607 = DIRECTION('',(-0.,1.,0.));
#11608 = PCURVE('',#11581,#11609);
#11609 = DEFINITIONAL_REPRESENTATION('',(#11610),#11614);
#11610 = LINE('',#11611,#11612);
#11611 = CARTESIAN_POINT('',(0.,0.));
#11612 = VECTOR('',#11613,1.);
#11613 = DIRECTION('',(0.,-1.));
#11614 = ( GEOMETRIC_REPRESENTATION_CONTEXT(2) 
PARAMETRIC_REPRESENTATION_CONTEXT() REPRESENTATION_CONTEXT('2D SPACE',''
  ) );
#11615 = PCURVE('',#11501,#11616);
#11616 = DEFINITIONAL_REPRESENTATION('',(#11617),#11621);
#11617 = LINE('',#11618,#11619);
#11618 = CARTESIAN_POINT('',(0.4,0.));
#11619 = VECTOR('',#11620,1.);
#11620 = DIRECTION('',(0.,1.));
#11621 = ( GEOMETRIC_REPRESENTATION_CONTEXT(2) 
PARAMETRIC_REPRESENTATION_CONTEXT() REPRESENTATION_CONTEXT('2D SPACE',''
  ) );
#11622 = ORIENTED_EDGE('',*,*,#11623,.T.);
#11623 = EDGE_CURVE('',#11601,#11624,#11626,.T.);
#11624 = VERTEX_POINT('',#11625);
#11625 = CARTESIAN_POINT('',(1.75,0.625,0.2));
#11626 = SURFACE_CURVE('',#11627,(#11631,#11638),.PCURVE_S1.);
#11627 = LINE('',#11628,#11629);
#11628 = CARTESIAN_POINT('',(1.75,0.625,0.));
#11629 = VECTOR('',#11630,1.);
#11630 = DIRECTION('',(0.,0.,1.));
#11631 = PCURVE('',#11581,#11632);
#11632 = DEFINITIONAL_REPRESENTATION('',(#11633),#11637);
#11633 = LINE('',#11634,#11635);
#11634 = CARTESIAN_POINT('',(0.,-0.25));
#11635 = VECTOR('',#11636,1.);
#11636 = DIRECTION('',(1.,0.));
#11637 = ( GEOMETRIC_REPRESENTATION_CONTEXT(2) 
PARAMETRIC_REPRESENTATION_CONTEXT() REPRESENTATION_CONTEXT('2D SPACE',''
  ) );
#11638 = PCURVE('',#11529,#11639);
#11639 = DEFINITIONAL_REPRESENTATION('',(#11640),#11644);
#11640 = LINE('',#11641,#11642);
#11641 = CARTESIAN_POINT('',(0.,0.4));
#11642 = VECTOR('',#11643,1.);
#11643 = DIRECTION('',(1.,0.));
#11644 = ( GEOMETRIC_REPRESENTATION_CONTEXT(2) 
PARAMETRIC_REPRESENTATION_CONTEXT() REPRESENTATION_CONTEXT('2D SPACE',''
  ) );
#11645 = ORIENTED_EDGE('',*,*,#11646,.F.);
#11646 = EDGE_CURVE('',#11573,#11624,#11647,.T.);
#11647 = SURFACE_CURVE('',#11648,(#11652,#11659),.PCURVE_S1.);
#11648 = LINE('',#11649,#11650);
#11649 = CARTESIAN_POINT('',(1.75,0.375,0.2));
#11650 = VECTOR('',#11651,1.);
#11651 = DIRECTION('',(-0.,1.,0.));
#11652 = PCURVE('',#11581,#11653);
#11653 = DEFINITIONAL_REPRESENTATION('',(#11654),#11658);
#11654 = LINE('',#11655,#11656);
#11655 = CARTESIAN_POINT('',(0.2,0.));
#11656 = VECTOR('',#11657,1.);
#11657 = DIRECTION('',(0.,-1.));
#11658 = ( GEOMETRIC_REPRESENTATION_CONTEXT(2) 
PARAMETRIC_REPRESENTATION_CONTEXT() REPRESENTATION_CONTEXT('2D SPACE',''
  ) );
#11659 = PCURVE('',#11555,#11660);
#11660 = DEFINITIONAL_REPRESENTATION('',(#11661),#11665);
#11661 = LINE('',#11662,#11663);
#11662 = CARTESIAN_POINT('',(0.4,0.));
#11663 = VECTOR('',#11664,1.);
#11664 = DIRECTION('',(0.,1.));
#11665 = ( GEOMETRIC_REPRESENTATION_CONTEXT(2) 
PARAMETRIC_REPRESENTATION_CONTEXT() REPRESENTATION_CONTEXT('2D SPACE',''
  ) );
#11666 = ADVANCED_FACE('',(#11667),#11473,.F.);
#11667 = FACE_BOUND('',#11668,.F.);
#11668 = EDGE_LOOP('',(#11669,#11690,#11691,#11712));
#11669 = ORIENTED_EDGE('',*,*,#11670,.F.);
#11670 = EDGE_CURVE('',#11451,#11571,#11671,.T.);
#11671 = SURFACE_CURVE('',#11672,(#11676,#11683),.PCURVE_S1.);
#11672 = LINE('',#11673,#11674);
#11673 = CARTESIAN_POINT('',(1.35,0.375,0.));
#11674 = VECTOR('',#11675,1.);
#11675 = DIRECTION('',(1.,0.,-0.));
#11676 = PCURVE('',#11473,#11677);
#11677 = DEFINITIONAL_REPRESENTATION('',(#11678),#11682);
#11678 = LINE('',#11679,#11680);
#11679 = CARTESIAN_POINT('',(0.,0.));
#11680 = VECTOR('',#11681,1.);
#11681 = DIRECTION('',(0.,1.));
#11682 = ( GEOMETRIC_REPRESENTATION_CONTEXT(2) 
PARAMETRIC_REPRESENTATION_CONTEXT() REPRESENTATION_CONTEXT('2D SPACE',''
  ) );
#11683 = PCURVE('',#11501,#11684);
#11684 = DEFINITIONAL_REPRESENTATION('',(#11685),#11689);
#11685 = LINE('',#11686,#11687);
#11686 = CARTESIAN_POINT('',(0.,0.));
#11687 = VECTOR('',#11688,1.);
#11688 = DIRECTION('',(1.,0.));
#11689 = ( GEOMETRIC_REPRESENTATION_CONTEXT(2) 
PARAMETRIC_REPRESENTATION_CONTEXT() REPRESENTATION_CONTEXT('2D SPACE',''
  ) );
#11690 = ORIENTED_EDGE('',*,*,#11450,.T.);
#11691 = ORIENTED_EDGE('',*,*,#11692,.T.);
#11692 = EDGE_CURVE('',#11453,#11573,#11693,.T.);
#11693 = SURFACE_CURVE('',#11694,(#11698,#11705),.PCURVE_S1.);
#11694 = LINE('',#11695,#11696);
#11695 = CARTESIAN_POINT('',(1.35,0.375,0.2));
#11696 = VECTOR('',#11697,1.);
#11697 = DIRECTION('',(1.,0.,-0.));
#11698 = PCURVE('',#11473,#11699);
#11699 = DEFINITIONAL_REPRESENTATION('',(#11700),#11704);
#11700 = LINE('',#11701,#11702);
#11701 = CARTESIAN_POINT('',(0.2,0.));
#11702 = VECTOR('',#11703,1.);
#11703 = DIRECTION('',(0.,1.));
#11704 = ( GEOMETRIC_REPRESENTATION_CONTEXT(2) 
PARAMETRIC_REPRESENTATION_CONTEXT() REPRESENTATION_CONTEXT('2D SPACE',''
  ) );
#11705 = PCURVE('',#11555,#11706);
#11706 = DEFINITIONAL_REPRESENTATION('',(#11707),#11711);
#11707 = LINE('',#11708,#11709);
#11708 = CARTESIAN_POINT('',(0.,0.));
#11709 = VECTOR('',#11710,1.);
#11710 = DIRECTION('',(1.,0.));
#11711 = ( GEOMETRIC_REPRESENTATION_CONTEXT(2) 
PARAMETRIC_REPRESENTATION_CONTEXT() REPRESENTATION_CONTEXT('2D SPACE',''
  ) );
#11712 = ORIENTED_EDGE('',*,*,#11570,.F.);
#11713 = ADVANCED_FACE('',(#11714),#11529,.T.);
#11714 = FACE_BOUND('',#11715,.T.);
#11715 = EDGE_LOOP('',(#11716,#11737,#11738,#11759));
#11716 = ORIENTED_EDGE('',*,*,#11717,.F.);
#11717 = EDGE_CURVE('',#11486,#11601,#11718,.T.);
#11718 = SURFACE_CURVE('',#11719,(#11723,#11730),.PCURVE_S1.);
#11719 = LINE('',#11720,#11721);
#11720 = CARTESIAN_POINT('',(1.35,0.625,0.));
#11721 = VECTOR('',#11722,1.);
#11722 = DIRECTION('',(1.,0.,-0.));
#11723 = PCURVE('',#11529,#11724);
#11724 = DEFINITIONAL_REPRESENTATION('',(#11725),#11729);
#11725 = LINE('',#11726,#11727);
#11726 = CARTESIAN_POINT('',(0.,0.));
#11727 = VECTOR('',#11728,1.);
#11728 = DIRECTION('',(0.,1.));
#11729 = ( GEOMETRIC_REPRESENTATION_CONTEXT(2) 
PARAMETRIC_REPRESENTATION_CONTEXT() REPRESENTATION_CONTEXT('2D SPACE',''
  ) );
#11730 = PCURVE('',#11501,#11731);
#11731 = DEFINITIONAL_REPRESENTATION('',(#11732),#11736);
#11732 = LINE('',#11733,#11734);
#11733 = CARTESIAN_POINT('',(0.,0.25));
#11734 = VECTOR('',#11735,1.);
#11735 = DIRECTION('',(1.,0.));
#11736 = ( GEOMETRIC_REPRESENTATION_CONTEXT(2) 
PARAMETRIC_REPRESENTATION_CONTEXT() REPRESENTATION_CONTEXT('2D SPACE',''
  ) );
#11737 = ORIENTED_EDGE('',*,*,#11513,.T.);
#11738 = ORIENTED_EDGE('',*,*,#11739,.T.);
#11739 = EDGE_CURVE('',#11514,#11624,#11740,.T.);
#11740 = SURFACE_CURVE('',#11741,(#11745,#11752),.PCURVE_S1.);
#11741 = LINE('',#11742,#11743);
#11742 = CARTESIAN_POINT('',(1.35,0.625,0.2));
#11743 = VECTOR('',#11744,1.);
#11744 = DIRECTION('',(1.,0.,-0.));
#11745 = PCURVE('',#11529,#11746);
#11746 = DEFINITIONAL_REPRESENTATION('',(#11747),#11751);
#11747 = LINE('',#11748,#11749);
#11748 = CARTESIAN_POINT('',(0.2,0.));
#11749 = VECTOR('',#11750,1.);
#11750 = DIRECTION('',(0.,1.));
#11751 = ( GEOMETRIC_REPRESENTATION_CONTEXT(2) 
PARAMETRIC_REPRESENTATION_CONTEXT() REPRESENTATION_CONTEXT('2D SPACE',''
  ) );
#11752 = PCURVE('',#11555,#11753);
#11753 = DEFINITIONAL_REPRESENTATION('',(#11754),#11758);
#11754 = LINE('',#11755,#11756);
#11755 = CARTESIAN_POINT('',(0.,0.25));
#11756 = VECTOR('',#11757,1.);
#11757 = DIRECTION('',(1.,0.));
#11758 = ( GEOMETRIC_REPRESENTATION_CONTEXT(2) 
PARAMETRIC_REPRESENTATION_CONTEXT() REPRESENTATION_CONTEXT('2D SPACE',''
  ) );
#11759 = ORIENTED_EDGE('',*,*,#11623,.F.);
#11760 = ADVANCED_FACE('',(#11761),#11501,.F.);
#11761 = FACE_BOUND('',#11762,.F.);
#11762 = EDGE_LOOP('',(#11763,#11764,#11765,#11766));
#11763 = ORIENTED_EDGE('',*,*,#11485,.F.);
#11764 = ORIENTED_EDGE('',*,*,#11670,.T.);
#11765 = ORIENTED_EDGE('',*,*,#11600,.T.);
#11766 = ORIENTED_EDGE('',*,*,#11717,.F.);
#11767 = ADVANCED_FACE('',(#11768),#11555,.T.);
#11768 = FACE_BOUND('',#11769,.T.);
#11769 = EDGE_LOOP('',(#11770,#11771,#11772,#11773));
#11770 = ORIENTED_EDGE('',*,*,#11541,.F.);
#11771 = ORIENTED_EDGE('',*,*,#11692,.T.);
#11772 = ORIENTED_EDGE('',*,*,#11646,.T.);
#11773 = ORIENTED_EDGE('',*,*,#11739,.F.);
#11774 = MANIFOLD_SOLID_BREP('',#11775);
#11775 = CLOSED_SHELL('',(#11776,#11896,#11996,#12043,#12090,#12097));
#11776 = ADVANCED_FACE('',(#11777),#11791,.F.);
#11777 = FACE_BOUND('',#11778,.F.);
#11778 = EDGE_LOOP('',(#11779,#11814,#11842,#11870));
#11779 = ORIENTED_EDGE('',*,*,#11780,.F.);
#11780 = EDGE_CURVE('',#11781,#11783,#11785,.T.);
#11781 = VERTEX_POINT('',#11782);
#11782 = CARTESIAN_POINT('',(-0.625,1.35,0.));
#11783 = VERTEX_POINT('',#11784);
#11784 = CARTESIAN_POINT('',(-0.625,1.35,0.2));
#11785 = SURFACE_CURVE('',#11786,(#11790,#11802),.PCURVE_S1.);
#11786 = LINE('',#11787,#11788);
#11787 = CARTESIAN_POINT('',(-0.625,1.35,0.));
#11788 = VECTOR('',#11789,1.);
#11789 = DIRECTION('',(0.,0.,1.));
#11790 = PCURVE('',#11791,#11796);
#11791 = PLANE('',#11792);
#11792 = AXIS2_PLACEMENT_3D('',#11793,#11794,#11795);
#11793 = CARTESIAN_POINT('',(-0.625,1.35,0.));
#11794 = DIRECTION('',(1.,0.,-0.));
#11795 = DIRECTION('',(0.,0.,1.));
#11796 = DEFINITIONAL_REPRESENTATION('',(#11797),#11801);
#11797 = LINE('',#11798,#11799);
#11798 = CARTESIAN_POINT('',(0.,0.));
#11799 = VECTOR('',#11800,1.);
#11800 = DIRECTION('',(1.,0.));
#11801 = ( GEOMETRIC_REPRESENTATION_CONTEXT(2) 
PARAMETRIC_REPRESENTATION_CONTEXT() REPRESENTATION_CONTEXT('2D SPACE',''
  ) );
#11802 = PCURVE('',#11803,#11808);
#11803 = PLANE('',#11804);
#11804 = AXIS2_PLACEMENT_3D('',#11805,#11806,#11807);
#11805 = CARTESIAN_POINT('',(-0.625,1.35,0.));
#11806 = DIRECTION('',(-0.,1.,0.));
#11807 = DIRECTION('',(0.,0.,1.));
#11808 = DEFINITIONAL_REPRESENTATION('',(#11809),#11813);
#11809 = LINE('',#11810,#11811);
#11810 = CARTESIAN_POINT('',(0.,0.));
#11811 = VECTOR('',#11812,1.);
#11812 = DIRECTION('',(1.,0.));
#11813 = ( GEOMETRIC_REPRESENTATION_CONTEXT(2) 
PARAMETRIC_REPRESENTATION_CONTEXT() REPRESENTATION_CONTEXT('2D SPACE',''
  ) );
#11814 = ORIENTED_EDGE('',*,*,#11815,.T.);
#11815 = EDGE_CURVE('',#11781,#11816,#11818,.T.);
#11816 = VERTEX_POINT('',#11817);
#11817 = CARTESIAN_POINT('',(-0.625,1.75,0.));
#11818 = SURFACE_CURVE('',#11819,(#11823,#11830),.PCURVE_S1.);
#11819 = LINE('',#11820,#11821);
#11820 = CARTESIAN_POINT('',(-0.625,1.35,0.));
#11821 = VECTOR('',#11822,1.);
#11822 = DIRECTION('',(-0.,1.,0.));
#11823 = PCURVE('',#11791,#11824);
#11824 = DEFINITIONAL_REPRESENTATION('',(#11825),#11829);
#11825 = LINE('',#11826,#11827);
#11826 = CARTESIAN_POINT('',(0.,0.));
#11827 = VECTOR('',#11828,1.);
#11828 = DIRECTION('',(0.,-1.));
#11829 = ( GEOMETRIC_REPRESENTATION_CONTEXT(2) 
PARAMETRIC_REPRESENTATION_CONTEXT() REPRESENTATION_CONTEXT('2D SPACE',''
  ) );
#11830 = PCURVE('',#11831,#11836);
#11831 = PLANE('',#11832);
#11832 = AXIS2_PLACEMENT_3D('',#11833,#11834,#11835);
#11833 = CARTESIAN_POINT('',(-0.625,1.35,0.));
#11834 = DIRECTION('',(0.,0.,1.));
#11835 = DIRECTION('',(1.,0.,-0.));
#11836 = DEFINITIONAL_REPRESENTATION('',(#11837),#11841);
#11837 = LINE('',#11838,#11839);
#11838 = CARTESIAN_POINT('',(0.,0.));
#11839 = VECTOR('',#11840,1.);
#11840 = DIRECTION('',(0.,1.));
#11841 = ( GEOMETRIC_REPRESENTATION_CONTEXT(2) 
PARAMETRIC_REPRESENTATION_CONTEXT() REPRESENTATION_CONTEXT('2D SPACE',''
  ) );
#11842 = ORIENTED_EDGE('',*,*,#11843,.T.);
#11843 = EDGE_CURVE('',#11816,#11844,#11846,.T.);
#11844 = VERTEX_POINT('',#11845);
#11845 = CARTESIAN_POINT('',(-0.625,1.75,0.2));
#11846 = SURFACE_CURVE('',#11847,(#11851,#11858),.PCURVE_S1.);
#11847 = LINE('',#11848,#11849);
#11848 = CARTESIAN_POINT('',(-0.625,1.75,0.));
#11849 = VECTOR('',#11850,1.);
#11850 = DIRECTION('',(0.,0.,1.));
#11851 = PCURVE('',#11791,#11852);
#11852 = DEFINITIONAL_REPRESENTATION('',(#11853),#11857);
#11853 = LINE('',#11854,#11855);
#11854 = CARTESIAN_POINT('',(0.,-0.4));
#11855 = VECTOR('',#11856,1.);
#11856 = DIRECTION('',(1.,0.));
#11857 = ( GEOMETRIC_REPRESENTATION_CONTEXT(2) 
PARAMETRIC_REPRESENTATION_CONTEXT() REPRESENTATION_CONTEXT('2D SPACE',''
  ) );
#11858 = PCURVE('',#11859,#11864);
#11859 = PLANE('',#11860);
#11860 = AXIS2_PLACEMENT_3D('',#11861,#11862,#11863);
#11861 = CARTESIAN_POINT('',(-0.625,1.75,0.));
#11862 = DIRECTION('',(-0.,1.,0.));
#11863 = DIRECTION('',(0.,0.,1.));
#11864 = DEFINITIONAL_REPRESENTATION('',(#11865),#11869);
#11865 = LINE('',#11866,#11867);
#11866 = CARTESIAN_POINT('',(0.,0.));
#11867 = VECTOR('',#11868,1.);
#11868 = DIRECTION('',(1.,0.));
#11869 = ( GEOMETRIC_REPRESENTATION_CONTEXT(2) 
PARAMETRIC_REPRESENTATION_CONTEXT() REPRESENTATION_CONTEXT('2D SPACE',''
  ) );
#11870 = ORIENTED_EDGE('',*,*,#11871,.F.);
#11871 = EDGE_CURVE('',#11783,#11844,#11872,.T.);
#11872 = SURFACE_CURVE('',#11873,(#11877,#11884),.PCURVE_S1.);
#11873 = LINE('',#11874,#11875);
#11874 = CARTESIAN_POINT('',(-0.625,1.35,0.2));
#11875 = VECTOR('',#11876,1.);
#11876 = DIRECTION('',(-0.,1.,0.));
#11877 = PCURVE('',#11791,#11878);
#11878 = DEFINITIONAL_REPRESENTATION('',(#11879),#11883);
#11879 = LINE('',#11880,#11881);
#11880 = CARTESIAN_POINT('',(0.2,0.));
#11881 = VECTOR('',#11882,1.);
#11882 = DIRECTION('',(0.,-1.));
#11883 = ( GEOMETRIC_REPRESENTATION_CONTEXT(2) 
PARAMETRIC_REPRESENTATION_CONTEXT() REPRESENTATION_CONTEXT('2D SPACE',''
  ) );
#11884 = PCURVE('',#11885,#11890);
#11885 = PLANE('',#11886);
#11886 = AXIS2_PLACEMENT_3D('',#11887,#11888,#11889);
#11887 = CARTESIAN_POINT('',(-0.625,1.35,0.2));
#11888 = DIRECTION('',(0.,0.,1.));
#11889 = DIRECTION('',(1.,0.,-0.));
#11890 = DEFINITIONAL_REPRESENTATION('',(#11891),#11895);
#11891 = LINE('',#11892,#11893);
#11892 = CARTESIAN_POINT('',(0.,0.));
#11893 = VECTOR('',#11894,1.);
#11894 = DIRECTION('',(0.,1.));
#11895 = ( GEOMETRIC_REPRESENTATION_CONTEXT(2) 
PARAMETRIC_REPRESENTATION_CONTEXT() REPRESENTATION_CONTEXT('2D SPACE',''
  ) );
#11896 = ADVANCED_FACE('',(#11897),#11911,.T.);
#11897 = FACE_BOUND('',#11898,.T.);
#11898 = EDGE_LOOP('',(#11899,#11929,#11952,#11975));
#11899 = ORIENTED_EDGE('',*,*,#11900,.F.);
#11900 = EDGE_CURVE('',#11901,#11903,#11905,.T.);
#11901 = VERTEX_POINT('',#11902);
#11902 = CARTESIAN_POINT('',(-0.375,1.35,0.));
#11903 = VERTEX_POINT('',#11904);
#11904 = CARTESIAN_POINT('',(-0.375,1.35,0.2));
#11905 = SURFACE_CURVE('',#11906,(#11910,#11922),.PCURVE_S1.);
#11906 = LINE('',#11907,#11908);
#11907 = CARTESIAN_POINT('',(-0.375,1.35,0.));
#11908 = VECTOR('',#11909,1.);
#11909 = DIRECTION('',(0.,0.,1.));
#11910 = PCURVE('',#11911,#11916);
#11911 = PLANE('',#11912);
#11912 = AXIS2_PLACEMENT_3D('',#11913,#11914,#11915);
#11913 = CARTESIAN_POINT('',(-0.375,1.35,0.));
#11914 = DIRECTION('',(1.,0.,-0.));
#11915 = DIRECTION('',(0.,0.,1.));
#11916 = DEFINITIONAL_REPRESENTATION('',(#11917),#11921);
#11917 = LINE('',#11918,#11919);
#11918 = CARTESIAN_POINT('',(0.,0.));
#11919 = VECTOR('',#11920,1.);
#11920 = DIRECTION('',(1.,0.));
#11921 = ( GEOMETRIC_REPRESENTATION_CONTEXT(2) 
PARAMETRIC_REPRESENTATION_CONTEXT() REPRESENTATION_CONTEXT('2D SPACE',''
  ) );
#11922 = PCURVE('',#11803,#11923);
#11923 = DEFINITIONAL_REPRESENTATION('',(#11924),#11928);
#11924 = LINE('',#11925,#11926);
#11925 = CARTESIAN_POINT('',(0.,0.25));
#11926 = VECTOR('',#11927,1.);
#11927 = DIRECTION('',(1.,0.));
#11928 = ( GEOMETRIC_REPRESENTATION_CONTEXT(2) 
PARAMETRIC_REPRESENTATION_CONTEXT() REPRESENTATION_CONTEXT('2D SPACE',''
  ) );
#11929 = ORIENTED_EDGE('',*,*,#11930,.T.);
#11930 = EDGE_CURVE('',#11901,#11931,#11933,.T.);
#11931 = VERTEX_POINT('',#11932);
#11932 = CARTESIAN_POINT('',(-0.375,1.75,0.));
#11933 = SURFACE_CURVE('',#11934,(#11938,#11945),.PCURVE_S1.);
#11934 = LINE('',#11935,#11936);
#11935 = CARTESIAN_POINT('',(-0.375,1.35,0.));
#11936 = VECTOR('',#11937,1.);
#11937 = DIRECTION('',(-0.,1.,0.));
#11938 = PCURVE('',#11911,#11939);
#11939 = DEFINITIONAL_REPRESENTATION('',(#11940),#11944);
#11940 = LINE('',#11941,#11942);
#11941 = CARTESIAN_POINT('',(0.,0.));
#11942 = VECTOR('',#11943,1.);
#11943 = DIRECTION('',(0.,-1.));
#11944 = ( GEOMETRIC_REPRESENTATION_CONTEXT(2) 
PARAMETRIC_REPRESENTATION_CONTEXT() REPRESENTATION_CONTEXT('2D SPACE',''
  ) );
#11945 = PCURVE('',#11831,#11946);
#11946 = DEFINITIONAL_REPRESENTATION('',(#11947),#11951);
#11947 = LINE('',#11948,#11949);
#11948 = CARTESIAN_POINT('',(0.25,0.));
#11949 = VECTOR('',#11950,1.);
#11950 = DIRECTION('',(0.,1.));
#11951 = ( GEOMETRIC_REPRESENTATION_CONTEXT(2) 
PARAMETRIC_REPRESENTATION_CONTEXT() REPRESENTATION_CONTEXT('2D SPACE',''
  ) );
#11952 = ORIENTED_EDGE('',*,*,#11953,.T.);
#11953 = EDGE_CURVE('',#11931,#11954,#11956,.T.);
#11954 = VERTEX_POINT('',#11955);
#11955 = CARTESIAN_POINT('',(-0.375,1.75,0.2));
#11956 = SURFACE_CURVE('',#11957,(#11961,#11968),.PCURVE_S1.);
#11957 = LINE('',#11958,#11959);
#11958 = CARTESIAN_POINT('',(-0.375,1.75,0.));
#11959 = VECTOR('',#11960,1.);
#11960 = DIRECTION('',(0.,0.,1.));
#11961 = PCURVE('',#11911,#11962);
#11962 = DEFINITIONAL_REPRESENTATION('',(#11963),#11967);
#11963 = LINE('',#11964,#11965);
#11964 = CARTESIAN_POINT('',(0.,-0.4));
#11965 = VECTOR('',#11966,1.);
#11966 = DIRECTION('',(1.,0.));
#11967 = ( GEOMETRIC_REPRESENTATION_CONTEXT(2) 
PARAMETRIC_REPRESENTATION_CONTEXT() REPRESENTATION_CONTEXT('2D SPACE',''
  ) );
#11968 = PCURVE('',#11859,#11969);
#11969 = DEFINITIONAL_REPRESENTATION('',(#11970),#11974);
#11970 = LINE('',#11971,#11972);
#11971 = CARTESIAN_POINT('',(0.,0.25));
#11972 = VECTOR('',#11973,1.);
#11973 = DIRECTION('',(1.,0.));
#11974 = ( GEOMETRIC_REPRESENTATION_CONTEXT(2) 
PARAMETRIC_REPRESENTATION_CONTEXT() REPRESENTATION_CONTEXT('2D SPACE',''
  ) );
#11975 = ORIENTED_EDGE('',*,*,#11976,.F.);
#11976 = EDGE_CURVE('',#11903,#11954,#11977,.T.);
#11977 = SURFACE_CURVE('',#11978,(#11982,#11989),.PCURVE_S1.);
#11978 = LINE('',#11979,#11980);
#11979 = CARTESIAN_POINT('',(-0.375,1.35,0.2));
#11980 = VECTOR('',#11981,1.);
#11981 = DIRECTION('',(-0.,1.,0.));
#11982 = PCURVE('',#11911,#11983);
#11983 = DEFINITIONAL_REPRESENTATION('',(#11984),#11988);
#11984 = LINE('',#11985,#11986);
#11985 = CARTESIAN_POINT('',(0.2,0.));
#11986 = VECTOR('',#11987,1.);
#11987 = DIRECTION('',(0.,-1.));
#11988 = ( GEOMETRIC_REPRESENTATION_CONTEXT(2) 
PARAMETRIC_REPRESENTATION_CONTEXT() REPRESENTATION_CONTEXT('2D SPACE',''
  ) );
#11989 = PCURVE('',#11885,#11990);
#11990 = DEFINITIONAL_REPRESENTATION('',(#11991),#11995);
#11991 = LINE('',#11992,#11993);
#11992 = CARTESIAN_POINT('',(0.25,0.));
#11993 = VECTOR('',#11994,1.);
#11994 = DIRECTION('',(0.,1.));
#11995 = ( GEOMETRIC_REPRESENTATION_CONTEXT(2) 
PARAMETRIC_REPRESENTATION_CONTEXT() REPRESENTATION_CONTEXT('2D SPACE',''
  ) );
#11996 = ADVANCED_FACE('',(#11997),#11803,.F.);
#11997 = FACE_BOUND('',#11998,.F.);
#11998 = EDGE_LOOP('',(#11999,#12020,#12021,#12042));
#11999 = ORIENTED_EDGE('',*,*,#12000,.F.);
#12000 = EDGE_CURVE('',#11781,#11901,#12001,.T.);
#12001 = SURFACE_CURVE('',#12002,(#12006,#12013),.PCURVE_S1.);
#12002 = LINE('',#12003,#12004);
#12003 = CARTESIAN_POINT('',(-0.625,1.35,0.));
#12004 = VECTOR('',#12005,1.);
#12005 = DIRECTION('',(1.,0.,-0.));
#12006 = PCURVE('',#11803,#12007);
#12007 = DEFINITIONAL_REPRESENTATION('',(#12008),#12012);
#12008 = LINE('',#12009,#12010);
#12009 = CARTESIAN_POINT('',(0.,0.));
#12010 = VECTOR('',#12011,1.);
#12011 = DIRECTION('',(0.,1.));
#12012 = ( GEOMETRIC_REPRESENTATION_CONTEXT(2) 
PARAMETRIC_REPRESENTATION_CONTEXT() REPRESENTATION_CONTEXT('2D SPACE',''
  ) );
#12013 = PCURVE('',#11831,#12014);
#12014 = DEFINITIONAL_REPRESENTATION('',(#12015),#12019);
#12015 = LINE('',#12016,#12017);
#12016 = CARTESIAN_POINT('',(0.,0.));
#12017 = VECTOR('',#12018,1.);
#12018 = DIRECTION('',(1.,0.));
#12019 = ( GEOMETRIC_REPRESENTATION_CONTEXT(2) 
PARAMETRIC_REPRESENTATION_CONTEXT() REPRESENTATION_CONTEXT('2D SPACE',''
  ) );
#12020 = ORIENTED_EDGE('',*,*,#11780,.T.);
#12021 = ORIENTED_EDGE('',*,*,#12022,.T.);
#12022 = EDGE_CURVE('',#11783,#11903,#12023,.T.);
#12023 = SURFACE_CURVE('',#12024,(#12028,#12035),.PCURVE_S1.);
#12024 = LINE('',#12025,#12026);
#12025 = CARTESIAN_POINT('',(-0.625,1.35,0.2));
#12026 = VECTOR('',#12027,1.);
#12027 = DIRECTION('',(1.,0.,-0.));
#12028 = PCURVE('',#11803,#12029);
#12029 = DEFINITIONAL_REPRESENTATION('',(#12030),#12034);
#12030 = LINE('',#12031,#12032);
#12031 = CARTESIAN_POINT('',(0.2,0.));
#12032 = VECTOR('',#12033,1.);
#12033 = DIRECTION('',(0.,1.));
#12034 = ( GEOMETRIC_REPRESENTATION_CONTEXT(2) 
PARAMETRIC_REPRESENTATION_CONTEXT() REPRESENTATION_CONTEXT('2D SPACE',''
  ) );
#12035 = PCURVE('',#11885,#12036);
#12036 = DEFINITIONAL_REPRESENTATION('',(#12037),#12041);
#12037 = LINE('',#12038,#12039);
#12038 = CARTESIAN_POINT('',(0.,0.));
#12039 = VECTOR('',#12040,1.);
#12040 = DIRECTION('',(1.,0.));
#12041 = ( GEOMETRIC_REPRESENTATION_CONTEXT(2) 
PARAMETRIC_REPRESENTATION_CONTEXT() REPRESENTATION_CONTEXT('2D SPACE',''
  ) );
#12042 = ORIENTED_EDGE('',*,*,#11900,.F.);
#12043 = ADVANCED_FACE('',(#12044),#11859,.T.);
#12044 = FACE_BOUND('',#12045,.T.);
#12045 = EDGE_LOOP('',(#12046,#12067,#12068,#12089));
#12046 = ORIENTED_EDGE('',*,*,#12047,.F.);
#12047 = EDGE_CURVE('',#11816,#11931,#12048,.T.);
#12048 = SURFACE_CURVE('',#12049,(#12053,#12060),.PCURVE_S1.);
#12049 = LINE('',#12050,#12051);
#12050 = CARTESIAN_POINT('',(-0.625,1.75,0.));
#12051 = VECTOR('',#12052,1.);
#12052 = DIRECTION('',(1.,0.,-0.));
#12053 = PCURVE('',#11859,#12054);
#12054 = DEFINITIONAL_REPRESENTATION('',(#12055),#12059);
#12055 = LINE('',#12056,#12057);
#12056 = CARTESIAN_POINT('',(0.,0.));
#12057 = VECTOR('',#12058,1.);
#12058 = DIRECTION('',(0.,1.));
#12059 = ( GEOMETRIC_REPRESENTATION_CONTEXT(2) 
PARAMETRIC_REPRESENTATION_CONTEXT() REPRESENTATION_CONTEXT('2D SPACE',''
  ) );
#12060 = PCURVE('',#11831,#12061);
#12061 = DEFINITIONAL_REPRESENTATION('',(#12062),#12066);
#12062 = LINE('',#12063,#12064);
#12063 = CARTESIAN_POINT('',(0.,0.4));
#12064 = VECTOR('',#12065,1.);
#12065 = DIRECTION('',(1.,0.));
#12066 = ( GEOMETRIC_REPRESENTATION_CONTEXT(2) 
PARAMETRIC_REPRESENTATION_CONTEXT() REPRESENTATION_CONTEXT('2D SPACE',''
  ) );
#12067 = ORIENTED_EDGE('',*,*,#11843,.T.);
#12068 = ORIENTED_EDGE('',*,*,#12069,.T.);
#12069 = EDGE_CURVE('',#11844,#11954,#12070,.T.);
#12070 = SURFACE_CURVE('',#12071,(#12075,#12082),.PCURVE_S1.);
#12071 = LINE('',#12072,#12073);
#12072 = CARTESIAN_POINT('',(-0.625,1.75,0.2));
#12073 = VECTOR('',#12074,1.);
#12074 = DIRECTION('',(1.,0.,-0.));
#12075 = PCURVE('',#11859,#12076);
#12076 = DEFINITIONAL_REPRESENTATION('',(#12077),#12081);
#12077 = LINE('',#12078,#12079);
#12078 = CARTESIAN_POINT('',(0.2,0.));
#12079 = VECTOR('',#12080,1.);
#12080 = DIRECTION('',(0.,1.));
#12081 = ( GEOMETRIC_REPRESENTATION_CONTEXT(2) 
PARAMETRIC_REPRESENTATION_CONTEXT() REPRESENTATION_CONTEXT('2D SPACE',''
  ) );
#12082 = PCURVE('',#11885,#12083);
#12083 = DEFINITIONAL_REPRESENTATION('',(#12084),#12088);
#12084 = LINE('',#12085,#12086);
#12085 = CARTESIAN_POINT('',(0.,0.4));
#12086 = VECTOR('',#12087,1.);
#12087 = DIRECTION('',(1.,0.));
#12088 = ( GEOMETRIC_REPRESENTATION_CONTEXT(2) 
PARAMETRIC_REPRESENTATION_CONTEXT() REPRESENTATION_CONTEXT('2D SPACE',''
  ) );
#12089 = ORIENTED_EDGE('',*,*,#11953,.F.);
#12090 = ADVANCED_FACE('',(#12091),#11831,.F.);
#12091 = FACE_BOUND('',#12092,.F.);
#12092 = EDGE_LOOP('',(#12093,#12094,#12095,#12096));
#12093 = ORIENTED_EDGE('',*,*,#11815,.F.);
#12094 = ORIENTED_EDGE('',*,*,#12000,.T.);
#12095 = ORIENTED_EDGE('',*,*,#11930,.T.);
#12096 = ORIENTED_EDGE('',*,*,#12047,.F.);
#12097 = ADVANCED_FACE('',(#12098),#11885,.T.);
#12098 = FACE_BOUND('',#12099,.T.);
#12099 = EDGE_LOOP('',(#12100,#12101,#12102,#12103));
#12100 = ORIENTED_EDGE('',*,*,#11871,.F.);
#12101 = ORIENTED_EDGE('',*,*,#12022,.T.);
#12102 = ORIENTED_EDGE('',*,*,#11976,.T.);
#12103 = ORIENTED_EDGE('',*,*,#12069,.F.);
#12104 = MANIFOLD_SOLID_BREP('',#12105);
#12105 = CLOSED_SHELL('',(#12106,#12226,#12326,#12373,#12420,#12427));
#12106 = ADVANCED_FACE('',(#12107),#12121,.F.);
#12107 = FACE_BOUND('',#12108,.F.);
#12108 = EDGE_LOOP('',(#12109,#12144,#12172,#12200));
#12109 = ORIENTED_EDGE('',*,*,#12110,.F.);
#12110 = EDGE_CURVE('',#12111,#12113,#12115,.T.);
#12111 = VERTEX_POINT('',#12112);
#12112 = CARTESIAN_POINT('',(-1.75,-1.125,0.));
#12113 = VERTEX_POINT('',#12114);
#12114 = CARTESIAN_POINT('',(-1.75,-1.125,0.2));
#12115 = SURFACE_CURVE('',#12116,(#12120,#12132),.PCURVE_S1.);
#12116 = LINE('',#12117,#12118);
#12117 = CARTESIAN_POINT('',(-1.75,-1.125,0.));
#12118 = VECTOR('',#12119,1.);
#12119 = DIRECTION('',(0.,0.,1.));
#12120 = PCURVE('',#12121,#12126);
#12121 = PLANE('',#12122);
#12122 = AXIS2_PLACEMENT_3D('',#12123,#12124,#12125);
#12123 = CARTESIAN_POINT('',(-1.75,-1.125,0.));
#12124 = DIRECTION('',(1.,0.,-0.));
#12125 = DIRECTION('',(0.,0.,1.));
#12126 = DEFINITIONAL_REPRESENTATION('',(#12127),#12131);
#12127 = LINE('',#12128,#12129);
#12128 = CARTESIAN_POINT('',(0.,0.));
#12129 = VECTOR('',#12130,1.);
#12130 = DIRECTION('',(1.,0.));
#12131 = ( GEOMETRIC_REPRESENTATION_CONTEXT(2) 
PARAMETRIC_REPRESENTATION_CONTEXT() REPRESENTATION_CONTEXT('2D SPACE',''
  ) );
#12132 = PCURVE('',#12133,#12138);
#12133 = PLANE('',#12134);
#12134 = AXIS2_PLACEMENT_3D('',#12135,#12136,#12137);
#12135 = CARTESIAN_POINT('',(-1.75,-1.125,0.));
#12136 = DIRECTION('',(-0.,1.,0.));
#12137 = DIRECTION('',(0.,0.,1.));
#12138 = DEFINITIONAL_REPRESENTATION('',(#12139),#12143);
#12139 = LINE('',#12140,#12141);
#12140 = CARTESIAN_POINT('',(0.,0.));
#12141 = VECTOR('',#12142,1.);
#12142 = DIRECTION('',(1.,0.));
#12143 = ( GEOMETRIC_REPRESENTATION_CONTEXT(2) 
PARAMETRIC_REPRESENTATION_CONTEXT() REPRESENTATION_CONTEXT('2D SPACE',''
  ) );
#12144 = ORIENTED_EDGE('',*,*,#12145,.T.);
#12145 = EDGE_CURVE('',#12111,#12146,#12148,.T.);
#12146 = VERTEX_POINT('',#12147);
#12147 = CARTESIAN_POINT('',(-1.75,-0.875,0.));
#12148 = SURFACE_CURVE('',#12149,(#12153,#12160),.PCURVE_S1.);
#12149 = LINE('',#12150,#12151);
#12150 = CARTESIAN_POINT('',(-1.75,-1.125,0.));
#12151 = VECTOR('',#12152,1.);
#12152 = DIRECTION('',(-0.,1.,0.));
#12153 = PCURVE('',#12121,#12154);
#12154 = DEFINITIONAL_REPRESENTATION('',(#12155),#12159);
#12155 = LINE('',#12156,#12157);
#12156 = CARTESIAN_POINT('',(0.,0.));
#12157 = VECTOR('',#12158,1.);
#12158 = DIRECTION('',(0.,-1.));
#12159 = ( GEOMETRIC_REPRESENTATION_CONTEXT(2) 
PARAMETRIC_REPRESENTATION_CONTEXT() REPRESENTATION_CONTEXT('2D SPACE',''
  ) );
#12160 = PCURVE('',#12161,#12166);
#12161 = PLANE('',#12162);
#12162 = AXIS2_PLACEMENT_3D('',#12163,#12164,#12165);
#12163 = CARTESIAN_POINT('',(-1.75,-1.125,0.));
#12164 = DIRECTION('',(0.,0.,1.));
#12165 = DIRECTION('',(1.,0.,-0.));
#12166 = DEFINITIONAL_REPRESENTATION('',(#12167),#12171);
#12167 = LINE('',#12168,#12169);
#12168 = CARTESIAN_POINT('',(0.,0.));
#12169 = VECTOR('',#12170,1.);
#12170 = DIRECTION('',(0.,1.));
#12171 = ( GEOMETRIC_REPRESENTATION_CONTEXT(2) 
PARAMETRIC_REPRESENTATION_CONTEXT() REPRESENTATION_CONTEXT('2D SPACE',''
  ) );
#12172 = ORIENTED_EDGE('',*,*,#12173,.T.);
#12173 = EDGE_CURVE('',#12146,#12174,#12176,.T.);
#12174 = VERTEX_POINT('',#12175);
#12175 = CARTESIAN_POINT('',(-1.75,-0.875,0.2));
#12176 = SURFACE_CURVE('',#12177,(#12181,#12188),.PCURVE_S1.);
#12177 = LINE('',#12178,#12179);
#12178 = CARTESIAN_POINT('',(-1.75,-0.875,0.));
#12179 = VECTOR('',#12180,1.);
#12180 = DIRECTION('',(0.,0.,1.));
#12181 = PCURVE('',#12121,#12182);
#12182 = DEFINITIONAL_REPRESENTATION('',(#12183),#12187);
#12183 = LINE('',#12184,#12185);
#12184 = CARTESIAN_POINT('',(0.,-0.25));
#12185 = VECTOR('',#12186,1.);
#12186 = DIRECTION('',(1.,0.));
#12187 = ( GEOMETRIC_REPRESENTATION_CONTEXT(2) 
PARAMETRIC_REPRESENTATION_CONTEXT() REPRESENTATION_CONTEXT('2D SPACE',''
  ) );
#12188 = PCURVE('',#12189,#12194);
#12189 = PLANE('',#12190);
#12190 = AXIS2_PLACEMENT_3D('',#12191,#12192,#12193);
#12191 = CARTESIAN_POINT('',(-1.75,-0.875,0.));
#12192 = DIRECTION('',(-0.,1.,0.));
#12193 = DIRECTION('',(0.,0.,1.));
#12194 = DEFINITIONAL_REPRESENTATION('',(#12195),#12199);
#12195 = LINE('',#12196,#12197);
#12196 = CARTESIAN_POINT('',(0.,0.));
#12197 = VECTOR('',#12198,1.);
#12198 = DIRECTION('',(1.,0.));
#12199 = ( GEOMETRIC_REPRESENTATION_CONTEXT(2) 
PARAMETRIC_REPRESENTATION_CONTEXT() REPRESENTATION_CONTEXT('2D SPACE',''
  ) );
#12200 = ORIENTED_EDGE('',*,*,#12201,.F.);
#12201 = EDGE_CURVE('',#12113,#12174,#12202,.T.);
#12202 = SURFACE_CURVE('',#12203,(#12207,#12214),.PCURVE_S1.);
#12203 = LINE('',#12204,#12205);
#12204 = CARTESIAN_POINT('',(-1.75,-1.125,0.2));
#12205 = VECTOR('',#12206,1.);
#12206 = DIRECTION('',(-0.,1.,0.));
#12207 = PCURVE('',#12121,#12208);
#12208 = DEFINITIONAL_REPRESENTATION('',(#12209),#12213);
#12209 = LINE('',#12210,#12211);
#12210 = CARTESIAN_POINT('',(0.2,0.));
#12211 = VECTOR('',#12212,1.);
#12212 = DIRECTION('',(0.,-1.));
#12213 = ( GEOMETRIC_REPRESENTATION_CONTEXT(2) 
PARAMETRIC_REPRESENTATION_CONTEXT() REPRESENTATION_CONTEXT('2D SPACE',''
  ) );
#12214 = PCURVE('',#12215,#12220);
#12215 = PLANE('',#12216);
#12216 = AXIS2_PLACEMENT_3D('',#12217,#12218,#12219);
#12217 = CARTESIAN_POINT('',(-1.75,-1.125,0.2));
#12218 = DIRECTION('',(0.,0.,1.));
#12219 = DIRECTION('',(1.,0.,-0.));
#12220 = DEFINITIONAL_REPRESENTATION('',(#12221),#12225);
#12221 = LINE('',#12222,#12223);
#12222 = CARTESIAN_POINT('',(0.,0.));
#12223 = VECTOR('',#12224,1.);
#12224 = DIRECTION('',(0.,1.));
#12225 = ( GEOMETRIC_REPRESENTATION_CONTEXT(2) 
PARAMETRIC_REPRESENTATION_CONTEXT() REPRESENTATION_CONTEXT('2D SPACE',''
  ) );
#12226 = ADVANCED_FACE('',(#12227),#12241,.T.);
#12227 = FACE_BOUND('',#12228,.T.);
#12228 = EDGE_LOOP('',(#12229,#12259,#12282,#12305));
#12229 = ORIENTED_EDGE('',*,*,#12230,.F.);
#12230 = EDGE_CURVE('',#12231,#12233,#12235,.T.);
#12231 = VERTEX_POINT('',#12232);
#12232 = CARTESIAN_POINT('',(-1.35,-1.125,0.));
#12233 = VERTEX_POINT('',#12234);
#12234 = CARTESIAN_POINT('',(-1.35,-1.125,0.2));
#12235 = SURFACE_CURVE('',#12236,(#12240,#12252),.PCURVE_S1.);
#12236 = LINE('',#12237,#12238);
#12237 = CARTESIAN_POINT('',(-1.35,-1.125,0.));
#12238 = VECTOR('',#12239,1.);
#12239 = DIRECTION('',(0.,0.,1.));
#12240 = PCURVE('',#12241,#12246);
#12241 = PLANE('',#12242);
#12242 = AXIS2_PLACEMENT_3D('',#12243,#12244,#12245);
#12243 = CARTESIAN_POINT('',(-1.35,-1.125,0.));
#12244 = DIRECTION('',(1.,0.,-0.));
#12245 = DIRECTION('',(0.,0.,1.));
#12246 = DEFINITIONAL_REPRESENTATION('',(#12247),#12251);
#12247 = LINE('',#12248,#12249);
#12248 = CARTESIAN_POINT('',(0.,0.));
#12249 = VECTOR('',#12250,1.);
#12250 = DIRECTION('',(1.,0.));
#12251 = ( GEOMETRIC_REPRESENTATION_CONTEXT(2) 
PARAMETRIC_REPRESENTATION_CONTEXT() REPRESENTATION_CONTEXT('2D SPACE',''
  ) );
#12252 = PCURVE('',#12133,#12253);
#12253 = DEFINITIONAL_REPRESENTATION('',(#12254),#12258);
#12254 = LINE('',#12255,#12256);
#12255 = CARTESIAN_POINT('',(0.,0.4));
#12256 = VECTOR('',#12257,1.);
#12257 = DIRECTION('',(1.,0.));
#12258 = ( GEOMETRIC_REPRESENTATION_CONTEXT(2) 
PARAMETRIC_REPRESENTATION_CONTEXT() REPRESENTATION_CONTEXT('2D SPACE',''
  ) );
#12259 = ORIENTED_EDGE('',*,*,#12260,.T.);
#12260 = EDGE_CURVE('',#12231,#12261,#12263,.T.);
#12261 = VERTEX_POINT('',#12262);
#12262 = CARTESIAN_POINT('',(-1.35,-0.875,0.));
#12263 = SURFACE_CURVE('',#12264,(#12268,#12275),.PCURVE_S1.);
#12264 = LINE('',#12265,#12266);
#12265 = CARTESIAN_POINT('',(-1.35,-1.125,0.));
#12266 = VECTOR('',#12267,1.);
#12267 = DIRECTION('',(-0.,1.,0.));
#12268 = PCURVE('',#12241,#12269);
#12269 = DEFINITIONAL_REPRESENTATION('',(#12270),#12274);
#12270 = LINE('',#12271,#12272);
#12271 = CARTESIAN_POINT('',(0.,0.));
#12272 = VECTOR('',#12273,1.);
#12273 = DIRECTION('',(0.,-1.));
#12274 = ( GEOMETRIC_REPRESENTATION_CONTEXT(2) 
PARAMETRIC_REPRESENTATION_CONTEXT() REPRESENTATION_CONTEXT('2D SPACE',''
  ) );
#12275 = PCURVE('',#12161,#12276);
#12276 = DEFINITIONAL_REPRESENTATION('',(#12277),#12281);
#12277 = LINE('',#12278,#12279);
#12278 = CARTESIAN_POINT('',(0.4,0.));
#12279 = VECTOR('',#12280,1.);
#12280 = DIRECTION('',(0.,1.));
#12281 = ( GEOMETRIC_REPRESENTATION_CONTEXT(2) 
PARAMETRIC_REPRESENTATION_CONTEXT() REPRESENTATION_CONTEXT('2D SPACE',''
  ) );
#12282 = ORIENTED_EDGE('',*,*,#12283,.T.);
#12283 = EDGE_CURVE('',#12261,#12284,#12286,.T.);
#12284 = VERTEX_POINT('',#12285);
#12285 = CARTESIAN_POINT('',(-1.35,-0.875,0.2));
#12286 = SURFACE_CURVE('',#12287,(#12291,#12298),.PCURVE_S1.);
#12287 = LINE('',#12288,#12289);
#12288 = CARTESIAN_POINT('',(-1.35,-0.875,0.));
#12289 = VECTOR('',#12290,1.);
#12290 = DIRECTION('',(0.,0.,1.));
#12291 = PCURVE('',#12241,#12292);
#12292 = DEFINITIONAL_REPRESENTATION('',(#12293),#12297);
#12293 = LINE('',#12294,#12295);
#12294 = CARTESIAN_POINT('',(0.,-0.25));
#12295 = VECTOR('',#12296,1.);
#12296 = DIRECTION('',(1.,0.));
#12297 = ( GEOMETRIC_REPRESENTATION_CONTEXT(2) 
PARAMETRIC_REPRESENTATION_CONTEXT() REPRESENTATION_CONTEXT('2D SPACE',''
  ) );
#12298 = PCURVE('',#12189,#12299);
#12299 = DEFINITIONAL_REPRESENTATION('',(#12300),#12304);
#12300 = LINE('',#12301,#12302);
#12301 = CARTESIAN_POINT('',(0.,0.4));
#12302 = VECTOR('',#12303,1.);
#12303 = DIRECTION('',(1.,0.));
#12304 = ( GEOMETRIC_REPRESENTATION_CONTEXT(2) 
PARAMETRIC_REPRESENTATION_CONTEXT() REPRESENTATION_CONTEXT('2D SPACE',''
  ) );
#12305 = ORIENTED_EDGE('',*,*,#12306,.F.);
#12306 = EDGE_CURVE('',#12233,#12284,#12307,.T.);
#12307 = SURFACE_CURVE('',#12308,(#12312,#12319),.PCURVE_S1.);
#12308 = LINE('',#12309,#12310);
#12309 = CARTESIAN_POINT('',(-1.35,-1.125,0.2));
#12310 = VECTOR('',#12311,1.);
#12311 = DIRECTION('',(-0.,1.,0.));
#12312 = PCURVE('',#12241,#12313);
#12313 = DEFINITIONAL_REPRESENTATION('',(#12314),#12318);
#12314 = LINE('',#12315,#12316);
#12315 = CARTESIAN_POINT('',(0.2,0.));
#12316 = VECTOR('',#12317,1.);
#12317 = DIRECTION('',(0.,-1.));
#12318 = ( GEOMETRIC_REPRESENTATION_CONTEXT(2) 
PARAMETRIC_REPRESENTATION_CONTEXT() REPRESENTATION_CONTEXT('2D SPACE',''
  ) );
#12319 = PCURVE('',#12215,#12320);
#12320 = DEFINITIONAL_REPRESENTATION('',(#12321),#12325);
#12321 = LINE('',#12322,#12323);
#12322 = CARTESIAN_POINT('',(0.4,0.));
#12323 = VECTOR('',#12324,1.);
#12324 = DIRECTION('',(0.,1.));
#12325 = ( GEOMETRIC_REPRESENTATION_CONTEXT(2) 
PARAMETRIC_REPRESENTATION_CONTEXT() REPRESENTATION_CONTEXT('2D SPACE',''
  ) );
#12326 = ADVANCED_FACE('',(#12327),#12133,.F.);
#12327 = FACE_BOUND('',#12328,.F.);
#12328 = EDGE_LOOP('',(#12329,#12350,#12351,#12372));
#12329 = ORIENTED_EDGE('',*,*,#12330,.F.);
#12330 = EDGE_CURVE('',#12111,#12231,#12331,.T.);
#12331 = SURFACE_CURVE('',#12332,(#12336,#12343),.PCURVE_S1.);
#12332 = LINE('',#12333,#12334);
#12333 = CARTESIAN_POINT('',(-1.75,-1.125,0.));
#12334 = VECTOR('',#12335,1.);
#12335 = DIRECTION('',(1.,0.,-0.));
#12336 = PCURVE('',#12133,#12337);
#12337 = DEFINITIONAL_REPRESENTATION('',(#12338),#12342);
#12338 = LINE('',#12339,#12340);
#12339 = CARTESIAN_POINT('',(0.,0.));
#12340 = VECTOR('',#12341,1.);
#12341 = DIRECTION('',(0.,1.));
#12342 = ( GEOMETRIC_REPRESENTATION_CONTEXT(2) 
PARAMETRIC_REPRESENTATION_CONTEXT() REPRESENTATION_CONTEXT('2D SPACE',''
  ) );
#12343 = PCURVE('',#12161,#12344);
#12344 = DEFINITIONAL_REPRESENTATION('',(#12345),#12349);
#12345 = LINE('',#12346,#12347);
#12346 = CARTESIAN_POINT('',(0.,0.));
#12347 = VECTOR('',#12348,1.);
#12348 = DIRECTION('',(1.,0.));
#12349 = ( GEOMETRIC_REPRESENTATION_CONTEXT(2) 
PARAMETRIC_REPRESENTATION_CONTEXT() REPRESENTATION_CONTEXT('2D SPACE',''
  ) );
#12350 = ORIENTED_EDGE('',*,*,#12110,.T.);
#12351 = ORIENTED_EDGE('',*,*,#12352,.T.);
#12352 = EDGE_CURVE('',#12113,#12233,#12353,.T.);
#12353 = SURFACE_CURVE('',#12354,(#12358,#12365),.PCURVE_S1.);
#12354 = LINE('',#12355,#12356);
#12355 = CARTESIAN_POINT('',(-1.75,-1.125,0.2));
#12356 = VECTOR('',#12357,1.);
#12357 = DIRECTION('',(1.,0.,-0.));
#12358 = PCURVE('',#12133,#12359);
#12359 = DEFINITIONAL_REPRESENTATION('',(#12360),#12364);
#12360 = LINE('',#12361,#12362);
#12361 = CARTESIAN_POINT('',(0.2,0.));
#12362 = VECTOR('',#12363,1.);
#12363 = DIRECTION('',(0.,1.));
#12364 = ( GEOMETRIC_REPRESENTATION_CONTEXT(2) 
PARAMETRIC_REPRESENTATION_CONTEXT() REPRESENTATION_CONTEXT('2D SPACE',''
  ) );
#12365 = PCURVE('',#12215,#12366);
#12366 = DEFINITIONAL_REPRESENTATION('',(#12367),#12371);
#12367 = LINE('',#12368,#12369);
#12368 = CARTESIAN_POINT('',(0.,0.));
#12369 = VECTOR('',#12370,1.);
#12370 = DIRECTION('',(1.,0.));
#12371 = ( GEOMETRIC_REPRESENTATION_CONTEXT(2) 
PARAMETRIC_REPRESENTATION_CONTEXT() REPRESENTATION_CONTEXT('2D SPACE',''
  ) );
#12372 = ORIENTED_EDGE('',*,*,#12230,.F.);
#12373 = ADVANCED_FACE('',(#12374),#12189,.T.);
#12374 = FACE_BOUND('',#12375,.T.);
#12375 = EDGE_LOOP('',(#12376,#12397,#12398,#12419));
#12376 = ORIENTED_EDGE('',*,*,#12377,.F.);
#12377 = EDGE_CURVE('',#12146,#12261,#12378,.T.);
#12378 = SURFACE_CURVE('',#12379,(#12383,#12390),.PCURVE_S1.);
#12379 = LINE('',#12380,#12381);
#12380 = CARTESIAN_POINT('',(-1.75,-0.875,0.));
#12381 = VECTOR('',#12382,1.);
#12382 = DIRECTION('',(1.,0.,-0.));
#12383 = PCURVE('',#12189,#12384);
#12384 = DEFINITIONAL_REPRESENTATION('',(#12385),#12389);
#12385 = LINE('',#12386,#12387);
#12386 = CARTESIAN_POINT('',(0.,0.));
#12387 = VECTOR('',#12388,1.);
#12388 = DIRECTION('',(0.,1.));
#12389 = ( GEOMETRIC_REPRESENTATION_CONTEXT(2) 
PARAMETRIC_REPRESENTATION_CONTEXT() REPRESENTATION_CONTEXT('2D SPACE',''
  ) );
#12390 = PCURVE('',#12161,#12391);
#12391 = DEFINITIONAL_REPRESENTATION('',(#12392),#12396);
#12392 = LINE('',#12393,#12394);
#12393 = CARTESIAN_POINT('',(0.,0.25));
#12394 = VECTOR('',#12395,1.);
#12395 = DIRECTION('',(1.,0.));
#12396 = ( GEOMETRIC_REPRESENTATION_CONTEXT(2) 
PARAMETRIC_REPRESENTATION_CONTEXT() REPRESENTATION_CONTEXT('2D SPACE',''
  ) );
#12397 = ORIENTED_EDGE('',*,*,#12173,.T.);
#12398 = ORIENTED_EDGE('',*,*,#12399,.T.);
#12399 = EDGE_CURVE('',#12174,#12284,#12400,.T.);
#12400 = SURFACE_CURVE('',#12401,(#12405,#12412),.PCURVE_S1.);
#12401 = LINE('',#12402,#12403);
#12402 = CARTESIAN_POINT('',(-1.75,-0.875,0.2));
#12403 = VECTOR('',#12404,1.);
#12404 = DIRECTION('',(1.,0.,-0.));
#12405 = PCURVE('',#12189,#12406);
#12406 = DEFINITIONAL_REPRESENTATION('',(#12407),#12411);
#12407 = LINE('',#12408,#12409);
#12408 = CARTESIAN_POINT('',(0.2,0.));
#12409 = VECTOR('',#12410,1.);
#12410 = DIRECTION('',(0.,1.));
#12411 = ( GEOMETRIC_REPRESENTATION_CONTEXT(2) 
PARAMETRIC_REPRESENTATION_CONTEXT() REPRESENTATION_CONTEXT('2D SPACE',''
  ) );
#12412 = PCURVE('',#12215,#12413);
#12413 = DEFINITIONAL_REPRESENTATION('',(#12414),#12418);
#12414 = LINE('',#12415,#12416);
#12415 = CARTESIAN_POINT('',(0.,0.25));
#12416 = VECTOR('',#12417,1.);
#12417 = DIRECTION('',(1.,0.));
#12418 = ( GEOMETRIC_REPRESENTATION_CONTEXT(2) 
PARAMETRIC_REPRESENTATION_CONTEXT() REPRESENTATION_CONTEXT('2D SPACE',''
  ) );
#12419 = ORIENTED_EDGE('',*,*,#12283,.F.);
#12420 = ADVANCED_FACE('',(#12421),#12161,.F.);
#12421 = FACE_BOUND('',#12422,.F.);
#12422 = EDGE_LOOP('',(#12423,#12424,#12425,#12426));
#12423 = ORIENTED_EDGE('',*,*,#12145,.F.);
#12424 = ORIENTED_EDGE('',*,*,#12330,.T.);
#12425 = ORIENTED_EDGE('',*,*,#12260,.T.);
#12426 = ORIENTED_EDGE('',*,*,#12377,.F.);
#12427 = ADVANCED_FACE('',(#12428),#12215,.T.);
#12428 = FACE_BOUND('',#12429,.T.);
#12429 = EDGE_LOOP('',(#12430,#12431,#12432,#12433));
#12430 = ORIENTED_EDGE('',*,*,#12201,.F.);
#12431 = ORIENTED_EDGE('',*,*,#12352,.T.);
#12432 = ORIENTED_EDGE('',*,*,#12306,.T.);
#12433 = ORIENTED_EDGE('',*,*,#12399,.F.);
#12434 = MANIFOLD_SOLID_BREP('',#12435);
#12435 = CLOSED_SHELL('',(#12436,#12556,#12656,#12703,#12750,#12757));
#12436 = ADVANCED_FACE('',(#12437),#12451,.F.);
#12437 = FACE_BOUND('',#12438,.F.);
#12438 = EDGE_LOOP('',(#12439,#12474,#12502,#12530));
#12439 = ORIENTED_EDGE('',*,*,#12440,.F.);
#12440 = EDGE_CURVE('',#12441,#12443,#12445,.T.);
#12441 = VERTEX_POINT('',#12442);
#12442 = CARTESIAN_POINT('',(0.875,-1.75,0.));
#12443 = VERTEX_POINT('',#12444);
#12444 = CARTESIAN_POINT('',(0.875,-1.75,0.2));
#12445 = SURFACE_CURVE('',#12446,(#12450,#12462),.PCURVE_S1.);
#12446 = LINE('',#12447,#12448);
#12447 = CARTESIAN_POINT('',(0.875,-1.75,0.));
#12448 = VECTOR('',#12449,1.);
#12449 = DIRECTION('',(0.,0.,1.));
#12450 = PCURVE('',#12451,#12456);
#12451 = PLANE('',#12452);
#12452 = AXIS2_PLACEMENT_3D('',#12453,#12454,#12455);
#12453 = CARTESIAN_POINT('',(0.875,-1.75,0.));
#12454 = DIRECTION('',(1.,0.,-0.));
#12455 = DIRECTION('',(0.,0.,1.));
#12456 = DEFINITIONAL_REPRESENTATION('',(#12457),#12461);
#12457 = LINE('',#12458,#12459);
#12458 = CARTESIAN_POINT('',(0.,0.));
#12459 = VECTOR('',#12460,1.);
#12460 = DIRECTION('',(1.,0.));
#12461 = ( GEOMETRIC_REPRESENTATION_CONTEXT(2) 
PARAMETRIC_REPRESENTATION_CONTEXT() REPRESENTATION_CONTEXT('2D SPACE',''
  ) );
#12462 = PCURVE('',#12463,#12468);
#12463 = PLANE('',#12464);
#12464 = AXIS2_PLACEMENT_3D('',#12465,#12466,#12467);
#12465 = CARTESIAN_POINT('',(0.875,-1.75,0.));
#12466 = DIRECTION('',(-0.,1.,0.));
#12467 = DIRECTION('',(0.,0.,1.));
#12468 = DEFINITIONAL_REPRESENTATION('',(#12469),#12473);
#12469 = LINE('',#12470,#12471);
#12470 = CARTESIAN_POINT('',(0.,0.));
#12471 = VECTOR('',#12472,1.);
#12472 = DIRECTION('',(1.,0.));
#12473 = ( GEOMETRIC_REPRESENTATION_CONTEXT(2) 
PARAMETRIC_REPRESENTATION_CONTEXT() REPRESENTATION_CONTEXT('2D SPACE',''
  ) );
#12474 = ORIENTED_EDGE('',*,*,#12475,.T.);
#12475 = EDGE_CURVE('',#12441,#12476,#12478,.T.);
#12476 = VERTEX_POINT('',#12477);
#12477 = CARTESIAN_POINT('',(0.875,-1.35,0.));
#12478 = SURFACE_CURVE('',#12479,(#12483,#12490),.PCURVE_S1.);
#12479 = LINE('',#12480,#12481);
#12480 = CARTESIAN_POINT('',(0.875,-1.75,0.));
#12481 = VECTOR('',#12482,1.);
#12482 = DIRECTION('',(-0.,1.,0.));
#12483 = PCURVE('',#12451,#12484);
#12484 = DEFINITIONAL_REPRESENTATION('',(#12485),#12489);
#12485 = LINE('',#12486,#12487);
#12486 = CARTESIAN_POINT('',(0.,0.));
#12487 = VECTOR('',#12488,1.);
#12488 = DIRECTION('',(0.,-1.));
#12489 = ( GEOMETRIC_REPRESENTATION_CONTEXT(2) 
PARAMETRIC_REPRESENTATION_CONTEXT() REPRESENTATION_CONTEXT('2D SPACE',''
  ) );
#12490 = PCURVE('',#12491,#12496);
#12491 = PLANE('',#12492);
#12492 = AXIS2_PLACEMENT_3D('',#12493,#12494,#12495);
#12493 = CARTESIAN_POINT('',(0.875,-1.75,0.));
#12494 = DIRECTION('',(0.,0.,1.));
#12495 = DIRECTION('',(1.,0.,-0.));
#12496 = DEFINITIONAL_REPRESENTATION('',(#12497),#12501);
#12497 = LINE('',#12498,#12499);
#12498 = CARTESIAN_POINT('',(0.,0.));
#12499 = VECTOR('',#12500,1.);
#12500 = DIRECTION('',(0.,1.));
#12501 = ( GEOMETRIC_REPRESENTATION_CONTEXT(2) 
PARAMETRIC_REPRESENTATION_CONTEXT() REPRESENTATION_CONTEXT('2D SPACE',''
  ) );
#12502 = ORIENTED_EDGE('',*,*,#12503,.T.);
#12503 = EDGE_CURVE('',#12476,#12504,#12506,.T.);
#12504 = VERTEX_POINT('',#12505);
#12505 = CARTESIAN_POINT('',(0.875,-1.35,0.2));
#12506 = SURFACE_CURVE('',#12507,(#12511,#12518),.PCURVE_S1.);
#12507 = LINE('',#12508,#12509);
#12508 = CARTESIAN_POINT('',(0.875,-1.35,0.));
#12509 = VECTOR('',#12510,1.);
#12510 = DIRECTION('',(0.,0.,1.));
#12511 = PCURVE('',#12451,#12512);
#12512 = DEFINITIONAL_REPRESENTATION('',(#12513),#12517);
#12513 = LINE('',#12514,#12515);
#12514 = CARTESIAN_POINT('',(0.,-0.4));
#12515 = VECTOR('',#12516,1.);
#12516 = DIRECTION('',(1.,0.));
#12517 = ( GEOMETRIC_REPRESENTATION_CONTEXT(2) 
PARAMETRIC_REPRESENTATION_CONTEXT() REPRESENTATION_CONTEXT('2D SPACE',''
  ) );
#12518 = PCURVE('',#12519,#12524);
#12519 = PLANE('',#12520);
#12520 = AXIS2_PLACEMENT_3D('',#12521,#12522,#12523);
#12521 = CARTESIAN_POINT('',(0.875,-1.35,0.));
#12522 = DIRECTION('',(-0.,1.,0.));
#12523 = DIRECTION('',(0.,0.,1.));
#12524 = DEFINITIONAL_REPRESENTATION('',(#12525),#12529);
#12525 = LINE('',#12526,#12527);
#12526 = CARTESIAN_POINT('',(0.,0.));
#12527 = VECTOR('',#12528,1.);
#12528 = DIRECTION('',(1.,0.));
#12529 = ( GEOMETRIC_REPRESENTATION_CONTEXT(2) 
PARAMETRIC_REPRESENTATION_CONTEXT() REPRESENTATION_CONTEXT('2D SPACE',''
  ) );
#12530 = ORIENTED_EDGE('',*,*,#12531,.F.);
#12531 = EDGE_CURVE('',#12443,#12504,#12532,.T.);
#12532 = SURFACE_CURVE('',#12533,(#12537,#12544),.PCURVE_S1.);
#12533 = LINE('',#12534,#12535);
#12534 = CARTESIAN_POINT('',(0.875,-1.75,0.2));
#12535 = VECTOR('',#12536,1.);
#12536 = DIRECTION('',(-0.,1.,0.));
#12537 = PCURVE('',#12451,#12538);
#12538 = DEFINITIONAL_REPRESENTATION('',(#12539),#12543);
#12539 = LINE('',#12540,#12541);
#12540 = CARTESIAN_POINT('',(0.2,0.));
#12541 = VECTOR('',#12542,1.);
#12542 = DIRECTION('',(0.,-1.));
#12543 = ( GEOMETRIC_REPRESENTATION_CONTEXT(2) 
PARAMETRIC_REPRESENTATION_CONTEXT() REPRESENTATION_CONTEXT('2D SPACE',''
  ) );
#12544 = PCURVE('',#12545,#12550);
#12545 = PLANE('',#12546);
#12546 = AXIS2_PLACEMENT_3D('',#12547,#12548,#12549);
#12547 = CARTESIAN_POINT('',(0.875,-1.75,0.2));
#12548 = DIRECTION('',(0.,0.,1.));
#12549 = DIRECTION('',(1.,0.,-0.));
#12550 = DEFINITIONAL_REPRESENTATION('',(#12551),#12555);
#12551 = LINE('',#12552,#12553);
#12552 = CARTESIAN_POINT('',(0.,0.));
#12553 = VECTOR('',#12554,1.);
#12554 = DIRECTION('',(0.,1.));
#12555 = ( GEOMETRIC_REPRESENTATION_CONTEXT(2) 
PARAMETRIC_REPRESENTATION_CONTEXT() REPRESENTATION_CONTEXT('2D SPACE',''
  ) );
#12556 = ADVANCED_FACE('',(#12557),#12571,.T.);
#12557 = FACE_BOUND('',#12558,.T.);
#12558 = EDGE_LOOP('',(#12559,#12589,#12612,#12635));
#12559 = ORIENTED_EDGE('',*,*,#12560,.F.);
#12560 = EDGE_CURVE('',#12561,#12563,#12565,.T.);
#12561 = VERTEX_POINT('',#12562);
#12562 = CARTESIAN_POINT('',(1.125,-1.75,0.));
#12563 = VERTEX_POINT('',#12564);
#12564 = CARTESIAN_POINT('',(1.125,-1.75,0.2));
#12565 = SURFACE_CURVE('',#12566,(#12570,#12582),.PCURVE_S1.);
#12566 = LINE('',#12567,#12568);
#12567 = CARTESIAN_POINT('',(1.125,-1.75,0.));
#12568 = VECTOR('',#12569,1.);
#12569 = DIRECTION('',(0.,0.,1.));
#12570 = PCURVE('',#12571,#12576);
#12571 = PLANE('',#12572);
#12572 = AXIS2_PLACEMENT_3D('',#12573,#12574,#12575);
#12573 = CARTESIAN_POINT('',(1.125,-1.75,0.));
#12574 = DIRECTION('',(1.,0.,-0.));
#12575 = DIRECTION('',(0.,0.,1.));
#12576 = DEFINITIONAL_REPRESENTATION('',(#12577),#12581);
#12577 = LINE('',#12578,#12579);
#12578 = CARTESIAN_POINT('',(0.,0.));
#12579 = VECTOR('',#12580,1.);
#12580 = DIRECTION('',(1.,0.));
#12581 = ( GEOMETRIC_REPRESENTATION_CONTEXT(2) 
PARAMETRIC_REPRESENTATION_CONTEXT() REPRESENTATION_CONTEXT('2D SPACE',''
  ) );
#12582 = PCURVE('',#12463,#12583);
#12583 = DEFINITIONAL_REPRESENTATION('',(#12584),#12588);
#12584 = LINE('',#12585,#12586);
#12585 = CARTESIAN_POINT('',(0.,0.25));
#12586 = VECTOR('',#12587,1.);
#12587 = DIRECTION('',(1.,0.));
#12588 = ( GEOMETRIC_REPRESENTATION_CONTEXT(2) 
PARAMETRIC_REPRESENTATION_CONTEXT() REPRESENTATION_CONTEXT('2D SPACE',''
  ) );
#12589 = ORIENTED_EDGE('',*,*,#12590,.T.);
#12590 = EDGE_CURVE('',#12561,#12591,#12593,.T.);
#12591 = VERTEX_POINT('',#12592);
#12592 = CARTESIAN_POINT('',(1.125,-1.35,0.));
#12593 = SURFACE_CURVE('',#12594,(#12598,#12605),.PCURVE_S1.);
#12594 = LINE('',#12595,#12596);
#12595 = CARTESIAN_POINT('',(1.125,-1.75,0.));
#12596 = VECTOR('',#12597,1.);
#12597 = DIRECTION('',(-0.,1.,0.));
#12598 = PCURVE('',#12571,#12599);
#12599 = DEFINITIONAL_REPRESENTATION('',(#12600),#12604);
#12600 = LINE('',#12601,#12602);
#12601 = CARTESIAN_POINT('',(0.,0.));
#12602 = VECTOR('',#12603,1.);
#12603 = DIRECTION('',(0.,-1.));
#12604 = ( GEOMETRIC_REPRESENTATION_CONTEXT(2) 
PARAMETRIC_REPRESENTATION_CONTEXT() REPRESENTATION_CONTEXT('2D SPACE',''
  ) );
#12605 = PCURVE('',#12491,#12606);
#12606 = DEFINITIONAL_REPRESENTATION('',(#12607),#12611);
#12607 = LINE('',#12608,#12609);
#12608 = CARTESIAN_POINT('',(0.25,0.));
#12609 = VECTOR('',#12610,1.);
#12610 = DIRECTION('',(0.,1.));
#12611 = ( GEOMETRIC_REPRESENTATION_CONTEXT(2) 
PARAMETRIC_REPRESENTATION_CONTEXT() REPRESENTATION_CONTEXT('2D SPACE',''
  ) );
#12612 = ORIENTED_EDGE('',*,*,#12613,.T.);
#12613 = EDGE_CURVE('',#12591,#12614,#12616,.T.);
#12614 = VERTEX_POINT('',#12615);
#12615 = CARTESIAN_POINT('',(1.125,-1.35,0.2));
#12616 = SURFACE_CURVE('',#12617,(#12621,#12628),.PCURVE_S1.);
#12617 = LINE('',#12618,#12619);
#12618 = CARTESIAN_POINT('',(1.125,-1.35,0.));
#12619 = VECTOR('',#12620,1.);
#12620 = DIRECTION('',(0.,0.,1.));
#12621 = PCURVE('',#12571,#12622);
#12622 = DEFINITIONAL_REPRESENTATION('',(#12623),#12627);
#12623 = LINE('',#12624,#12625);
#12624 = CARTESIAN_POINT('',(0.,-0.4));
#12625 = VECTOR('',#12626,1.);
#12626 = DIRECTION('',(1.,0.));
#12627 = ( GEOMETRIC_REPRESENTATION_CONTEXT(2) 
PARAMETRIC_REPRESENTATION_CONTEXT() REPRESENTATION_CONTEXT('2D SPACE',''
  ) );
#12628 = PCURVE('',#12519,#12629);
#12629 = DEFINITIONAL_REPRESENTATION('',(#12630),#12634);
#12630 = LINE('',#12631,#12632);
#12631 = CARTESIAN_POINT('',(0.,0.25));
#12632 = VECTOR('',#12633,1.);
#12633 = DIRECTION('',(1.,0.));
#12634 = ( GEOMETRIC_REPRESENTATION_CONTEXT(2) 
PARAMETRIC_REPRESENTATION_CONTEXT() REPRESENTATION_CONTEXT('2D SPACE',''
  ) );
#12635 = ORIENTED_EDGE('',*,*,#12636,.F.);
#12636 = EDGE_CURVE('',#12563,#12614,#12637,.T.);
#12637 = SURFACE_CURVE('',#12638,(#12642,#12649),.PCURVE_S1.);
#12638 = LINE('',#12639,#12640);
#12639 = CARTESIAN_POINT('',(1.125,-1.75,0.2));
#12640 = VECTOR('',#12641,1.);
#12641 = DIRECTION('',(-0.,1.,0.));
#12642 = PCURVE('',#12571,#12643);
#12643 = DEFINITIONAL_REPRESENTATION('',(#12644),#12648);
#12644 = LINE('',#12645,#12646);
#12645 = CARTESIAN_POINT('',(0.2,0.));
#12646 = VECTOR('',#12647,1.);
#12647 = DIRECTION('',(0.,-1.));
#12648 = ( GEOMETRIC_REPRESENTATION_CONTEXT(2) 
PARAMETRIC_REPRESENTATION_CONTEXT() REPRESENTATION_CONTEXT('2D SPACE',''
  ) );
#12649 = PCURVE('',#12545,#12650);
#12650 = DEFINITIONAL_REPRESENTATION('',(#12651),#12655);
#12651 = LINE('',#12652,#12653);
#12652 = CARTESIAN_POINT('',(0.25,0.));
#12653 = VECTOR('',#12654,1.);
#12654 = DIRECTION('',(0.,1.));
#12655 = ( GEOMETRIC_REPRESENTATION_CONTEXT(2) 
PARAMETRIC_REPRESENTATION_CONTEXT() REPRESENTATION_CONTEXT('2D SPACE',''
  ) );
#12656 = ADVANCED_FACE('',(#12657),#12463,.F.);
#12657 = FACE_BOUND('',#12658,.F.);
#12658 = EDGE_LOOP('',(#12659,#12680,#12681,#12702));
#12659 = ORIENTED_EDGE('',*,*,#12660,.F.);
#12660 = EDGE_CURVE('',#12441,#12561,#12661,.T.);
#12661 = SURFACE_CURVE('',#12662,(#12666,#12673),.PCURVE_S1.);
#12662 = LINE('',#12663,#12664);
#12663 = CARTESIAN_POINT('',(0.875,-1.75,0.));
#12664 = VECTOR('',#12665,1.);
#12665 = DIRECTION('',(1.,0.,-0.));
#12666 = PCURVE('',#12463,#12667);
#12667 = DEFINITIONAL_REPRESENTATION('',(#12668),#12672);
#12668 = LINE('',#12669,#12670);
#12669 = CARTESIAN_POINT('',(0.,0.));
#12670 = VECTOR('',#12671,1.);
#12671 = DIRECTION('',(0.,1.));
#12672 = ( GEOMETRIC_REPRESENTATION_CONTEXT(2) 
PARAMETRIC_REPRESENTATION_CONTEXT() REPRESENTATION_CONTEXT('2D SPACE',''
  ) );
#12673 = PCURVE('',#12491,#12674);
#12674 = DEFINITIONAL_REPRESENTATION('',(#12675),#12679);
#12675 = LINE('',#12676,#12677);
#12676 = CARTESIAN_POINT('',(0.,0.));
#12677 = VECTOR('',#12678,1.);
#12678 = DIRECTION('',(1.,0.));
#12679 = ( GEOMETRIC_REPRESENTATION_CONTEXT(2) 
PARAMETRIC_REPRESENTATION_CONTEXT() REPRESENTATION_CONTEXT('2D SPACE',''
  ) );
#12680 = ORIENTED_EDGE('',*,*,#12440,.T.);
#12681 = ORIENTED_EDGE('',*,*,#12682,.T.);
#12682 = EDGE_CURVE('',#12443,#12563,#12683,.T.);
#12683 = SURFACE_CURVE('',#12684,(#12688,#12695),.PCURVE_S1.);
#12684 = LINE('',#12685,#12686);
#12685 = CARTESIAN_POINT('',(0.875,-1.75,0.2));
#12686 = VECTOR('',#12687,1.);
#12687 = DIRECTION('',(1.,0.,-0.));
#12688 = PCURVE('',#12463,#12689);
#12689 = DEFINITIONAL_REPRESENTATION('',(#12690),#12694);
#12690 = LINE('',#12691,#12692);
#12691 = CARTESIAN_POINT('',(0.2,0.));
#12692 = VECTOR('',#12693,1.);
#12693 = DIRECTION('',(0.,1.));
#12694 = ( GEOMETRIC_REPRESENTATION_CONTEXT(2) 
PARAMETRIC_REPRESENTATION_CONTEXT() REPRESENTATION_CONTEXT('2D SPACE',''
  ) );
#12695 = PCURVE('',#12545,#12696);
#12696 = DEFINITIONAL_REPRESENTATION('',(#12697),#12701);
#12697 = LINE('',#12698,#12699);
#12698 = CARTESIAN_POINT('',(0.,0.));
#12699 = VECTOR('',#12700,1.);
#12700 = DIRECTION('',(1.,0.));
#12701 = ( GEOMETRIC_REPRESENTATION_CONTEXT(2) 
PARAMETRIC_REPRESENTATION_CONTEXT() REPRESENTATION_CONTEXT('2D SPACE',''
  ) );
#12702 = ORIENTED_EDGE('',*,*,#12560,.F.);
#12703 = ADVANCED_FACE('',(#12704),#12519,.T.);
#12704 = FACE_BOUND('',#12705,.T.);
#12705 = EDGE_LOOP('',(#12706,#12727,#12728,#12749));
#12706 = ORIENTED_EDGE('',*,*,#12707,.F.);
#12707 = EDGE_CURVE('',#12476,#12591,#12708,.T.);
#12708 = SURFACE_CURVE('',#12709,(#12713,#12720),.PCURVE_S1.);
#12709 = LINE('',#12710,#12711);
#12710 = CARTESIAN_POINT('',(0.875,-1.35,0.));
#12711 = VECTOR('',#12712,1.);
#12712 = DIRECTION('',(1.,0.,-0.));
#12713 = PCURVE('',#12519,#12714);
#12714 = DEFINITIONAL_REPRESENTATION('',(#12715),#12719);
#12715 = LINE('',#12716,#12717);
#12716 = CARTESIAN_POINT('',(0.,0.));
#12717 = VECTOR('',#12718,1.);
#12718 = DIRECTION('',(0.,1.));
#12719 = ( GEOMETRIC_REPRESENTATION_CONTEXT(2) 
PARAMETRIC_REPRESENTATION_CONTEXT() REPRESENTATION_CONTEXT('2D SPACE',''
  ) );
#12720 = PCURVE('',#12491,#12721);
#12721 = DEFINITIONAL_REPRESENTATION('',(#12722),#12726);
#12722 = LINE('',#12723,#12724);
#12723 = CARTESIAN_POINT('',(0.,0.4));
#12724 = VECTOR('',#12725,1.);
#12725 = DIRECTION('',(1.,0.));
#12726 = ( GEOMETRIC_REPRESENTATION_CONTEXT(2) 
PARAMETRIC_REPRESENTATION_CONTEXT() REPRESENTATION_CONTEXT('2D SPACE',''
  ) );
#12727 = ORIENTED_EDGE('',*,*,#12503,.T.);
#12728 = ORIENTED_EDGE('',*,*,#12729,.T.);
#12729 = EDGE_CURVE('',#12504,#12614,#12730,.T.);
#12730 = SURFACE_CURVE('',#12731,(#12735,#12742),.PCURVE_S1.);
#12731 = LINE('',#12732,#12733);
#12732 = CARTESIAN_POINT('',(0.875,-1.35,0.2));
#12733 = VECTOR('',#12734,1.);
#12734 = DIRECTION('',(1.,0.,-0.));
#12735 = PCURVE('',#12519,#12736);
#12736 = DEFINITIONAL_REPRESENTATION('',(#12737),#12741);
#12737 = LINE('',#12738,#12739);
#12738 = CARTESIAN_POINT('',(0.2,0.));
#12739 = VECTOR('',#12740,1.);
#12740 = DIRECTION('',(0.,1.));
#12741 = ( GEOMETRIC_REPRESENTATION_CONTEXT(2) 
PARAMETRIC_REPRESENTATION_CONTEXT() REPRESENTATION_CONTEXT('2D SPACE',''
  ) );
#12742 = PCURVE('',#12545,#12743);
#12743 = DEFINITIONAL_REPRESENTATION('',(#12744),#12748);
#12744 = LINE('',#12745,#12746);
#12745 = CARTESIAN_POINT('',(0.,0.4));
#12746 = VECTOR('',#12747,1.);
#12747 = DIRECTION('',(1.,0.));
#12748 = ( GEOMETRIC_REPRESENTATION_CONTEXT(2) 
PARAMETRIC_REPRESENTATION_CONTEXT() REPRESENTATION_CONTEXT('2D SPACE',''
  ) );
#12749 = ORIENTED_EDGE('',*,*,#12613,.F.);
#12750 = ADVANCED_FACE('',(#12751),#12491,.F.);
#12751 = FACE_BOUND('',#12752,.F.);
#12752 = EDGE_LOOP('',(#12753,#12754,#12755,#12756));
#12753 = ORIENTED_EDGE('',*,*,#12475,.F.);
#12754 = ORIENTED_EDGE('',*,*,#12660,.T.);
#12755 = ORIENTED_EDGE('',*,*,#12590,.T.);
#12756 = ORIENTED_EDGE('',*,*,#12707,.F.);
#12757 = ADVANCED_FACE('',(#12758),#12545,.T.);
#12758 = FACE_BOUND('',#12759,.T.);
#12759 = EDGE_LOOP('',(#12760,#12761,#12762,#12763));
#12760 = ORIENTED_EDGE('',*,*,#12531,.F.);
#12761 = ORIENTED_EDGE('',*,*,#12682,.T.);
#12762 = ORIENTED_EDGE('',*,*,#12636,.T.);
#12763 = ORIENTED_EDGE('',*,*,#12729,.F.);
#12764 = MANIFOLD_SOLID_BREP('',#12765);
#12765 = CLOSED_SHELL('',(#12766,#12886,#12986,#13033,#13080,#13087));
#12766 = ADVANCED_FACE('',(#12767),#12781,.F.);
#12767 = FACE_BOUND('',#12768,.F.);
#12768 = EDGE_LOOP('',(#12769,#12804,#12832,#12860));
#12769 = ORIENTED_EDGE('',*,*,#12770,.F.);
#12770 = EDGE_CURVE('',#12771,#12773,#12775,.T.);
#12771 = VERTEX_POINT('',#12772);
#12772 = CARTESIAN_POINT('',(1.35,0.875,0.));
#12773 = VERTEX_POINT('',#12774);
#12774 = CARTESIAN_POINT('',(1.35,0.875,0.2));
#12775 = SURFACE_CURVE('',#12776,(#12780,#12792),.PCURVE_S1.);
#12776 = LINE('',#12777,#12778);
#12777 = CARTESIAN_POINT('',(1.35,0.875,0.));
#12778 = VECTOR('',#12779,1.);
#12779 = DIRECTION('',(0.,0.,1.));
#12780 = PCURVE('',#12781,#12786);
#12781 = PLANE('',#12782);
#12782 = AXIS2_PLACEMENT_3D('',#12783,#12784,#12785);
#12783 = CARTESIAN_POINT('',(1.35,0.875,0.));
#12784 = DIRECTION('',(1.,0.,-0.));
#12785 = DIRECTION('',(0.,0.,1.));
#12786 = DEFINITIONAL_REPRESENTATION('',(#12787),#12791);
#12787 = LINE('',#12788,#12789);
#12788 = CARTESIAN_POINT('',(0.,0.));
#12789 = VECTOR('',#12790,1.);
#12790 = DIRECTION('',(1.,0.));
#12791 = ( GEOMETRIC_REPRESENTATION_CONTEXT(2) 
PARAMETRIC_REPRESENTATION_CONTEXT() REPRESENTATION_CONTEXT('2D SPACE',''
  ) );
#12792 = PCURVE('',#12793,#12798);
#12793 = PLANE('',#12794);
#12794 = AXIS2_PLACEMENT_3D('',#12795,#12796,#12797);
#12795 = CARTESIAN_POINT('',(1.35,0.875,0.));
#12796 = DIRECTION('',(-0.,1.,0.));
#12797 = DIRECTION('',(0.,0.,1.));
#12798 = DEFINITIONAL_REPRESENTATION('',(#12799),#12803);
#12799 = LINE('',#12800,#12801);
#12800 = CARTESIAN_POINT('',(0.,0.));
#12801 = VECTOR('',#12802,1.);
#12802 = DIRECTION('',(1.,0.));
#12803 = ( GEOMETRIC_REPRESENTATION_CONTEXT(2) 
PARAMETRIC_REPRESENTATION_CONTEXT() REPRESENTATION_CONTEXT('2D SPACE',''
  ) );
#12804 = ORIENTED_EDGE('',*,*,#12805,.T.);
#12805 = EDGE_CURVE('',#12771,#12806,#12808,.T.);
#12806 = VERTEX_POINT('',#12807);
#12807 = CARTESIAN_POINT('',(1.35,1.125,0.));
#12808 = SURFACE_CURVE('',#12809,(#12813,#12820),.PCURVE_S1.);
#12809 = LINE('',#12810,#12811);
#12810 = CARTESIAN_POINT('',(1.35,0.875,0.));
#12811 = VECTOR('',#12812,1.);
#12812 = DIRECTION('',(-0.,1.,0.));
#12813 = PCURVE('',#12781,#12814);
#12814 = DEFINITIONAL_REPRESENTATION('',(#12815),#12819);
#12815 = LINE('',#12816,#12817);
#12816 = CARTESIAN_POINT('',(0.,0.));
#12817 = VECTOR('',#12818,1.);
#12818 = DIRECTION('',(0.,-1.));
#12819 = ( GEOMETRIC_REPRESENTATION_CONTEXT(2) 
PARAMETRIC_REPRESENTATION_CONTEXT() REPRESENTATION_CONTEXT('2D SPACE',''
  ) );
#12820 = PCURVE('',#12821,#12826);
#12821 = PLANE('',#12822);
#12822 = AXIS2_PLACEMENT_3D('',#12823,#12824,#12825);
#12823 = CARTESIAN_POINT('',(1.35,0.875,0.));
#12824 = DIRECTION('',(0.,0.,1.));
#12825 = DIRECTION('',(1.,0.,-0.));
#12826 = DEFINITIONAL_REPRESENTATION('',(#12827),#12831);
#12827 = LINE('',#12828,#12829);
#12828 = CARTESIAN_POINT('',(0.,0.));
#12829 = VECTOR('',#12830,1.);
#12830 = DIRECTION('',(0.,1.));
#12831 = ( GEOMETRIC_REPRESENTATION_CONTEXT(2) 
PARAMETRIC_REPRESENTATION_CONTEXT() REPRESENTATION_CONTEXT('2D SPACE',''
  ) );
#12832 = ORIENTED_EDGE('',*,*,#12833,.T.);
#12833 = EDGE_CURVE('',#12806,#12834,#12836,.T.);
#12834 = VERTEX_POINT('',#12835);
#12835 = CARTESIAN_POINT('',(1.35,1.125,0.2));
#12836 = SURFACE_CURVE('',#12837,(#12841,#12848),.PCURVE_S1.);
#12837 = LINE('',#12838,#12839);
#12838 = CARTESIAN_POINT('',(1.35,1.125,0.));
#12839 = VECTOR('',#12840,1.);
#12840 = DIRECTION('',(0.,0.,1.));
#12841 = PCURVE('',#12781,#12842);
#12842 = DEFINITIONAL_REPRESENTATION('',(#12843),#12847);
#12843 = LINE('',#12844,#12845);
#12844 = CARTESIAN_POINT('',(0.,-0.25));
#12845 = VECTOR('',#12846,1.);
#12846 = DIRECTION('',(1.,0.));
#12847 = ( GEOMETRIC_REPRESENTATION_CONTEXT(2) 
PARAMETRIC_REPRESENTATION_CONTEXT() REPRESENTATION_CONTEXT('2D SPACE',''
  ) );
#12848 = PCURVE('',#12849,#12854);
#12849 = PLANE('',#12850);
#12850 = AXIS2_PLACEMENT_3D('',#12851,#12852,#12853);
#12851 = CARTESIAN_POINT('',(1.35,1.125,0.));
#12852 = DIRECTION('',(-0.,1.,0.));
#12853 = DIRECTION('',(0.,0.,1.));
#12854 = DEFINITIONAL_REPRESENTATION('',(#12855),#12859);
#12855 = LINE('',#12856,#12857);
#12856 = CARTESIAN_POINT('',(0.,0.));
#12857 = VECTOR('',#12858,1.);
#12858 = DIRECTION('',(1.,0.));
#12859 = ( GEOMETRIC_REPRESENTATION_CONTEXT(2) 
PARAMETRIC_REPRESENTATION_CONTEXT() REPRESENTATION_CONTEXT('2D SPACE',''
  ) );
#12860 = ORIENTED_EDGE('',*,*,#12861,.F.);
#12861 = EDGE_CURVE('',#12773,#12834,#12862,.T.);
#12862 = SURFACE_CURVE('',#12863,(#12867,#12874),.PCURVE_S1.);
#12863 = LINE('',#12864,#12865);
#12864 = CARTESIAN_POINT('',(1.35,0.875,0.2));
#12865 = VECTOR('',#12866,1.);
#12866 = DIRECTION('',(-0.,1.,0.));
#12867 = PCURVE('',#12781,#12868);
#12868 = DEFINITIONAL_REPRESENTATION('',(#12869),#12873);
#12869 = LINE('',#12870,#12871);
#12870 = CARTESIAN_POINT('',(0.2,0.));
#12871 = VECTOR('',#12872,1.);
#12872 = DIRECTION('',(0.,-1.));
#12873 = ( GEOMETRIC_REPRESENTATION_CONTEXT(2) 
PARAMETRIC_REPRESENTATION_CONTEXT() REPRESENTATION_CONTEXT('2D SPACE',''
  ) );
#12874 = PCURVE('',#12875,#12880);
#12875 = PLANE('',#12876);
#12876 = AXIS2_PLACEMENT_3D('',#12877,#12878,#12879);
#12877 = CARTESIAN_POINT('',(1.35,0.875,0.2));
#12878 = DIRECTION('',(0.,0.,1.));
#12879 = DIRECTION('',(1.,0.,-0.));
#12880 = DEFINITIONAL_REPRESENTATION('',(#12881),#12885);
#12881 = LINE('',#12882,#12883);
#12882 = CARTESIAN_POINT('',(0.,0.));
#12883 = VECTOR('',#12884,1.);
#12884 = DIRECTION('',(0.,1.));
#12885 = ( GEOMETRIC_REPRESENTATION_CONTEXT(2) 
PARAMETRIC_REPRESENTATION_CONTEXT() REPRESENTATION_CONTEXT('2D SPACE',''
  ) );
#12886 = ADVANCED_FACE('',(#12887),#12901,.T.);
#12887 = FACE_BOUND('',#12888,.T.);
#12888 = EDGE_LOOP('',(#12889,#12919,#12942,#12965));
#12889 = ORIENTED_EDGE('',*,*,#12890,.F.);
#12890 = EDGE_CURVE('',#12891,#12893,#12895,.T.);
#12891 = VERTEX_POINT('',#12892);
#12892 = CARTESIAN_POINT('',(1.75,0.875,0.));
#12893 = VERTEX_POINT('',#12894);
#12894 = CARTESIAN_POINT('',(1.75,0.875,0.2));
#12895 = SURFACE_CURVE('',#12896,(#12900,#12912),.PCURVE_S1.);
#12896 = LINE('',#12897,#12898);
#12897 = CARTESIAN_POINT('',(1.75,0.875,0.));
#12898 = VECTOR('',#12899,1.);
#12899 = DIRECTION('',(0.,0.,1.));
#12900 = PCURVE('',#12901,#12906);
#12901 = PLANE('',#12902);
#12902 = AXIS2_PLACEMENT_3D('',#12903,#12904,#12905);
#12903 = CARTESIAN_POINT('',(1.75,0.875,0.));
#12904 = DIRECTION('',(1.,0.,-0.));
#12905 = DIRECTION('',(0.,0.,1.));
#12906 = DEFINITIONAL_REPRESENTATION('',(#12907),#12911);
#12907 = LINE('',#12908,#12909);
#12908 = CARTESIAN_POINT('',(0.,0.));
#12909 = VECTOR('',#12910,1.);
#12910 = DIRECTION('',(1.,0.));
#12911 = ( GEOMETRIC_REPRESENTATION_CONTEXT(2) 
PARAMETRIC_REPRESENTATION_CONTEXT() REPRESENTATION_CONTEXT('2D SPACE',''
  ) );
#12912 = PCURVE('',#12793,#12913);
#12913 = DEFINITIONAL_REPRESENTATION('',(#12914),#12918);
#12914 = LINE('',#12915,#12916);
#12915 = CARTESIAN_POINT('',(0.,0.4));
#12916 = VECTOR('',#12917,1.);
#12917 = DIRECTION('',(1.,0.));
#12918 = ( GEOMETRIC_REPRESENTATION_CONTEXT(2) 
PARAMETRIC_REPRESENTATION_CONTEXT() REPRESENTATION_CONTEXT('2D SPACE',''
  ) );
#12919 = ORIENTED_EDGE('',*,*,#12920,.T.);
#12920 = EDGE_CURVE('',#12891,#12921,#12923,.T.);
#12921 = VERTEX_POINT('',#12922);
#12922 = CARTESIAN_POINT('',(1.75,1.125,0.));
#12923 = SURFACE_CURVE('',#12924,(#12928,#12935),.PCURVE_S1.);
#12924 = LINE('',#12925,#12926);
#12925 = CARTESIAN_POINT('',(1.75,0.875,0.));
#12926 = VECTOR('',#12927,1.);
#12927 = DIRECTION('',(-0.,1.,0.));
#12928 = PCURVE('',#12901,#12929);
#12929 = DEFINITIONAL_REPRESENTATION('',(#12930),#12934);
#12930 = LINE('',#12931,#12932);
#12931 = CARTESIAN_POINT('',(0.,0.));
#12932 = VECTOR('',#12933,1.);
#12933 = DIRECTION('',(0.,-1.));
#12934 = ( GEOMETRIC_REPRESENTATION_CONTEXT(2) 
PARAMETRIC_REPRESENTATION_CONTEXT() REPRESENTATION_CONTEXT('2D SPACE',''
  ) );
#12935 = PCURVE('',#12821,#12936);
#12936 = DEFINITIONAL_REPRESENTATION('',(#12937),#12941);
#12937 = LINE('',#12938,#12939);
#12938 = CARTESIAN_POINT('',(0.4,0.));
#12939 = VECTOR('',#12940,1.);
#12940 = DIRECTION('',(0.,1.));
#12941 = ( GEOMETRIC_REPRESENTATION_CONTEXT(2) 
PARAMETRIC_REPRESENTATION_CONTEXT() REPRESENTATION_CONTEXT('2D SPACE',''
  ) );
#12942 = ORIENTED_EDGE('',*,*,#12943,.T.);
#12943 = EDGE_CURVE('',#12921,#12944,#12946,.T.);
#12944 = VERTEX_POINT('',#12945);
#12945 = CARTESIAN_POINT('',(1.75,1.125,0.2));
#12946 = SURFACE_CURVE('',#12947,(#12951,#12958),.PCURVE_S1.);
#12947 = LINE('',#12948,#12949);
#12948 = CARTESIAN_POINT('',(1.75,1.125,0.));
#12949 = VECTOR('',#12950,1.);
#12950 = DIRECTION('',(0.,0.,1.));
#12951 = PCURVE('',#12901,#12952);
#12952 = DEFINITIONAL_REPRESENTATION('',(#12953),#12957);
#12953 = LINE('',#12954,#12955);
#12954 = CARTESIAN_POINT('',(0.,-0.25));
#12955 = VECTOR('',#12956,1.);
#12956 = DIRECTION('',(1.,0.));
#12957 = ( GEOMETRIC_REPRESENTATION_CONTEXT(2) 
PARAMETRIC_REPRESENTATION_CONTEXT() REPRESENTATION_CONTEXT('2D SPACE',''
  ) );
#12958 = PCURVE('',#12849,#12959);
#12959 = DEFINITIONAL_REPRESENTATION('',(#12960),#12964);
#12960 = LINE('',#12961,#12962);
#12961 = CARTESIAN_POINT('',(0.,0.4));
#12962 = VECTOR('',#12963,1.);
#12963 = DIRECTION('',(1.,0.));
#12964 = ( GEOMETRIC_REPRESENTATION_CONTEXT(2) 
PARAMETRIC_REPRESENTATION_CONTEXT() REPRESENTATION_CONTEXT('2D SPACE',''
  ) );
#12965 = ORIENTED_EDGE('',*,*,#12966,.F.);
#12966 = EDGE_CURVE('',#12893,#12944,#12967,.T.);
#12967 = SURFACE_CURVE('',#12968,(#12972,#12979),.PCURVE_S1.);
#12968 = LINE('',#12969,#12970);
#12969 = CARTESIAN_POINT('',(1.75,0.875,0.2));
#12970 = VECTOR('',#12971,1.);
#12971 = DIRECTION('',(-0.,1.,0.));
#12972 = PCURVE('',#12901,#12973);
#12973 = DEFINITIONAL_REPRESENTATION('',(#12974),#12978);
#12974 = LINE('',#12975,#12976);
#12975 = CARTESIAN_POINT('',(0.2,0.));
#12976 = VECTOR('',#12977,1.);
#12977 = DIRECTION('',(0.,-1.));
#12978 = ( GEOMETRIC_REPRESENTATION_CONTEXT(2) 
PARAMETRIC_REPRESENTATION_CONTEXT() REPRESENTATION_CONTEXT('2D SPACE',''
  ) );
#12979 = PCURVE('',#12875,#12980);
#12980 = DEFINITIONAL_REPRESENTATION('',(#12981),#12985);
#12981 = LINE('',#12982,#12983);
#12982 = CARTESIAN_POINT('',(0.4,0.));
#12983 = VECTOR('',#12984,1.);
#12984 = DIRECTION('',(0.,1.));
#12985 = ( GEOMETRIC_REPRESENTATION_CONTEXT(2) 
PARAMETRIC_REPRESENTATION_CONTEXT() REPRESENTATION_CONTEXT('2D SPACE',''
  ) );
#12986 = ADVANCED_FACE('',(#12987),#12793,.F.);
#12987 = FACE_BOUND('',#12988,.F.);
#12988 = EDGE_LOOP('',(#12989,#13010,#13011,#13032));
#12989 = ORIENTED_EDGE('',*,*,#12990,.F.);
#12990 = EDGE_CURVE('',#12771,#12891,#12991,.T.);
#12991 = SURFACE_CURVE('',#12992,(#12996,#13003),.PCURVE_S1.);
#12992 = LINE('',#12993,#12994);
#12993 = CARTESIAN_POINT('',(1.35,0.875,0.));
#12994 = VECTOR('',#12995,1.);
#12995 = DIRECTION('',(1.,0.,-0.));
#12996 = PCURVE('',#12793,#12997);
#12997 = DEFINITIONAL_REPRESENTATION('',(#12998),#13002);
#12998 = LINE('',#12999,#13000);
#12999 = CARTESIAN_POINT('',(0.,0.));
#13000 = VECTOR('',#13001,1.);
#13001 = DIRECTION('',(0.,1.));
#13002 = ( GEOMETRIC_REPRESENTATION_CONTEXT(2) 
PARAMETRIC_REPRESENTATION_CONTEXT() REPRESENTATION_CONTEXT('2D SPACE',''
  ) );
#13003 = PCURVE('',#12821,#13004);
#13004 = DEFINITIONAL_REPRESENTATION('',(#13005),#13009);
#13005 = LINE('',#13006,#13007);
#13006 = CARTESIAN_POINT('',(0.,0.));
#13007 = VECTOR('',#13008,1.);
#13008 = DIRECTION('',(1.,0.));
#13009 = ( GEOMETRIC_REPRESENTATION_CONTEXT(2) 
PARAMETRIC_REPRESENTATION_CONTEXT() REPRESENTATION_CONTEXT('2D SPACE',''
  ) );
#13010 = ORIENTED_EDGE('',*,*,#12770,.T.);
#13011 = ORIENTED_EDGE('',*,*,#13012,.T.);
#13012 = EDGE_CURVE('',#12773,#12893,#13013,.T.);
#13013 = SURFACE_CURVE('',#13014,(#13018,#13025),.PCURVE_S1.);
#13014 = LINE('',#13015,#13016);
#13015 = CARTESIAN_POINT('',(1.35,0.875,0.2));
#13016 = VECTOR('',#13017,1.);
#13017 = DIRECTION('',(1.,0.,-0.));
#13018 = PCURVE('',#12793,#13019);
#13019 = DEFINITIONAL_REPRESENTATION('',(#13020),#13024);
#13020 = LINE('',#13021,#13022);
#13021 = CARTESIAN_POINT('',(0.2,0.));
#13022 = VECTOR('',#13023,1.);
#13023 = DIRECTION('',(0.,1.));
#13024 = ( GEOMETRIC_REPRESENTATION_CONTEXT(2) 
PARAMETRIC_REPRESENTATION_CONTEXT() REPRESENTATION_CONTEXT('2D SPACE',''
  ) );
#13025 = PCURVE('',#12875,#13026);
#13026 = DEFINITIONAL_REPRESENTATION('',(#13027),#13031);
#13027 = LINE('',#13028,#13029);
#13028 = CARTESIAN_POINT('',(0.,0.));
#13029 = VECTOR('',#13030,1.);
#13030 = DIRECTION('',(1.,0.));
#13031 = ( GEOMETRIC_REPRESENTATION_CONTEXT(2) 
PARAMETRIC_REPRESENTATION_CONTEXT() REPRESENTATION_CONTEXT('2D SPACE',''
  ) );
#13032 = ORIENTED_EDGE('',*,*,#12890,.F.);
#13033 = ADVANCED_FACE('',(#13034),#12849,.T.);
#13034 = FACE_BOUND('',#13035,.T.);
#13035 = EDGE_LOOP('',(#13036,#13057,#13058,#13079));
#13036 = ORIENTED_EDGE('',*,*,#13037,.F.);
#13037 = EDGE_CURVE('',#12806,#12921,#13038,.T.);
#13038 = SURFACE_CURVE('',#13039,(#13043,#13050),.PCURVE_S1.);
#13039 = LINE('',#13040,#13041);
#13040 = CARTESIAN_POINT('',(1.35,1.125,0.));
#13041 = VECTOR('',#13042,1.);
#13042 = DIRECTION('',(1.,0.,-0.));
#13043 = PCURVE('',#12849,#13044);
#13044 = DEFINITIONAL_REPRESENTATION('',(#13045),#13049);
#13045 = LINE('',#13046,#13047);
#13046 = CARTESIAN_POINT('',(0.,0.));
#13047 = VECTOR('',#13048,1.);
#13048 = DIRECTION('',(0.,1.));
#13049 = ( GEOMETRIC_REPRESENTATION_CONTEXT(2) 
PARAMETRIC_REPRESENTATION_CONTEXT() REPRESENTATION_CONTEXT('2D SPACE',''
  ) );
#13050 = PCURVE('',#12821,#13051);
#13051 = DEFINITIONAL_REPRESENTATION('',(#13052),#13056);
#13052 = LINE('',#13053,#13054);
#13053 = CARTESIAN_POINT('',(0.,0.25));
#13054 = VECTOR('',#13055,1.);
#13055 = DIRECTION('',(1.,0.));
#13056 = ( GEOMETRIC_REPRESENTATION_CONTEXT(2) 
PARAMETRIC_REPRESENTATION_CONTEXT() REPRESENTATION_CONTEXT('2D SPACE',''
  ) );
#13057 = ORIENTED_EDGE('',*,*,#12833,.T.);
#13058 = ORIENTED_EDGE('',*,*,#13059,.T.);
#13059 = EDGE_CURVE('',#12834,#12944,#13060,.T.);
#13060 = SURFACE_CURVE('',#13061,(#13065,#13072),.PCURVE_S1.);
#13061 = LINE('',#13062,#13063);
#13062 = CARTESIAN_POINT('',(1.35,1.125,0.2));
#13063 = VECTOR('',#13064,1.);
#13064 = DIRECTION('',(1.,0.,-0.));
#13065 = PCURVE('',#12849,#13066);
#13066 = DEFINITIONAL_REPRESENTATION('',(#13067),#13071);
#13067 = LINE('',#13068,#13069);
#13068 = CARTESIAN_POINT('',(0.2,0.));
#13069 = VECTOR('',#13070,1.);
#13070 = DIRECTION('',(0.,1.));
#13071 = ( GEOMETRIC_REPRESENTATION_CONTEXT(2) 
PARAMETRIC_REPRESENTATION_CONTEXT() REPRESENTATION_CONTEXT('2D SPACE',''
  ) );
#13072 = PCURVE('',#12875,#13073);
#13073 = DEFINITIONAL_REPRESENTATION('',(#13074),#13078);
#13074 = LINE('',#13075,#13076);
#13075 = CARTESIAN_POINT('',(0.,0.25));
#13076 = VECTOR('',#13077,1.);
#13077 = DIRECTION('',(1.,0.));
#13078 = ( GEOMETRIC_REPRESENTATION_CONTEXT(2) 
PARAMETRIC_REPRESENTATION_CONTEXT() REPRESENTATION_CONTEXT('2D SPACE',''
  ) );
#13079 = ORIENTED_EDGE('',*,*,#12943,.F.);
#13080 = ADVANCED_FACE('',(#13081),#12821,.F.);
#13081 = FACE_BOUND('',#13082,.F.);
#13082 = EDGE_LOOP('',(#13083,#13084,#13085,#13086));
#13083 = ORIENTED_EDGE('',*,*,#12805,.F.);
#13084 = ORIENTED_EDGE('',*,*,#12990,.T.);
#13085 = ORIENTED_EDGE('',*,*,#12920,.T.);
#13086 = ORIENTED_EDGE('',*,*,#13037,.F.);
#13087 = ADVANCED_FACE('',(#13088),#12875,.T.);
#13088 = FACE_BOUND('',#13089,.T.);
#13089 = EDGE_LOOP('',(#13090,#13091,#13092,#13093));
#13090 = ORIENTED_EDGE('',*,*,#12861,.F.);
#13091 = ORIENTED_EDGE('',*,*,#13012,.T.);
#13092 = ORIENTED_EDGE('',*,*,#12966,.T.);
#13093 = ORIENTED_EDGE('',*,*,#13059,.F.);
#13094 = MANIFOLD_SOLID_BREP('',#13095);
#13095 = CLOSED_SHELL('',(#13096,#13216,#13316,#13363,#13410,#13417));
#13096 = ADVANCED_FACE('',(#13097),#13111,.F.);
#13097 = FACE_BOUND('',#13098,.F.);
#13098 = EDGE_LOOP('',(#13099,#13134,#13162,#13190));
#13099 = ORIENTED_EDGE('',*,*,#13100,.F.);
#13100 = EDGE_CURVE('',#13101,#13103,#13105,.T.);
#13101 = VERTEX_POINT('',#13102);
#13102 = CARTESIAN_POINT('',(-1.125,1.35,0.));
#13103 = VERTEX_POINT('',#13104);
#13104 = CARTESIAN_POINT('',(-1.125,1.35,0.2));
#13105 = SURFACE_CURVE('',#13106,(#13110,#13122),.PCURVE_S1.);
#13106 = LINE('',#13107,#13108);
#13107 = CARTESIAN_POINT('',(-1.125,1.35,0.));
#13108 = VECTOR('',#13109,1.);
#13109 = DIRECTION('',(0.,0.,1.));
#13110 = PCURVE('',#13111,#13116);
#13111 = PLANE('',#13112);
#13112 = AXIS2_PLACEMENT_3D('',#13113,#13114,#13115);
#13113 = CARTESIAN_POINT('',(-1.125,1.35,0.));
#13114 = DIRECTION('',(1.,0.,-0.));
#13115 = DIRECTION('',(0.,0.,1.));
#13116 = DEFINITIONAL_REPRESENTATION('',(#13117),#13121);
#13117 = LINE('',#13118,#13119);
#13118 = CARTESIAN_POINT('',(0.,0.));
#13119 = VECTOR('',#13120,1.);
#13120 = DIRECTION('',(1.,0.));
#13121 = ( GEOMETRIC_REPRESENTATION_CONTEXT(2) 
PARAMETRIC_REPRESENTATION_CONTEXT() REPRESENTATION_CONTEXT('2D SPACE',''
  ) );
#13122 = PCURVE('',#13123,#13128);
#13123 = PLANE('',#13124);
#13124 = AXIS2_PLACEMENT_3D('',#13125,#13126,#13127);
#13125 = CARTESIAN_POINT('',(-1.125,1.35,0.));
#13126 = DIRECTION('',(-0.,1.,0.));
#13127 = DIRECTION('',(0.,0.,1.));
#13128 = DEFINITIONAL_REPRESENTATION('',(#13129),#13133);
#13129 = LINE('',#13130,#13131);
#13130 = CARTESIAN_POINT('',(0.,0.));
#13131 = VECTOR('',#13132,1.);
#13132 = DIRECTION('',(1.,0.));
#13133 = ( GEOMETRIC_REPRESENTATION_CONTEXT(2) 
PARAMETRIC_REPRESENTATION_CONTEXT() REPRESENTATION_CONTEXT('2D SPACE',''
  ) );
#13134 = ORIENTED_EDGE('',*,*,#13135,.T.);
#13135 = EDGE_CURVE('',#13101,#13136,#13138,.T.);
#13136 = VERTEX_POINT('',#13137);
#13137 = CARTESIAN_POINT('',(-1.125,1.75,0.));
#13138 = SURFACE_CURVE('',#13139,(#13143,#13150),.PCURVE_S1.);
#13139 = LINE('',#13140,#13141);
#13140 = CARTESIAN_POINT('',(-1.125,1.35,0.));
#13141 = VECTOR('',#13142,1.);
#13142 = DIRECTION('',(-0.,1.,0.));
#13143 = PCURVE('',#13111,#13144);
#13144 = DEFINITIONAL_REPRESENTATION('',(#13145),#13149);
#13145 = LINE('',#13146,#13147);
#13146 = CARTESIAN_POINT('',(0.,0.));
#13147 = VECTOR('',#13148,1.);
#13148 = DIRECTION('',(0.,-1.));
#13149 = ( GEOMETRIC_REPRESENTATION_CONTEXT(2) 
PARAMETRIC_REPRESENTATION_CONTEXT() REPRESENTATION_CONTEXT('2D SPACE',''
  ) );
#13150 = PCURVE('',#13151,#13156);
#13151 = PLANE('',#13152);
#13152 = AXIS2_PLACEMENT_3D('',#13153,#13154,#13155);
#13153 = CARTESIAN_POINT('',(-1.125,1.35,0.));
#13154 = DIRECTION('',(0.,0.,1.));
#13155 = DIRECTION('',(1.,0.,-0.));
#13156 = DEFINITIONAL_REPRESENTATION('',(#13157),#13161);
#13157 = LINE('',#13158,#13159);
#13158 = CARTESIAN_POINT('',(0.,0.));
#13159 = VECTOR('',#13160,1.);
#13160 = DIRECTION('',(0.,1.));
#13161 = ( GEOMETRIC_REPRESENTATION_CONTEXT(2) 
PARAMETRIC_REPRESENTATION_CONTEXT() REPRESENTATION_CONTEXT('2D SPACE',''
  ) );
#13162 = ORIENTED_EDGE('',*,*,#13163,.T.);
#13163 = EDGE_CURVE('',#13136,#13164,#13166,.T.);
#13164 = VERTEX_POINT('',#13165);
#13165 = CARTESIAN_POINT('',(-1.125,1.75,0.2));
#13166 = SURFACE_CURVE('',#13167,(#13171,#13178),.PCURVE_S1.);
#13167 = LINE('',#13168,#13169);
#13168 = CARTESIAN_POINT('',(-1.125,1.75,0.));
#13169 = VECTOR('',#13170,1.);
#13170 = DIRECTION('',(0.,0.,1.));
#13171 = PCURVE('',#13111,#13172);
#13172 = DEFINITIONAL_REPRESENTATION('',(#13173),#13177);
#13173 = LINE('',#13174,#13175);
#13174 = CARTESIAN_POINT('',(0.,-0.4));
#13175 = VECTOR('',#13176,1.);
#13176 = DIRECTION('',(1.,0.));
#13177 = ( GEOMETRIC_REPRESENTATION_CONTEXT(2) 
PARAMETRIC_REPRESENTATION_CONTEXT() REPRESENTATION_CONTEXT('2D SPACE',''
  ) );
#13178 = PCURVE('',#13179,#13184);
#13179 = PLANE('',#13180);
#13180 = AXIS2_PLACEMENT_3D('',#13181,#13182,#13183);
#13181 = CARTESIAN_POINT('',(-1.125,1.75,0.));
#13182 = DIRECTION('',(-0.,1.,0.));
#13183 = DIRECTION('',(0.,0.,1.));
#13184 = DEFINITIONAL_REPRESENTATION('',(#13185),#13189);
#13185 = LINE('',#13186,#13187);
#13186 = CARTESIAN_POINT('',(0.,0.));
#13187 = VECTOR('',#13188,1.);
#13188 = DIRECTION('',(1.,0.));
#13189 = ( GEOMETRIC_REPRESENTATION_CONTEXT(2) 
PARAMETRIC_REPRESENTATION_CONTEXT() REPRESENTATION_CONTEXT('2D SPACE',''
  ) );
#13190 = ORIENTED_EDGE('',*,*,#13191,.F.);
#13191 = EDGE_CURVE('',#13103,#13164,#13192,.T.);
#13192 = SURFACE_CURVE('',#13193,(#13197,#13204),.PCURVE_S1.);
#13193 = LINE('',#13194,#13195);
#13194 = CARTESIAN_POINT('',(-1.125,1.35,0.2));
#13195 = VECTOR('',#13196,1.);
#13196 = DIRECTION('',(-0.,1.,0.));
#13197 = PCURVE('',#13111,#13198);
#13198 = DEFINITIONAL_REPRESENTATION('',(#13199),#13203);
#13199 = LINE('',#13200,#13201);
#13200 = CARTESIAN_POINT('',(0.2,0.));
#13201 = VECTOR('',#13202,1.);
#13202 = DIRECTION('',(0.,-1.));
#13203 = ( GEOMETRIC_REPRESENTATION_CONTEXT(2) 
PARAMETRIC_REPRESENTATION_CONTEXT() REPRESENTATION_CONTEXT('2D SPACE',''
  ) );
#13204 = PCURVE('',#13205,#13210);
#13205 = PLANE('',#13206);
#13206 = AXIS2_PLACEMENT_3D('',#13207,#13208,#13209);
#13207 = CARTESIAN_POINT('',(-1.125,1.35,0.2));
#13208 = DIRECTION('',(0.,0.,1.));
#13209 = DIRECTION('',(1.,0.,-0.));
#13210 = DEFINITIONAL_REPRESENTATION('',(#13211),#13215);
#13211 = LINE('',#13212,#13213);
#13212 = CARTESIAN_POINT('',(0.,0.));
#13213 = VECTOR('',#13214,1.);
#13214 = DIRECTION('',(0.,1.));
#13215 = ( GEOMETRIC_REPRESENTATION_CONTEXT(2) 
PARAMETRIC_REPRESENTATION_CONTEXT() REPRESENTATION_CONTEXT('2D SPACE',''
  ) );
#13216 = ADVANCED_FACE('',(#13217),#13231,.T.);
#13217 = FACE_BOUND('',#13218,.T.);
#13218 = EDGE_LOOP('',(#13219,#13249,#13272,#13295));
#13219 = ORIENTED_EDGE('',*,*,#13220,.F.);
#13220 = EDGE_CURVE('',#13221,#13223,#13225,.T.);
#13221 = VERTEX_POINT('',#13222);
#13222 = CARTESIAN_POINT('',(-0.875,1.35,0.));
#13223 = VERTEX_POINT('',#13224);
#13224 = CARTESIAN_POINT('',(-0.875,1.35,0.2));
#13225 = SURFACE_CURVE('',#13226,(#13230,#13242),.PCURVE_S1.);
#13226 = LINE('',#13227,#13228);
#13227 = CARTESIAN_POINT('',(-0.875,1.35,0.));
#13228 = VECTOR('',#13229,1.);
#13229 = DIRECTION('',(0.,0.,1.));
#13230 = PCURVE('',#13231,#13236);
#13231 = PLANE('',#13232);
#13232 = AXIS2_PLACEMENT_3D('',#13233,#13234,#13235);
#13233 = CARTESIAN_POINT('',(-0.875,1.35,0.));
#13234 = DIRECTION('',(1.,0.,-0.));
#13235 = DIRECTION('',(0.,0.,1.));
#13236 = DEFINITIONAL_REPRESENTATION('',(#13237),#13241);
#13237 = LINE('',#13238,#13239);
#13238 = CARTESIAN_POINT('',(0.,0.));
#13239 = VECTOR('',#13240,1.);
#13240 = DIRECTION('',(1.,0.));
#13241 = ( GEOMETRIC_REPRESENTATION_CONTEXT(2) 
PARAMETRIC_REPRESENTATION_CONTEXT() REPRESENTATION_CONTEXT('2D SPACE',''
  ) );
#13242 = PCURVE('',#13123,#13243);
#13243 = DEFINITIONAL_REPRESENTATION('',(#13244),#13248);
#13244 = LINE('',#13245,#13246);
#13245 = CARTESIAN_POINT('',(0.,0.25));
#13246 = VECTOR('',#13247,1.);
#13247 = DIRECTION('',(1.,0.));
#13248 = ( GEOMETRIC_REPRESENTATION_CONTEXT(2) 
PARAMETRIC_REPRESENTATION_CONTEXT() REPRESENTATION_CONTEXT('2D SPACE',''
  ) );
#13249 = ORIENTED_EDGE('',*,*,#13250,.T.);
#13250 = EDGE_CURVE('',#13221,#13251,#13253,.T.);
#13251 = VERTEX_POINT('',#13252);
#13252 = CARTESIAN_POINT('',(-0.875,1.75,0.));
#13253 = SURFACE_CURVE('',#13254,(#13258,#13265),.PCURVE_S1.);
#13254 = LINE('',#13255,#13256);
#13255 = CARTESIAN_POINT('',(-0.875,1.35,0.));
#13256 = VECTOR('',#13257,1.);
#13257 = DIRECTION('',(-0.,1.,0.));
#13258 = PCURVE('',#13231,#13259);
#13259 = DEFINITIONAL_REPRESENTATION('',(#13260),#13264);
#13260 = LINE('',#13261,#13262);
#13261 = CARTESIAN_POINT('',(0.,0.));
#13262 = VECTOR('',#13263,1.);
#13263 = DIRECTION('',(0.,-1.));
#13264 = ( GEOMETRIC_REPRESENTATION_CONTEXT(2) 
PARAMETRIC_REPRESENTATION_CONTEXT() REPRESENTATION_CONTEXT('2D SPACE',''
  ) );
#13265 = PCURVE('',#13151,#13266);
#13266 = DEFINITIONAL_REPRESENTATION('',(#13267),#13271);
#13267 = LINE('',#13268,#13269);
#13268 = CARTESIAN_POINT('',(0.25,0.));
#13269 = VECTOR('',#13270,1.);
#13270 = DIRECTION('',(0.,1.));
#13271 = ( GEOMETRIC_REPRESENTATION_CONTEXT(2) 
PARAMETRIC_REPRESENTATION_CONTEXT() REPRESENTATION_CONTEXT('2D SPACE',''
  ) );
#13272 = ORIENTED_EDGE('',*,*,#13273,.T.);
#13273 = EDGE_CURVE('',#13251,#13274,#13276,.T.);
#13274 = VERTEX_POINT('',#13275);
#13275 = CARTESIAN_POINT('',(-0.875,1.75,0.2));
#13276 = SURFACE_CURVE('',#13277,(#13281,#13288),.PCURVE_S1.);
#13277 = LINE('',#13278,#13279);
#13278 = CARTESIAN_POINT('',(-0.875,1.75,0.));
#13279 = VECTOR('',#13280,1.);
#13280 = DIRECTION('',(0.,0.,1.));
#13281 = PCURVE('',#13231,#13282);
#13282 = DEFINITIONAL_REPRESENTATION('',(#13283),#13287);
#13283 = LINE('',#13284,#13285);
#13284 = CARTESIAN_POINT('',(0.,-0.4));
#13285 = VECTOR('',#13286,1.);
#13286 = DIRECTION('',(1.,0.));
#13287 = ( GEOMETRIC_REPRESENTATION_CONTEXT(2) 
PARAMETRIC_REPRESENTATION_CONTEXT() REPRESENTATION_CONTEXT('2D SPACE',''
  ) );
#13288 = PCURVE('',#13179,#13289);
#13289 = DEFINITIONAL_REPRESENTATION('',(#13290),#13294);
#13290 = LINE('',#13291,#13292);
#13291 = CARTESIAN_POINT('',(0.,0.25));
#13292 = VECTOR('',#13293,1.);
#13293 = DIRECTION('',(1.,0.));
#13294 = ( GEOMETRIC_REPRESENTATION_CONTEXT(2) 
PARAMETRIC_REPRESENTATION_CONTEXT() REPRESENTATION_CONTEXT('2D SPACE',''
  ) );
#13295 = ORIENTED_EDGE('',*,*,#13296,.F.);
#13296 = EDGE_CURVE('',#13223,#13274,#13297,.T.);
#13297 = SURFACE_CURVE('',#13298,(#13302,#13309),.PCURVE_S1.);
#13298 = LINE('',#13299,#13300);
#13299 = CARTESIAN_POINT('',(-0.875,1.35,0.2));
#13300 = VECTOR('',#13301,1.);
#13301 = DIRECTION('',(-0.,1.,0.));
#13302 = PCURVE('',#13231,#13303);
#13303 = DEFINITIONAL_REPRESENTATION('',(#13304),#13308);
#13304 = LINE('',#13305,#13306);
#13305 = CARTESIAN_POINT('',(0.2,0.));
#13306 = VECTOR('',#13307,1.);
#13307 = DIRECTION('',(0.,-1.));
#13308 = ( GEOMETRIC_REPRESENTATION_CONTEXT(2) 
PARAMETRIC_REPRESENTATION_CONTEXT() REPRESENTATION_CONTEXT('2D SPACE',''
  ) );
#13309 = PCURVE('',#13205,#13310);
#13310 = DEFINITIONAL_REPRESENTATION('',(#13311),#13315);
#13311 = LINE('',#13312,#13313);
#13312 = CARTESIAN_POINT('',(0.25,0.));
#13313 = VECTOR('',#13314,1.);
#13314 = DIRECTION('',(0.,1.));
#13315 = ( GEOMETRIC_REPRESENTATION_CONTEXT(2) 
PARAMETRIC_REPRESENTATION_CONTEXT() REPRESENTATION_CONTEXT('2D SPACE',''
  ) );
#13316 = ADVANCED_FACE('',(#13317),#13123,.F.);
#13317 = FACE_BOUND('',#13318,.F.);
#13318 = EDGE_LOOP('',(#13319,#13340,#13341,#13362));
#13319 = ORIENTED_EDGE('',*,*,#13320,.F.);
#13320 = EDGE_CURVE('',#13101,#13221,#13321,.T.);
#13321 = SURFACE_CURVE('',#13322,(#13326,#13333),.PCURVE_S1.);
#13322 = LINE('',#13323,#13324);
#13323 = CARTESIAN_POINT('',(-1.125,1.35,0.));
#13324 = VECTOR('',#13325,1.);
#13325 = DIRECTION('',(1.,0.,-0.));
#13326 = PCURVE('',#13123,#13327);
#13327 = DEFINITIONAL_REPRESENTATION('',(#13328),#13332);
#13328 = LINE('',#13329,#13330);
#13329 = CARTESIAN_POINT('',(0.,0.));
#13330 = VECTOR('',#13331,1.);
#13331 = DIRECTION('',(0.,1.));
#13332 = ( GEOMETRIC_REPRESENTATION_CONTEXT(2) 
PARAMETRIC_REPRESENTATION_CONTEXT() REPRESENTATION_CONTEXT('2D SPACE',''
  ) );
#13333 = PCURVE('',#13151,#13334);
#13334 = DEFINITIONAL_REPRESENTATION('',(#13335),#13339);
#13335 = LINE('',#13336,#13337);
#13336 = CARTESIAN_POINT('',(0.,0.));
#13337 = VECTOR('',#13338,1.);
#13338 = DIRECTION('',(1.,0.));
#13339 = ( GEOMETRIC_REPRESENTATION_CONTEXT(2) 
PARAMETRIC_REPRESENTATION_CONTEXT() REPRESENTATION_CONTEXT('2D SPACE',''
  ) );
#13340 = ORIENTED_EDGE('',*,*,#13100,.T.);
#13341 = ORIENTED_EDGE('',*,*,#13342,.T.);
#13342 = EDGE_CURVE('',#13103,#13223,#13343,.T.);
#13343 = SURFACE_CURVE('',#13344,(#13348,#13355),.PCURVE_S1.);
#13344 = LINE('',#13345,#13346);
#13345 = CARTESIAN_POINT('',(-1.125,1.35,0.2));
#13346 = VECTOR('',#13347,1.);
#13347 = DIRECTION('',(1.,0.,-0.));
#13348 = PCURVE('',#13123,#13349);
#13349 = DEFINITIONAL_REPRESENTATION('',(#13350),#13354);
#13350 = LINE('',#13351,#13352);
#13351 = CARTESIAN_POINT('',(0.2,0.));
#13352 = VECTOR('',#13353,1.);
#13353 = DIRECTION('',(0.,1.));
#13354 = ( GEOMETRIC_REPRESENTATION_CONTEXT(2) 
PARAMETRIC_REPRESENTATION_CONTEXT() REPRESENTATION_CONTEXT('2D SPACE',''
  ) );
#13355 = PCURVE('',#13205,#13356);
#13356 = DEFINITIONAL_REPRESENTATION('',(#13357),#13361);
#13357 = LINE('',#13358,#13359);
#13358 = CARTESIAN_POINT('',(0.,0.));
#13359 = VECTOR('',#13360,1.);
#13360 = DIRECTION('',(1.,0.));
#13361 = ( GEOMETRIC_REPRESENTATION_CONTEXT(2) 
PARAMETRIC_REPRESENTATION_CONTEXT() REPRESENTATION_CONTEXT('2D SPACE',''
  ) );
#13362 = ORIENTED_EDGE('',*,*,#13220,.F.);
#13363 = ADVANCED_FACE('',(#13364),#13179,.T.);
#13364 = FACE_BOUND('',#13365,.T.);
#13365 = EDGE_LOOP('',(#13366,#13387,#13388,#13409));
#13366 = ORIENTED_EDGE('',*,*,#13367,.F.);
#13367 = EDGE_CURVE('',#13136,#13251,#13368,.T.);
#13368 = SURFACE_CURVE('',#13369,(#13373,#13380),.PCURVE_S1.);
#13369 = LINE('',#13370,#13371);
#13370 = CARTESIAN_POINT('',(-1.125,1.75,0.));
#13371 = VECTOR('',#13372,1.);
#13372 = DIRECTION('',(1.,0.,-0.));
#13373 = PCURVE('',#13179,#13374);
#13374 = DEFINITIONAL_REPRESENTATION('',(#13375),#13379);
#13375 = LINE('',#13376,#13377);
#13376 = CARTESIAN_POINT('',(0.,0.));
#13377 = VECTOR('',#13378,1.);
#13378 = DIRECTION('',(0.,1.));
#13379 = ( GEOMETRIC_REPRESENTATION_CONTEXT(2) 
PARAMETRIC_REPRESENTATION_CONTEXT() REPRESENTATION_CONTEXT('2D SPACE',''
  ) );
#13380 = PCURVE('',#13151,#13381);
#13381 = DEFINITIONAL_REPRESENTATION('',(#13382),#13386);
#13382 = LINE('',#13383,#13384);
#13383 = CARTESIAN_POINT('',(0.,0.4));
#13384 = VECTOR('',#13385,1.);
#13385 = DIRECTION('',(1.,0.));
#13386 = ( GEOMETRIC_REPRESENTATION_CONTEXT(2) 
PARAMETRIC_REPRESENTATION_CONTEXT() REPRESENTATION_CONTEXT('2D SPACE',''
  ) );
#13387 = ORIENTED_EDGE('',*,*,#13163,.T.);
#13388 = ORIENTED_EDGE('',*,*,#13389,.T.);
#13389 = EDGE_CURVE('',#13164,#13274,#13390,.T.);
#13390 = SURFACE_CURVE('',#13391,(#13395,#13402),.PCURVE_S1.);
#13391 = LINE('',#13392,#13393);
#13392 = CARTESIAN_POINT('',(-1.125,1.75,0.2));
#13393 = VECTOR('',#13394,1.);
#13394 = DIRECTION('',(1.,0.,-0.));
#13395 = PCURVE('',#13179,#13396);
#13396 = DEFINITIONAL_REPRESENTATION('',(#13397),#13401);
#13397 = LINE('',#13398,#13399);
#13398 = CARTESIAN_POINT('',(0.2,0.));
#13399 = VECTOR('',#13400,1.);
#13400 = DIRECTION('',(0.,1.));
#13401 = ( GEOMETRIC_REPRESENTATION_CONTEXT(2) 
PARAMETRIC_REPRESENTATION_CONTEXT() REPRESENTATION_CONTEXT('2D SPACE',''
  ) );
#13402 = PCURVE('',#13205,#13403);
#13403 = DEFINITIONAL_REPRESENTATION('',(#13404),#13408);
#13404 = LINE('',#13405,#13406);
#13405 = CARTESIAN_POINT('',(0.,0.4));
#13406 = VECTOR('',#13407,1.);
#13407 = DIRECTION('',(1.,0.));
#13408 = ( GEOMETRIC_REPRESENTATION_CONTEXT(2) 
PARAMETRIC_REPRESENTATION_CONTEXT() REPRESENTATION_CONTEXT('2D SPACE',''
  ) );
#13409 = ORIENTED_EDGE('',*,*,#13273,.F.);
#13410 = ADVANCED_FACE('',(#13411),#13151,.F.);
#13411 = FACE_BOUND('',#13412,.F.);
#13412 = EDGE_LOOP('',(#13413,#13414,#13415,#13416));
#13413 = ORIENTED_EDGE('',*,*,#13135,.F.);
#13414 = ORIENTED_EDGE('',*,*,#13320,.T.);
#13415 = ORIENTED_EDGE('',*,*,#13250,.T.);
#13416 = ORIENTED_EDGE('',*,*,#13367,.F.);
#13417 = ADVANCED_FACE('',(#13418),#13205,.T.);
#13418 = FACE_BOUND('',#13419,.T.);
#13419 = EDGE_LOOP('',(#13420,#13421,#13422,#13423));
#13420 = ORIENTED_EDGE('',*,*,#13191,.F.);
#13421 = ORIENTED_EDGE('',*,*,#13342,.T.);
#13422 = ORIENTED_EDGE('',*,*,#13296,.T.);
#13423 = ORIENTED_EDGE('',*,*,#13389,.F.);
#13424 = MANIFOLD_SOLID_BREP('',#13425);
#13425 = CLOSED_SHELL('',(#13426,#13546,#13646,#13693,#13740,#13747));
#13426 = ADVANCED_FACE('',(#13427),#13441,.F.);
#13427 = FACE_BOUND('',#13428,.F.);
#13428 = EDGE_LOOP('',(#13429,#13464,#13492,#13520));
#13429 = ORIENTED_EDGE('',*,*,#13430,.F.);
#13430 = EDGE_CURVE('',#13431,#13433,#13435,.T.);
#13431 = VERTEX_POINT('',#13432);
#13432 = CARTESIAN_POINT('',(-1.025,-1.025,0.));
#13433 = VERTEX_POINT('',#13434);
#13434 = CARTESIAN_POINT('',(-1.025,-1.025,0.2));
#13435 = SURFACE_CURVE('',#13436,(#13440,#13452),.PCURVE_S1.);
#13436 = LINE('',#13437,#13438);
#13437 = CARTESIAN_POINT('',(-1.025,-1.025,0.));
#13438 = VECTOR('',#13439,1.);
#13439 = DIRECTION('',(0.,0.,1.));
#13440 = PCURVE('',#13441,#13446);
#13441 = PLANE('',#13442);
#13442 = AXIS2_PLACEMENT_3D('',#13443,#13444,#13445);
#13443 = CARTESIAN_POINT('',(-1.025,-1.025,0.));
#13444 = DIRECTION('',(1.,0.,-0.));
#13445 = DIRECTION('',(0.,0.,1.));
#13446 = DEFINITIONAL_REPRESENTATION('',(#13447),#13451);
#13447 = LINE('',#13448,#13449);
#13448 = CARTESIAN_POINT('',(0.,0.));
#13449 = VECTOR('',#13450,1.);
#13450 = DIRECTION('',(1.,0.));
#13451 = ( GEOMETRIC_REPRESENTATION_CONTEXT(2) 
PARAMETRIC_REPRESENTATION_CONTEXT() REPRESENTATION_CONTEXT('2D SPACE',''
  ) );
#13452 = PCURVE('',#13453,#13458);
#13453 = PLANE('',#13454);
#13454 = AXIS2_PLACEMENT_3D('',#13455,#13456,#13457);
#13455 = CARTESIAN_POINT('',(-1.025,-1.025,0.));
#13456 = DIRECTION('',(-0.,1.,0.));
#13457 = DIRECTION('',(0.,0.,1.));
#13458 = DEFINITIONAL_REPRESENTATION('',(#13459),#13463);
#13459 = LINE('',#13460,#13461);
#13460 = CARTESIAN_POINT('',(0.,0.));
#13461 = VECTOR('',#13462,1.);
#13462 = DIRECTION('',(1.,0.));
#13463 = ( GEOMETRIC_REPRESENTATION_CONTEXT(2) 
PARAMETRIC_REPRESENTATION_CONTEXT() REPRESENTATION_CONTEXT('2D SPACE',''
  ) );
#13464 = ORIENTED_EDGE('',*,*,#13465,.T.);
#13465 = EDGE_CURVE('',#13431,#13466,#13468,.T.);
#13466 = VERTEX_POINT('',#13467);
#13467 = CARTESIAN_POINT('',(-1.025,1.025,0.));
#13468 = SURFACE_CURVE('',#13469,(#13473,#13480),.PCURVE_S1.);
#13469 = LINE('',#13470,#13471);
#13470 = CARTESIAN_POINT('',(-1.025,-1.025,0.));
#13471 = VECTOR('',#13472,1.);
#13472 = DIRECTION('',(-0.,1.,0.));
#13473 = PCURVE('',#13441,#13474);
#13474 = DEFINITIONAL_REPRESENTATION('',(#13475),#13479);
#13475 = LINE('',#13476,#13477);
#13476 = CARTESIAN_POINT('',(0.,0.));
#13477 = VECTOR('',#13478,1.);
#13478 = DIRECTION('',(0.,-1.));
#13479 = ( GEOMETRIC_REPRESENTATION_CONTEXT(2) 
PARAMETRIC_REPRESENTATION_CONTEXT() REPRESENTATION_CONTEXT('2D SPACE',''
  ) );
#13480 = PCURVE('',#13481,#13486);
#13481 = PLANE('',#13482);
#13482 = AXIS2_PLACEMENT_3D('',#13483,#13484,#13485);
#13483 = CARTESIAN_POINT('',(-1.025,-1.025,0.));
#13484 = DIRECTION('',(0.,0.,1.));
#13485 = DIRECTION('',(1.,0.,-0.));
#13486 = DEFINITIONAL_REPRESENTATION('',(#13487),#13491);
#13487 = LINE('',#13488,#13489);
#13488 = CARTESIAN_POINT('',(0.,0.));
#13489 = VECTOR('',#13490,1.);
#13490 = DIRECTION('',(0.,1.));
#13491 = ( GEOMETRIC_REPRESENTATION_CONTEXT(2) 
PARAMETRIC_REPRESENTATION_CONTEXT() REPRESENTATION_CONTEXT('2D SPACE',''
  ) );
#13492 = ORIENTED_EDGE('',*,*,#13493,.T.);
#13493 = EDGE_CURVE('',#13466,#13494,#13496,.T.);
#13494 = VERTEX_POINT('',#13495);
#13495 = CARTESIAN_POINT('',(-1.025,1.025,0.2));
#13496 = SURFACE_CURVE('',#13497,(#13501,#13508),.PCURVE_S1.);
#13497 = LINE('',#13498,#13499);
#13498 = CARTESIAN_POINT('',(-1.025,1.025,0.));
#13499 = VECTOR('',#13500,1.);
#13500 = DIRECTION('',(0.,0.,1.));
#13501 = PCURVE('',#13441,#13502);
#13502 = DEFINITIONAL_REPRESENTATION('',(#13503),#13507);
#13503 = LINE('',#13504,#13505);
#13504 = CARTESIAN_POINT('',(0.,-2.05));
#13505 = VECTOR('',#13506,1.);
#13506 = DIRECTION('',(1.,0.));
#13507 = ( GEOMETRIC_REPRESENTATION_CONTEXT(2) 
PARAMETRIC_REPRESENTATION_CONTEXT() REPRESENTATION_CONTEXT('2D SPACE',''
  ) );
#13508 = PCURVE('',#13509,#13514);
#13509 = PLANE('',#13510);
#13510 = AXIS2_PLACEMENT_3D('',#13511,#13512,#13513);
#13511 = CARTESIAN_POINT('',(-1.025,1.025,0.));
#13512 = DIRECTION('',(-0.,1.,0.));
#13513 = DIRECTION('',(0.,0.,1.));
#13514 = DEFINITIONAL_REPRESENTATION('',(#13515),#13519);
#13515 = LINE('',#13516,#13517);
#13516 = CARTESIAN_POINT('',(0.,0.));
#13517 = VECTOR('',#13518,1.);
#13518 = DIRECTION('',(1.,0.));
#13519 = ( GEOMETRIC_REPRESENTATION_CONTEXT(2) 
PARAMETRIC_REPRESENTATION_CONTEXT() REPRESENTATION_CONTEXT('2D SPACE',''
  ) );
#13520 = ORIENTED_EDGE('',*,*,#13521,.F.);
#13521 = EDGE_CURVE('',#13433,#13494,#13522,.T.);
#13522 = SURFACE_CURVE('',#13523,(#13527,#13534),.PCURVE_S1.);
#13523 = LINE('',#13524,#13525);
#13524 = CARTESIAN_POINT('',(-1.025,-1.025,0.2));
#13525 = VECTOR('',#13526,1.);
#13526 = DIRECTION('',(-0.,1.,0.));
#13527 = PCURVE('',#13441,#13528);
#13528 = DEFINITIONAL_REPRESENTATION('',(#13529),#13533);
#13529 = LINE('',#13530,#13531);
#13530 = CARTESIAN_POINT('',(0.2,0.));
#13531 = VECTOR('',#13532,1.);
#13532 = DIRECTION('',(0.,-1.));
#13533 = ( GEOMETRIC_REPRESENTATION_CONTEXT(2) 
PARAMETRIC_REPRESENTATION_CONTEXT() REPRESENTATION_CONTEXT('2D SPACE',''
  ) );
#13534 = PCURVE('',#13535,#13540);
#13535 = PLANE('',#13536);
#13536 = AXIS2_PLACEMENT_3D('',#13537,#13538,#13539);
#13537 = CARTESIAN_POINT('',(-1.025,-1.025,0.2));
#13538 = DIRECTION('',(0.,0.,1.));
#13539 = DIRECTION('',(1.,0.,-0.));
#13540 = DEFINITIONAL_REPRESENTATION('',(#13541),#13545);
#13541 = LINE('',#13542,#13543);
#13542 = CARTESIAN_POINT('',(0.,0.));
#13543 = VECTOR('',#13544,1.);
#13544 = DIRECTION('',(0.,1.));
#13545 = ( GEOMETRIC_REPRESENTATION_CONTEXT(2) 
PARAMETRIC_REPRESENTATION_CONTEXT() REPRESENTATION_CONTEXT('2D SPACE',''
  ) );
#13546 = ADVANCED_FACE('',(#13547),#13561,.T.);
#13547 = FACE_BOUND('',#13548,.T.);
#13548 = EDGE_LOOP('',(#13549,#13579,#13602,#13625));
#13549 = ORIENTED_EDGE('',*,*,#13550,.F.);
#13550 = EDGE_CURVE('',#13551,#13553,#13555,.T.);
#13551 = VERTEX_POINT('',#13552);
#13552 = CARTESIAN_POINT('',(1.025,-1.025,0.));
#13553 = VERTEX_POINT('',#13554);
#13554 = CARTESIAN_POINT('',(1.025,-1.025,0.2));
#13555 = SURFACE_CURVE('',#13556,(#13560,#13572),.PCURVE_S1.);
#13556 = LINE('',#13557,#13558);
#13557 = CARTESIAN_POINT('',(1.025,-1.025,0.));
#13558 = VECTOR('',#13559,1.);
#13559 = DIRECTION('',(0.,0.,1.));
#13560 = PCURVE('',#13561,#13566);
#13561 = PLANE('',#13562);
#13562 = AXIS2_PLACEMENT_3D('',#13563,#13564,#13565);
#13563 = CARTESIAN_POINT('',(1.025,-1.025,0.));
#13564 = DIRECTION('',(1.,0.,-0.));
#13565 = DIRECTION('',(0.,0.,1.));
#13566 = DEFINITIONAL_REPRESENTATION('',(#13567),#13571);
#13567 = LINE('',#13568,#13569);
#13568 = CARTESIAN_POINT('',(0.,0.));
#13569 = VECTOR('',#13570,1.);
#13570 = DIRECTION('',(1.,0.));
#13571 = ( GEOMETRIC_REPRESENTATION_CONTEXT(2) 
PARAMETRIC_REPRESENTATION_CONTEXT() REPRESENTATION_CONTEXT('2D SPACE',''
  ) );
#13572 = PCURVE('',#13453,#13573);
#13573 = DEFINITIONAL_REPRESENTATION('',(#13574),#13578);
#13574 = LINE('',#13575,#13576);
#13575 = CARTESIAN_POINT('',(0.,2.05));
#13576 = VECTOR('',#13577,1.);
#13577 = DIRECTION('',(1.,0.));
#13578 = ( GEOMETRIC_REPRESENTATION_CONTEXT(2) 
PARAMETRIC_REPRESENTATION_CONTEXT() REPRESENTATION_CONTEXT('2D SPACE',''
  ) );
#13579 = ORIENTED_EDGE('',*,*,#13580,.T.);
#13580 = EDGE_CURVE('',#13551,#13581,#13583,.T.);
#13581 = VERTEX_POINT('',#13582);
#13582 = CARTESIAN_POINT('',(1.025,1.025,0.));
#13583 = SURFACE_CURVE('',#13584,(#13588,#13595),.PCURVE_S1.);
#13584 = LINE('',#13585,#13586);
#13585 = CARTESIAN_POINT('',(1.025,-1.025,0.));
#13586 = VECTOR('',#13587,1.);
#13587 = DIRECTION('',(-0.,1.,0.));
#13588 = PCURVE('',#13561,#13589);
#13589 = DEFINITIONAL_REPRESENTATION('',(#13590),#13594);
#13590 = LINE('',#13591,#13592);
#13591 = CARTESIAN_POINT('',(0.,0.));
#13592 = VECTOR('',#13593,1.);
#13593 = DIRECTION('',(0.,-1.));
#13594 = ( GEOMETRIC_REPRESENTATION_CONTEXT(2) 
PARAMETRIC_REPRESENTATION_CONTEXT() REPRESENTATION_CONTEXT('2D SPACE',''
  ) );
#13595 = PCURVE('',#13481,#13596);
#13596 = DEFINITIONAL_REPRESENTATION('',(#13597),#13601);
#13597 = LINE('',#13598,#13599);
#13598 = CARTESIAN_POINT('',(2.05,0.));
#13599 = VECTOR('',#13600,1.);
#13600 = DIRECTION('',(0.,1.));
#13601 = ( GEOMETRIC_REPRESENTATION_CONTEXT(2) 
PARAMETRIC_REPRESENTATION_CONTEXT() REPRESENTATION_CONTEXT('2D SPACE',''
  ) );
#13602 = ORIENTED_EDGE('',*,*,#13603,.T.);
#13603 = EDGE_CURVE('',#13581,#13604,#13606,.T.);
#13604 = VERTEX_POINT('',#13605);
#13605 = CARTESIAN_POINT('',(1.025,1.025,0.2));
#13606 = SURFACE_CURVE('',#13607,(#13611,#13618),.PCURVE_S1.);
#13607 = LINE('',#13608,#13609);
#13608 = CARTESIAN_POINT('',(1.025,1.025,0.));
#13609 = VECTOR('',#13610,1.);
#13610 = DIRECTION('',(0.,0.,1.));
#13611 = PCURVE('',#13561,#13612);
#13612 = DEFINITIONAL_REPRESENTATION('',(#13613),#13617);
#13613 = LINE('',#13614,#13615);
#13614 = CARTESIAN_POINT('',(0.,-2.05));
#13615 = VECTOR('',#13616,1.);
#13616 = DIRECTION('',(1.,0.));
#13617 = ( GEOMETRIC_REPRESENTATION_CONTEXT(2) 
PARAMETRIC_REPRESENTATION_CONTEXT() REPRESENTATION_CONTEXT('2D SPACE',''
  ) );
#13618 = PCURVE('',#13509,#13619);
#13619 = DEFINITIONAL_REPRESENTATION('',(#13620),#13624);
#13620 = LINE('',#13621,#13622);
#13621 = CARTESIAN_POINT('',(0.,2.05));
#13622 = VECTOR('',#13623,1.);
#13623 = DIRECTION('',(1.,0.));
#13624 = ( GEOMETRIC_REPRESENTATION_CONTEXT(2) 
PARAMETRIC_REPRESENTATION_CONTEXT() REPRESENTATION_CONTEXT('2D SPACE',''
  ) );
#13625 = ORIENTED_EDGE('',*,*,#13626,.F.);
#13626 = EDGE_CURVE('',#13553,#13604,#13627,.T.);
#13627 = SURFACE_CURVE('',#13628,(#13632,#13639),.PCURVE_S1.);
#13628 = LINE('',#13629,#13630);
#13629 = CARTESIAN_POINT('',(1.025,-1.025,0.2));
#13630 = VECTOR('',#13631,1.);
#13631 = DIRECTION('',(-0.,1.,0.));
#13632 = PCURVE('',#13561,#13633);
#13633 = DEFINITIONAL_REPRESENTATION('',(#13634),#13638);
#13634 = LINE('',#13635,#13636);
#13635 = CARTESIAN_POINT('',(0.2,0.));
#13636 = VECTOR('',#13637,1.);
#13637 = DIRECTION('',(0.,-1.));
#13638 = ( GEOMETRIC_REPRESENTATION_CONTEXT(2) 
PARAMETRIC_REPRESENTATION_CONTEXT() REPRESENTATION_CONTEXT('2D SPACE',''
  ) );
#13639 = PCURVE('',#13535,#13640);
#13640 = DEFINITIONAL_REPRESENTATION('',(#13641),#13645);
#13641 = LINE('',#13642,#13643);
#13642 = CARTESIAN_POINT('',(2.05,0.));
#13643 = VECTOR('',#13644,1.);
#13644 = DIRECTION('',(0.,1.));
#13645 = ( GEOMETRIC_REPRESENTATION_CONTEXT(2) 
PARAMETRIC_REPRESENTATION_CONTEXT() REPRESENTATION_CONTEXT('2D SPACE',''
  ) );
#13646 = ADVANCED_FACE('',(#13647),#13453,.F.);
#13647 = FACE_BOUND('',#13648,.F.);
#13648 = EDGE_LOOP('',(#13649,#13670,#13671,#13692));
#13649 = ORIENTED_EDGE('',*,*,#13650,.F.);
#13650 = EDGE_CURVE('',#13431,#13551,#13651,.T.);
#13651 = SURFACE_CURVE('',#13652,(#13656,#13663),.PCURVE_S1.);
#13652 = LINE('',#13653,#13654);
#13653 = CARTESIAN_POINT('',(-1.025,-1.025,0.));
#13654 = VECTOR('',#13655,1.);
#13655 = DIRECTION('',(1.,0.,-0.));
#13656 = PCURVE('',#13453,#13657);
#13657 = DEFINITIONAL_REPRESENTATION('',(#13658),#13662);
#13658 = LINE('',#13659,#13660);
#13659 = CARTESIAN_POINT('',(0.,0.));
#13660 = VECTOR('',#13661,1.);
#13661 = DIRECTION('',(0.,1.));
#13662 = ( GEOMETRIC_REPRESENTATION_CONTEXT(2) 
PARAMETRIC_REPRESENTATION_CONTEXT() REPRESENTATION_CONTEXT('2D SPACE',''
  ) );
#13663 = PCURVE('',#13481,#13664);
#13664 = DEFINITIONAL_REPRESENTATION('',(#13665),#13669);
#13665 = LINE('',#13666,#13667);
#13666 = CARTESIAN_POINT('',(0.,0.));
#13667 = VECTOR('',#13668,1.);
#13668 = DIRECTION('',(1.,0.));
#13669 = ( GEOMETRIC_REPRESENTATION_CONTEXT(2) 
PARAMETRIC_REPRESENTATION_CONTEXT() REPRESENTATION_CONTEXT('2D SPACE',''
  ) );
#13670 = ORIENTED_EDGE('',*,*,#13430,.T.);
#13671 = ORIENTED_EDGE('',*,*,#13672,.T.);
#13672 = EDGE_CURVE('',#13433,#13553,#13673,.T.);
#13673 = SURFACE_CURVE('',#13674,(#13678,#13685),.PCURVE_S1.);
#13674 = LINE('',#13675,#13676);
#13675 = CARTESIAN_POINT('',(-1.025,-1.025,0.2));
#13676 = VECTOR('',#13677,1.);
#13677 = DIRECTION('',(1.,0.,-0.));
#13678 = PCURVE('',#13453,#13679);
#13679 = DEFINITIONAL_REPRESENTATION('',(#13680),#13684);
#13680 = LINE('',#13681,#13682);
#13681 = CARTESIAN_POINT('',(0.2,0.));
#13682 = VECTOR('',#13683,1.);
#13683 = DIRECTION('',(0.,1.));
#13684 = ( GEOMETRIC_REPRESENTATION_CONTEXT(2) 
PARAMETRIC_REPRESENTATION_CONTEXT() REPRESENTATION_CONTEXT('2D SPACE',''
  ) );
#13685 = PCURVE('',#13535,#13686);
#13686 = DEFINITIONAL_REPRESENTATION('',(#13687),#13691);
#13687 = LINE('',#13688,#13689);
#13688 = CARTESIAN_POINT('',(0.,0.));
#13689 = VECTOR('',#13690,1.);
#13690 = DIRECTION('',(1.,0.));
#13691 = ( GEOMETRIC_REPRESENTATION_CONTEXT(2) 
PARAMETRIC_REPRESENTATION_CONTEXT() REPRESENTATION_CONTEXT('2D SPACE',''
  ) );
#13692 = ORIENTED_EDGE('',*,*,#13550,.F.);
#13693 = ADVANCED_FACE('',(#13694),#13509,.T.);
#13694 = FACE_BOUND('',#13695,.T.);
#13695 = EDGE_LOOP('',(#13696,#13717,#13718,#13739));
#13696 = ORIENTED_EDGE('',*,*,#13697,.F.);
#13697 = EDGE_CURVE('',#13466,#13581,#13698,.T.);
#13698 = SURFACE_CURVE('',#13699,(#13703,#13710),.PCURVE_S1.);
#13699 = LINE('',#13700,#13701);
#13700 = CARTESIAN_POINT('',(-1.025,1.025,0.));
#13701 = VECTOR('',#13702,1.);
#13702 = DIRECTION('',(1.,0.,-0.));
#13703 = PCURVE('',#13509,#13704);
#13704 = DEFINITIONAL_REPRESENTATION('',(#13705),#13709);
#13705 = LINE('',#13706,#13707);
#13706 = CARTESIAN_POINT('',(0.,0.));
#13707 = VECTOR('',#13708,1.);
#13708 = DIRECTION('',(0.,1.));
#13709 = ( GEOMETRIC_REPRESENTATION_CONTEXT(2) 
PARAMETRIC_REPRESENTATION_CONTEXT() REPRESENTATION_CONTEXT('2D SPACE',''
  ) );
#13710 = PCURVE('',#13481,#13711);
#13711 = DEFINITIONAL_REPRESENTATION('',(#13712),#13716);
#13712 = LINE('',#13713,#13714);
#13713 = CARTESIAN_POINT('',(0.,2.05));
#13714 = VECTOR('',#13715,1.);
#13715 = DIRECTION('',(1.,0.));
#13716 = ( GEOMETRIC_REPRESENTATION_CONTEXT(2) 
PARAMETRIC_REPRESENTATION_CONTEXT() REPRESENTATION_CONTEXT('2D SPACE',''
  ) );
#13717 = ORIENTED_EDGE('',*,*,#13493,.T.);
#13718 = ORIENTED_EDGE('',*,*,#13719,.T.);
#13719 = EDGE_CURVE('',#13494,#13604,#13720,.T.);
#13720 = SURFACE_CURVE('',#13721,(#13725,#13732),.PCURVE_S1.);
#13721 = LINE('',#13722,#13723);
#13722 = CARTESIAN_POINT('',(-1.025,1.025,0.2));
#13723 = VECTOR('',#13724,1.);
#13724 = DIRECTION('',(1.,0.,-0.));
#13725 = PCURVE('',#13509,#13726);
#13726 = DEFINITIONAL_REPRESENTATION('',(#13727),#13731);
#13727 = LINE('',#13728,#13729);
#13728 = CARTESIAN_POINT('',(0.2,0.));
#13729 = VECTOR('',#13730,1.);
#13730 = DIRECTION('',(0.,1.));
#13731 = ( GEOMETRIC_REPRESENTATION_CONTEXT(2) 
PARAMETRIC_REPRESENTATION_CONTEXT() REPRESENTATION_CONTEXT('2D SPACE',''
  ) );
#13732 = PCURVE('',#13535,#13733);
#13733 = DEFINITIONAL_REPRESENTATION('',(#13734),#13738);
#13734 = LINE('',#13735,#13736);
#13735 = CARTESIAN_POINT('',(0.,2.05));
#13736 = VECTOR('',#13737,1.);
#13737 = DIRECTION('',(1.,0.));
#13738 = ( GEOMETRIC_REPRESENTATION_CONTEXT(2) 
PARAMETRIC_REPRESENTATION_CONTEXT() REPRESENTATION_CONTEXT('2D SPACE',''
  ) );
#13739 = ORIENTED_EDGE('',*,*,#13603,.F.);
#13740 = ADVANCED_FACE('',(#13741),#13481,.F.);
#13741 = FACE_BOUND('',#13742,.F.);
#13742 = EDGE_LOOP('',(#13743,#13744,#13745,#13746));
#13743 = ORIENTED_EDGE('',*,*,#13465,.F.);
#13744 = ORIENTED_EDGE('',*,*,#13650,.T.);
#13745 = ORIENTED_EDGE('',*,*,#13580,.T.);
#13746 = ORIENTED_EDGE('',*,*,#13697,.F.);
#13747 = ADVANCED_FACE('',(#13748),#13535,.T.);
#13748 = FACE_BOUND('',#13749,.T.);
#13749 = EDGE_LOOP('',(#13750,#13751,#13752,#13753));
#13750 = ORIENTED_EDGE('',*,*,#13521,.F.);
#13751 = ORIENTED_EDGE('',*,*,#13672,.T.);
#13752 = ORIENTED_EDGE('',*,*,#13626,.T.);
#13753 = ORIENTED_EDGE('',*,*,#13719,.F.);
#13754 = ( GEOMETRIC_REPRESENTATION_CONTEXT(3) 
GLOBAL_UNCERTAINTY_ASSIGNED_CONTEXT((#13758)) 
GLOBAL_UNIT_ASSIGNED_CONTEXT((#13755,#13756,#13757)) 
REPRESENTATION_CONTEXT('Context #1',
  '3D Context with UNIT and UNCERTAINTY') );
#13755 = ( LENGTH_UNIT() NAMED_UNIT(*) SI_UNIT(.MILLI.,.METRE.) );
#13756 = ( NAMED_UNIT(*) PLANE_ANGLE_UNIT() SI_UNIT($,.RADIAN.) );
#13757 = ( NAMED_UNIT(*) SI_UNIT($,.STERADIAN.) SOLID_ANGLE_UNIT() );
#13758 = UNCERTAINTY_MEASURE_WITH_UNIT(LENGTH_MEASURE(1.E-07),#13755,
  'distance_accuracy_value','confusion accuracy');
#13759 = CONTEXT_DEPENDENT_SHAPE_REPRESENTATION(#13760,#13762);
#13760 = ( REPRESENTATION_RELATIONSHIP('','',#6823,#10) 
REPRESENTATION_RELATIONSHIP_WITH_TRANSFORMATION(#13761) 
SHAPE_REPRESENTATION_RELATIONSHIP() );
#13761 = ITEM_DEFINED_TRANSFORMATION('','',#11,#19);
#13762 = PRODUCT_DEFINITION_SHAPE('Placement','Placement of an item',
  #13763);
#13763 = NEXT_ASSEMBLY_USAGE_OCCURRENCE('2','pins','',#5,#6818,$);
#13764 = PRODUCT_RELATED_PRODUCT_CATEGORY('part',$,(#6820));
#13765 = SHAPE_DEFINITION_REPRESENTATION(#13766,#13772);
#13766 = PRODUCT_DEFINITION_SHAPE('','',#13767);
#13767 = PRODUCT_DEFINITION('design','',#13768,#13771);
#13768 = PRODUCT_DEFINITION_FORMATION('','',#13769);
#13769 = PRODUCT('pin1','pin1','',(#13770));
#13770 = PRODUCT_CONTEXT('',#2,'mechanical');
#13771 = PRODUCT_DEFINITION_CONTEXT('part definition',#2,'design');
#13772 = ADVANCED_BREP_SHAPE_REPRESENTATION('',(#11,#13773),#13871);
#13773 = MANIFOLD_SOLID_BREP('',#13774);
#13774 = CLOSED_SHELL('',(#13775,#13863,#13867));
#13775 = ADVANCED_FACE('',(#13776),#13789,.T.);
#13776 = FACE_BOUND('',#13777,.T.);
#13777 = EDGE_LOOP('',(#13778,#13812,#13835,#13862));
#13778 = ORIENTED_EDGE('',*,*,#13779,.F.);
#13779 = EDGE_CURVE('',#13780,#13780,#13782,.T.);
#13780 = VERTEX_POINT('',#13781);
#13781 = CARTESIAN_POINT('',(0.15,-3.673940397442E-17,1.E-02));
#13782 = SURFACE_CURVE('',#13783,(#13788,#13800),.PCURVE_S1.);
#13783 = CIRCLE('',#13784,0.15);
#13784 = AXIS2_PLACEMENT_3D('',#13785,#13786,#13787);
#13785 = CARTESIAN_POINT('',(0.,0.,1.E-02));
#13786 = DIRECTION('',(0.,0.,1.));
#13787 = DIRECTION('',(1.,0.,-0.));
#13788 = PCURVE('',#13789,#13794);
#13789 = CYLINDRICAL_SURFACE('',#13790,0.15);
#13790 = AXIS2_PLACEMENT_3D('',#13791,#13792,#13793);
#13791 = CARTESIAN_POINT('',(0.,0.,-1.E-02));
#13792 = DIRECTION('',(0.,0.,1.));
#13793 = DIRECTION('',(1.,0.,-0.));
#13794 = DEFINITIONAL_REPRESENTATION('',(#13795),#13799);
#13795 = LINE('',#13796,#13797);
#13796 = CARTESIAN_POINT('',(0.,2.E-02));
#13797 = VECTOR('',#13798,1.);
#13798 = DIRECTION('',(1.,0.));
#13799 = ( GEOMETRIC_REPRESENTATION_CONTEXT(2) 
PARAMETRIC_REPRESENTATION_CONTEXT() REPRESENTATION_CONTEXT('2D SPACE',''
  ) );
#13800 = PCURVE('',#13801,#13806);
#13801 = PLANE('',#13802);
#13802 = AXIS2_PLACEMENT_3D('',#13803,#13804,#13805);
#13803 = CARTESIAN_POINT('',(0.,0.,1.E-02));
#13804 = DIRECTION('',(0.,0.,1.));
#13805 = DIRECTION('',(1.,0.,-0.));
#13806 = DEFINITIONAL_REPRESENTATION('',(#13807),#13811);
#13807 = CIRCLE('',#13808,0.15);
#13808 = AXIS2_PLACEMENT_2D('',#13809,#13810);
#13809 = CARTESIAN_POINT('',(0.,0.));
#13810 = DIRECTION('',(1.,0.));
#13811 = ( GEOMETRIC_REPRESENTATION_CONTEXT(2) 
PARAMETRIC_REPRESENTATION_CONTEXT() REPRESENTATION_CONTEXT('2D SPACE',''
  ) );
#13812 = ORIENTED_EDGE('',*,*,#13813,.F.);
#13813 = EDGE_CURVE('',#13814,#13780,#13816,.T.);
#13814 = VERTEX_POINT('',#13815);
#13815 = CARTESIAN_POINT('',(0.15,-3.673940397442E-17,-1.E-02));
#13816 = SEAM_CURVE('',#13817,(#13821,#13828),.PCURVE_S1.);
#13817 = LINE('',#13818,#13819);
#13818 = CARTESIAN_POINT('',(0.15,-3.673940397442E-17,-1.E-02));
#13819 = VECTOR('',#13820,1.);
#13820 = DIRECTION('',(0.,0.,1.));
#13821 = PCURVE('',#13789,#13822);
#13822 = DEFINITIONAL_REPRESENTATION('',(#13823),#13827);
#13823 = LINE('',#13824,#13825);
#13824 = CARTESIAN_POINT('',(6.28318530718,-0.));
#13825 = VECTOR('',#13826,1.);
#13826 = DIRECTION('',(0.,1.));
#13827 = ( GEOMETRIC_REPRESENTATION_CONTEXT(2) 
PARAMETRIC_REPRESENTATION_CONTEXT() REPRESENTATION_CONTEXT('2D SPACE',''
  ) );
#13828 = PCURVE('',#13789,#13829);
#13829 = DEFINITIONAL_REPRESENTATION('',(#13830),#13834);
#13830 = LINE('',#13831,#13832);
#13831 = CARTESIAN_POINT('',(0.,-0.));
#13832 = VECTOR('',#13833,1.);
#13833 = DIRECTION('',(0.,1.));
#13834 = ( GEOMETRIC_REPRESENTATION_CONTEXT(2) 
PARAMETRIC_REPRESENTATION_CONTEXT() REPRESENTATION_CONTEXT('2D SPACE',''
  ) );
#13835 = ORIENTED_EDGE('',*,*,#13836,.T.);
#13836 = EDGE_CURVE('',#13814,#13814,#13837,.T.);
#13837 = SURFACE_CURVE('',#13838,(#13843,#13850),.PCURVE_S1.);
#13838 = CIRCLE('',#13839,0.15);
#13839 = AXIS2_PLACEMENT_3D('',#13840,#13841,#13842);
#13840 = CARTESIAN_POINT('',(0.,0.,-1.E-02));
#13841 = DIRECTION('',(0.,0.,1.));
#13842 = DIRECTION('',(1.,0.,-0.));
#13843 = PCURVE('',#13789,#13844);
#13844 = DEFINITIONAL_REPRESENTATION('',(#13845),#13849);
#13845 = LINE('',#13846,#13847);
#13846 = CARTESIAN_POINT('',(0.,0.));
#13847 = VECTOR('',#13848,1.);
#13848 = DIRECTION('',(1.,0.));
#13849 = ( GEOMETRIC_REPRESENTATION_CONTEXT(2) 
PARAMETRIC_REPRESENTATION_CONTEXT() REPRESENTATION_CONTEXT('2D SPACE',''
  ) );
#13850 = PCURVE('',#13851,#13856);
#13851 = PLANE('',#13852);
#13852 = AXIS2_PLACEMENT_3D('',#13853,#13854,#13855);
#13853 = CARTESIAN_POINT('',(0.,0.,-1.E-02));
#13854 = DIRECTION('',(0.,0.,1.));
#13855 = DIRECTION('',(1.,0.,-0.));
#13856 = DEFINITIONAL_REPRESENTATION('',(#13857),#13861);
#13857 = CIRCLE('',#13858,0.15);
#13858 = AXIS2_PLACEMENT_2D('',#13859,#13860);
#13859 = CARTESIAN_POINT('',(0.,0.));
#13860 = DIRECTION('',(1.,0.));
#13861 = ( GEOMETRIC_REPRESENTATION_CONTEXT(2) 
PARAMETRIC_REPRESENTATION_CONTEXT() REPRESENTATION_CONTEXT('2D SPACE',''
  ) );
#13862 = ORIENTED_EDGE('',*,*,#13813,.T.);
#13863 = ADVANCED_FACE('',(#13864),#13801,.T.);
#13864 = FACE_BOUND('',#13865,.T.);
#13865 = EDGE_LOOP('',(#13866));
#13866 = ORIENTED_EDGE('',*,*,#13779,.T.);
#13867 = ADVANCED_FACE('',(#13868),#13851,.F.);
#13868 = FACE_BOUND('',#13869,.T.);
#13869 = EDGE_LOOP('',(#13870));
#13870 = ORIENTED_EDGE('',*,*,#13836,.F.);
#13871 = ( GEOMETRIC_REPRESENTATION_CONTEXT(3) 
GLOBAL_UNCERTAINTY_ASSIGNED_CONTEXT((#13875)) 
GLOBAL_UNIT_ASSIGNED_CONTEXT((#13872,#13873,#13874)) 
REPRESENTATION_CONTEXT('Context #1',
  '3D Context with UNIT and UNCERTAINTY') );
#13872 = ( LENGTH_UNIT() NAMED_UNIT(*) SI_UNIT(.MILLI.,.METRE.) );
#13873 = ( NAMED_UNIT(*) PLANE_ANGLE_UNIT() SI_UNIT($,.RADIAN.) );
#13874 = ( NAMED_UNIT(*) SI_UNIT($,.STERADIAN.) SOLID_ANGLE_UNIT() );
#13875 = UNCERTAINTY_MEASURE_WITH_UNIT(LENGTH_MEASURE(1.E-07),#13872,
  'distance_accuracy_value','confusion accuracy');
#13876 = CONTEXT_DEPENDENT_SHAPE_REPRESENTATION(#13877,#13879);
#13877 = ( REPRESENTATION_RELATIONSHIP('','',#13772,#10) 
REPRESENTATION_RELATIONSHIP_WITH_TRANSFORMATION(#13878) 
SHAPE_REPRESENTATION_RELATIONSHIP() );
#13878 = ITEM_DEFINED_TRANSFORMATION('','',#11,#23);
#13879 = PRODUCT_DEFINITION_SHAPE('Placement','Placement of an item',
  #13880);
#13880 = NEXT_ASSEMBLY_USAGE_OCCURRENCE('3','pin1','',#5,#13767,$);
#13881 = PRODUCT_RELATED_PRODUCT_CATEGORY('part',$,(#13769));
#13882 = SHAPE_DEFINITION_REPRESENTATION(#6813,#13883);
#13883 = SHAPE_REPRESENTATION('',(#15),#6805);
#13884 = SHAPE_DEFINITION_REPRESENTATION(#13762,#13885);
#13885 = SHAPE_REPRESENTATION('',(#19),#13754);
#13886 = SHAPE_DEFINITION_REPRESENTATION(#13879,#13887);
#13887 = SHAPE_REPRESENTATION('',(#23),#13871);
#13888 = SHAPE_DEFINITION_REPRESENTATION(#6813,#13889);
#13889 = SHAPE_REPRESENTATION('',(#15),#6805);
#13890 = SHAPE_DEFINITION_REPRESENTATION(#13762,#13891);
#13891 = SHAPE_REPRESENTATION('',(#19),#13754);
#13892 = SHAPE_DEFINITION_REPRESENTATION(#13879,#13893);
#13893 = SHAPE_REPRESENTATION('',(#23),#13871);
#13894 = MECHANICAL_DESIGN_GEOMETRIC_PRESENTATION_REPRESENTATION('',(
    #13895,#13905,#13914,#13923,#13932,#13941,#13950,#13959,#13968,
    #13977,#13986,#13995,#14004,#14013,#14022,#14031,#14040,#14049,
    #14058,#14067,#14076),#13754);
#13895 = STYLED_ITEM('color',(#13896),#6824);
#13896 = PRESENTATION_STYLE_ASSIGNMENT((#13897,#13903));
#13897 = SURFACE_STYLE_USAGE(.BOTH.,#13898);
#13898 = SURFACE_SIDE_STYLE('',(#13899));
#13899 = SURFACE_STYLE_FILL_AREA(#13900);
#13900 = FILL_AREA_STYLE('',(#13901));
#13901 = FILL_AREA_STYLE_COLOUR('',#13902);
#13902 = COLOUR_RGB('',0.819999987296,0.819999987296,0.78000000177);
#13903 = CURVE_STYLE('',#13904,POSITIVE_LENGTH_MEASURE(0.1),#13902);
#13904 = DRAUGHTING_PRE_DEFINED_CURVE_FONT('continuous');
#13905 = STYLED_ITEM('color',(#13906),#7154);
#13906 = PRESENTATION_STYLE_ASSIGNMENT((#13907,#13912));
#13907 = SURFACE_STYLE_USAGE(.BOTH.,#13908);
#13908 = SURFACE_SIDE_STYLE('',(#13909));
#13909 = SURFACE_STYLE_FILL_AREA(#13910);
#13910 = FILL_AREA_STYLE('',(#13911));
#13911 = FILL_AREA_STYLE_COLOUR('',#13902);
#13912 = CURVE_STYLE('',#13913,POSITIVE_LENGTH_MEASURE(0.1),#13902);
#13913 = DRAUGHTING_PRE_DEFINED_CURVE_FONT('continuous');
#13914 = STYLED_ITEM('color',(#13915),#7484);
#13915 = PRESENTATION_STYLE_ASSIGNMENT((#13916,#13921));
#13916 = SURFACE_STYLE_USAGE(.BOTH.,#13917);
#13917 = SURFACE_SIDE_STYLE('',(#13918));
#13918 = SURFACE_STYLE_FILL_AREA(#13919);
#13919 = FILL_AREA_STYLE('',(#13920));
#13920 = FILL_AREA_STYLE_COLOUR('',#13902);
#13921 = CURVE_STYLE('',#13922,POSITIVE_LENGTH_MEASURE(0.1),#13902);
#13922 = DRAUGHTING_PRE_DEFINED_CURVE_FONT('continuous');
#13923 = STYLED_ITEM('color',(#13924),#7814);
#13924 = PRESENTATION_STYLE_ASSIGNMENT((#13925,#13930));
#13925 = SURFACE_STYLE_USAGE(.BOTH.,#13926);
#13926 = SURFACE_SIDE_STYLE('',(#13927));
#13927 = SURFACE_STYLE_FILL_AREA(#13928);
#13928 = FILL_AREA_STYLE('',(#13929));
#13929 = FILL_AREA_STYLE_COLOUR('',#13902);
#13930 = CURVE_STYLE('',#13931,POSITIVE_LENGTH_MEASURE(0.1),#13902);
#13931 = DRAUGHTING_PRE_DEFINED_CURVE_FONT('continuous');
#13932 = STYLED_ITEM('color',(#13933),#8144);
#13933 = PRESENTATION_STYLE_ASSIGNMENT((#13934,#13939));
#13934 = SURFACE_STYLE_USAGE(.BOTH.,#13935);
#13935 = SURFACE_SIDE_STYLE('',(#13936));
#13936 = SURFACE_STYLE_FILL_AREA(#13937);
#13937 = FILL_AREA_STYLE('',(#13938));
#13938 = FILL_AREA_STYLE_COLOUR('',#13902);
#13939 = CURVE_STYLE('',#13940,POSITIVE_LENGTH_MEASURE(0.1),#13902);
#13940 = DRAUGHTING_PRE_DEFINED_CURVE_FONT('continuous');
#13941 = STYLED_ITEM('color',(#13942),#8474);
#13942 = PRESENTATION_STYLE_ASSIGNMENT((#13943,#13948));
#13943 = SURFACE_STYLE_USAGE(.BOTH.,#13944);
#13944 = SURFACE_SIDE_STYLE('',(#13945));
#13945 = SURFACE_STYLE_FILL_AREA(#13946);
#13946 = FILL_AREA_STYLE('',(#13947));
#13947 = FILL_AREA_STYLE_COLOUR('',#13902);
#13948 = CURVE_STYLE('',#13949,POSITIVE_LENGTH_MEASURE(0.1),#13902);
#13949 = DRAUGHTING_PRE_DEFINED_CURVE_FONT('continuous');
#13950 = STYLED_ITEM('color',(#13951),#8804);
#13951 = PRESENTATION_STYLE_ASSIGNMENT((#13952,#13957));
#13952 = SURFACE_STYLE_USAGE(.BOTH.,#13953);
#13953 = SURFACE_SIDE_STYLE('',(#13954));
#13954 = SURFACE_STYLE_FILL_AREA(#13955);
#13955 = FILL_AREA_STYLE('',(#13956));
#13956 = FILL_AREA_STYLE_COLOUR('',#13902);
#13957 = CURVE_STYLE('',#13958,POSITIVE_LENGTH_MEASURE(0.1),#13902);
#13958 = DRAUGHTING_PRE_DEFINED_CURVE_FONT('continuous');
#13959 = STYLED_ITEM('color',(#13960),#9134);
#13960 = PRESENTATION_STYLE_ASSIGNMENT((#13961,#13966));
#13961 = SURFACE_STYLE_USAGE(.BOTH.,#13962);
#13962 = SURFACE_SIDE_STYLE('',(#13963));
#13963 = SURFACE_STYLE_FILL_AREA(#13964);
#13964 = FILL_AREA_STYLE('',(#13965));
#13965 = FILL_AREA_STYLE_COLOUR('',#13902);
#13966 = CURVE_STYLE('',#13967,POSITIVE_LENGTH_MEASURE(0.1),#13902);
#13967 = DRAUGHTING_PRE_DEFINED_CURVE_FONT('continuous');
#13968 = STYLED_ITEM('color',(#13969),#9464);
#13969 = PRESENTATION_STYLE_ASSIGNMENT((#13970,#13975));
#13970 = SURFACE_STYLE_USAGE(.BOTH.,#13971);
#13971 = SURFACE_SIDE_STYLE('',(#13972));
#13972 = SURFACE_STYLE_FILL_AREA(#13973);
#13973 = FILL_AREA_STYLE('',(#13974));
#13974 = FILL_AREA_STYLE_COLOUR('',#13902);
#13975 = CURVE_STYLE('',#13976,POSITIVE_LENGTH_MEASURE(0.1),#13902);
#13976 = DRAUGHTING_PRE_DEFINED_CURVE_FONT('continuous');
#13977 = STYLED_ITEM('color',(#13978),#9794);
#13978 = PRESENTATION_STYLE_ASSIGNMENT((#13979,#13984));
#13979 = SURFACE_STYLE_USAGE(.BOTH.,#13980);
#13980 = SURFACE_SIDE_STYLE('',(#13981));
#13981 = SURFACE_STYLE_FILL_AREA(#13982);
#13982 = FILL_AREA_STYLE('',(#13983));
#13983 = FILL_AREA_STYLE_COLOUR('',#13902);
#13984 = CURVE_STYLE('',#13985,POSITIVE_LENGTH_MEASURE(0.1),#13902);
#13985 = DRAUGHTING_PRE_DEFINED_CURVE_FONT('continuous');
#13986 = STYLED_ITEM('color',(#13987),#10124);
#13987 = PRESENTATION_STYLE_ASSIGNMENT((#13988,#13993));
#13988 = SURFACE_STYLE_USAGE(.BOTH.,#13989);
#13989 = SURFACE_SIDE_STYLE('',(#13990));
#13990 = SURFACE_STYLE_FILL_AREA(#13991);
#13991 = FILL_AREA_STYLE('',(#13992));
#13992 = FILL_AREA_STYLE_COLOUR('',#13902);
#13993 = CURVE_STYLE('',#13994,POSITIVE_LENGTH_MEASURE(0.1),#13902);
#13994 = DRAUGHTING_PRE_DEFINED_CURVE_FONT('continuous');
#13995 = STYLED_ITEM('color',(#13996),#10454);
#13996 = PRESENTATION_STYLE_ASSIGNMENT((#13997,#14002));
#13997 = SURFACE_STYLE_USAGE(.BOTH.,#13998);
#13998 = SURFACE_SIDE_STYLE('',(#13999));
#13999 = SURFACE_STYLE_FILL_AREA(#14000);
#14000 = FILL_AREA_STYLE('',(#14001));
#14001 = FILL_AREA_STYLE_COLOUR('',#13902);
#14002 = CURVE_STYLE('',#14003,POSITIVE_LENGTH_MEASURE(0.1),#13902);
#14003 = DRAUGHTING_PRE_DEFINED_CURVE_FONT('continuous');
#14004 = STYLED_ITEM('color',(#14005),#10784);
#14005 = PRESENTATION_STYLE_ASSIGNMENT((#14006,#14011));
#14006 = SURFACE_STYLE_USAGE(.BOTH.,#14007);
#14007 = SURFACE_SIDE_STYLE('',(#14008));
#14008 = SURFACE_STYLE_FILL_AREA(#14009);
#14009 = FILL_AREA_STYLE('',(#14010));
#14010 = FILL_AREA_STYLE_COLOUR('',#13902);
#14011 = CURVE_STYLE('',#14012,POSITIVE_LENGTH_MEASURE(0.1),#13902);
#14012 = DRAUGHTING_PRE_DEFINED_CURVE_FONT('continuous');
#14013 = STYLED_ITEM('color',(#14014),#11114);
#14014 = PRESENTATION_STYLE_ASSIGNMENT((#14015,#14020));
#14015 = SURFACE_STYLE_USAGE(.BOTH.,#14016);
#14016 = SURFACE_SIDE_STYLE('',(#14017));
#14017 = SURFACE_STYLE_FILL_AREA(#14018);
#14018 = FILL_AREA_STYLE('',(#14019));
#14019 = FILL_AREA_STYLE_COLOUR('',#13902);
#14020 = CURVE_STYLE('',#14021,POSITIVE_LENGTH_MEASURE(0.1),#13902);
#14021 = DRAUGHTING_PRE_DEFINED_CURVE_FONT('continuous');
#14022 = STYLED_ITEM('color',(#14023),#11444);
#14023 = PRESENTATION_STYLE_ASSIGNMENT((#14024,#14029));
#14024 = SURFACE_STYLE_USAGE(.BOTH.,#14025);
#14025 = SURFACE_SIDE_STYLE('',(#14026));
#14026 = SURFACE_STYLE_FILL_AREA(#14027);
#14027 = FILL_AREA_STYLE('',(#14028));
#14028 = FILL_AREA_STYLE_COLOUR('',#13902);
#14029 = CURVE_STYLE('',#14030,POSITIVE_LENGTH_MEASURE(0.1),#13902);
#14030 = DRAUGHTING_PRE_DEFINED_CURVE_FONT('continuous');
#14031 = STYLED_ITEM('color',(#14032),#11774);
#14032 = PRESENTATION_STYLE_ASSIGNMENT((#14033,#14038));
#14033 = SURFACE_STYLE_USAGE(.BOTH.,#14034);
#14034 = SURFACE_SIDE_STYLE('',(#14035));
#14035 = SURFACE_STYLE_FILL_AREA(#14036);
#14036 = FILL_AREA_STYLE('',(#14037));
#14037 = FILL_AREA_STYLE_COLOUR('',#13902);
#14038 = CURVE_STYLE('',#14039,POSITIVE_LENGTH_MEASURE(0.1),#13902);
#14039 = DRAUGHTING_PRE_DEFINED_CURVE_FONT('continuous');
#14040 = STYLED_ITEM('color',(#14041),#12104);
#14041 = PRESENTATION_STYLE_ASSIGNMENT((#14042,#14047));
#14042 = SURFACE_STYLE_USAGE(.BOTH.,#14043);
#14043 = SURFACE_SIDE_STYLE('',(#14044));
#14044 = SURFACE_STYLE_FILL_AREA(#14045);
#14045 = FILL_AREA_STYLE('',(#14046));
#14046 = FILL_AREA_STYLE_COLOUR('',#13902);
#14047 = CURVE_STYLE('',#14048,POSITIVE_LENGTH_MEASURE(0.1),#13902);
#14048 = DRAUGHTING_PRE_DEFINED_CURVE_FONT('continuous');
#14049 = STYLED_ITEM('color',(#14050),#12434);
#14050 = PRESENTATION_STYLE_ASSIGNMENT((#14051,#14056));
#14051 = SURFACE_STYLE_USAGE(.BOTH.,#14052);
#14052 = SURFACE_SIDE_STYLE('',(#14053));
#14053 = SURFACE_STYLE_FILL_AREA(#14054);
#14054 = FILL_AREA_STYLE('',(#14055));
#14055 = FILL_AREA_STYLE_COLOUR('',#13902);
#14056 = CURVE_STYLE('',#14057,POSITIVE_LENGTH_MEASURE(0.1),#13902);
#14057 = DRAUGHTING_PRE_DEFINED_CURVE_FONT('continuous');
#14058 = STYLED_ITEM('color',(#14059),#12764);
#14059 = PRESENTATION_STYLE_ASSIGNMENT((#14060,#14065));
#14060 = SURFACE_STYLE_USAGE(.BOTH.,#14061);
#14061 = SURFACE_SIDE_STYLE('',(#14062));
#14062 = SURFACE_STYLE_FILL_AREA(#14063);
#14063 = FILL_AREA_STYLE('',(#14064));
#14064 = FILL_AREA_STYLE_COLOUR('',#13902);
#14065 = CURVE_STYLE('',#14066,POSITIVE_LENGTH_MEASURE(0.1),#13902);
#14066 = DRAUGHTING_PRE_DEFINED_CURVE_FONT('continuous');
#14067 = STYLED_ITEM('color',(#14068),#13094);
#14068 = PRESENTATION_STYLE_ASSIGNMENT((#14069,#14074));
#14069 = SURFACE_STYLE_USAGE(.BOTH.,#14070);
#14070 = SURFACE_SIDE_STYLE('',(#14071));
#14071 = SURFACE_STYLE_FILL_AREA(#14072);
#14072 = FILL_AREA_STYLE('',(#14073));
#14073 = FILL_AREA_STYLE_COLOUR('',#13902);
#14074 = CURVE_STYLE('',#14075,POSITIVE_LENGTH_MEASURE(0.1),#13902);
#14075 = DRAUGHTING_PRE_DEFINED_CURVE_FONT('continuous');
#14076 = STYLED_ITEM('color',(#14077),#13424);
#14077 = PRESENTATION_STYLE_ASSIGNMENT((#14078,#14083));
#14078 = SURFACE_STYLE_USAGE(.BOTH.,#14079);
#14079 = SURFACE_SIDE_STYLE('',(#14080));
#14080 = SURFACE_STYLE_FILL_AREA(#14081);
#14081 = FILL_AREA_STYLE('',(#14082));
#14082 = FILL_AREA_STYLE_COLOUR('',#13902);
#14083 = CURVE_STYLE('',#14084,POSITIVE_LENGTH_MEASURE(0.1),#13902);
#14084 = DRAUGHTING_PRE_DEFINED_CURVE_FONT('continuous');
#14085 = MECHANICAL_DESIGN_GEOMETRIC_PRESENTATION_REPRESENTATION('',(
    #14086,#14096),#6805);
#14086 = STYLED_ITEM('color',(#14087),#41);
#14087 = PRESENTATION_STYLE_ASSIGNMENT((#14088,#14094));
#14088 = SURFACE_STYLE_USAGE(.BOTH.,#14089);
#14089 = SURFACE_SIDE_STYLE('',(#14090));
#14090 = SURFACE_STYLE_FILL_AREA(#14091);
#14091 = FILL_AREA_STYLE('',(#14092));
#14092 = FILL_AREA_STYLE_COLOUR('',#14093);
#14093 = COLOUR_RGB('',0.149999997808,0.149999997808,0.149999997808);
#14094 = CURVE_STYLE('',#14095,POSITIVE_LENGTH_MEASURE(0.1),#14093);
#14095 = DRAUGHTING_PRE_DEFINED_CURVE_FONT('continuous');
#14096 = OVER_RIDING_STYLED_ITEM('overriding color',(#14097),#41,#14086
  );
#14097 = PRESENTATION_STYLE_BY_CONTEXT((#14098,#14104),#13889);
#14098 = SURFACE_STYLE_USAGE(.BOTH.,#14099);
#14099 = SURFACE_SIDE_STYLE('',(#14100));
#14100 = SURFACE_STYLE_FILL_AREA(#14101);
#14101 = FILL_AREA_STYLE('',(#14102));
#14102 = FILL_AREA_STYLE_COLOUR('',#14103);
#14103 = COLOUR_RGB('',0.149999997808,0.149999997808,0.149999997808);
#14104 = CURVE_STYLE('',#14105,POSITIVE_LENGTH_MEASURE(0.1),#14103);
#14105 = DRAUGHTING_PRE_DEFINED_CURVE_FONT('continuous');
#14106 = MECHANICAL_DESIGN_GEOMETRIC_PRESENTATION_REPRESENTATION('',(
    #14107),#13871);
#14107 = STYLED_ITEM('color',(#14108),#13773);
#14108 = PRESENTATION_STYLE_ASSIGNMENT((#14109,#14115));
#14109 = SURFACE_STYLE_USAGE(.BOTH.,#14110);
#14110 = SURFACE_SIDE_STYLE('',(#14111));
#14111 = SURFACE_STYLE_FILL_AREA(#14112);
#14112 = FILL_AREA_STYLE('',(#14113));
#14113 = FILL_AREA_STYLE_COLOUR('',#14114);
#14114 = COLOUR_RGB('',0.899999998185,0.899999998185,0.899999998185);
#14115 = CURVE_STYLE('',#14116,POSITIVE_LENGTH_MEASURE(0.1),#14114);
#14116 = DRAUGHTING_PRE_DEFINED_CURVE_FONT('continuous');
ENDSEC;
END-ISO-10303-21;
